package com.skyisland.render.ui;

/**
 * 简体中文点阵字模（12×12，1 bit/像素）。
 *
 * <p>本文件由 {@code tools/fontgen/GenCjkFont.java} <b>自动生成，请勿手工编辑</b>。
 * <p>源字体：Microsoft YaHei 12px（Microsoft YaHei 1667 / Segoe UI Symbol 9）；生成日期：2026-10-08；字形数：1676。
 * <p>字符集来自扫描 {@code src/main/java} 与 {@code src/test/java} 下全部 {@code .java} 文件得到的
 * 非 ASCII 字符全集 —— {@code <b>新增中文文案后必须重新运行生成器</b>}，
 * 否则新字会渲染成空白（{@link #has(char)} 为 false 时不回落 {@code '?'}，
 * 这是有意的：空白比错字更容易被发现）。
 *
 * <p><b>编码：</b>列优先，每列 {@value #BYTES_PER_COL} 个字节，
 * {@code bit i = 该列第 (band*8 + i) 行}；与 {@link BitmapFont} 的约定一致，
 * 因此 {@code pixel = ((data[col*BYTES_PER_COL + (row>>3)] & 0xFF) >> (row & 7)) & 1}。
 */
public final class CjkFont {

    public static final int COLS = 12;
    public static final int ROWS = 12;
    public static final int BYTES_PER_COL = 2;
    public static final int GLYPH_SPACING = 1;
    public static final int ADVANCE = COLS + GLYPH_SPACING;

    /** 生成时的字体与字号（仅供报告/日志引用）。 */
    private static final String SOURCE_FONT = "Microsoft YaHei 12px（Microsoft YaHei 1667 / Segoe UI Symbol 9）";

    /** 已烘焙字形个数。 */
    private static final int GLYPH_COUNT = 1676;

    /** 已烘焙字符集，升序、去重。二分查找依赖这个顺序，不能重排。 */
    private static final String CHARSET =
            "§°±²³·×÷ΔΣπ–—“”…′⁵⁻←→↔⇒⇔∈−√∞∥≈≠≤≥⊆①②③④⑤⑥"
            +             "⑦⑧⑨─▶★✓⟷⟺、。《》「」『』【】一丁七万三上下不与丑专且世丘业东丝丢两严个"
            +             "中丰串临丸为主举久么义之乎乐乘九也习书买乱了争事二于亏互五井亚些亡交亦产享亮人亿"
            +             "什仅今介仍从仓他付代令以仪们仰仲件价任份仿伏优会传伤伪估伴伸似但位低住体何余作你"
            +             "佳使侈例供依侥侧侵便促保信俩修俯個倍倒候借债值倾假偏做停健偶偷偿储催像僵儿兀允元"
            +             "兄充先光克免兑兜入全八公六共关兵其具典兼内册再冒冗写农冠冲决况冶冷冻净准减凑几凡"
            +             "凭凸出击函凿刀刁分切划列则刚创初删判利别到制刷刹刺刻削前剔剥剧剩剪副力办功加务劣"
            +             "动助努励劳势勤勿匀包匕化北匣匹区十千升午半协单卖南占卡卫印危即却卸厂厅历压厌厘厚"
            +             "原去参又叉及双反发取受变叠口句另只叫可台史右叶号吃各合同名后吐向吗吞否吧含听启吵"
            +             "吸吻呆呈告员呢周味呼命和咔咬品哈响哒哨哪唤唯商啪喂善喷喻嗡嗯器噪四回因团囤困围固"
            +             "图圆圈土在地场圾址均坏坐坑块坠坦坨垂垃型垒垫埋域基堆堵塌塑塔塞填境墙增墨壁壮声壳"
            +             "处备复夏外多夜够大天太夫央失头夸夹夺奇奏契套奢好如妙妥始姓委姿威嫌子字存孤学孪宁"
            +             "它守安完定宜宝实审客宣室害家容宽宿寂密富寞察寸对寻导寿封射将小少尔尖尚尝尤就尸尺"
            +             "尽尾局层居届屋屏屑展属屿岔岛岩岭峙峰崖崩嵌工左巧巨差己已巴布希带帧席常幂幅幕干平"
            +             "年并幸幽床序库应底废度座康廉廊廓延建开异弃弄式引弟张弦弧弱弹强归当录形彩影彻彼往"
            +             "征径待很律徒得御循微心必忆忌忍志忘快念忽怀态怎怕思急性怪总恒恢息恰恶悄悉患悬情惑"
            +             "惕惩惯惰想意感愿慢懂懒戏成我或战戛截戳户所扁扇手才扎扑打扔托扛扣执扩扫扬扯扰扳批"
            +             "找承技抄把抑抓投抖抗折抛抢护报抬抵抹抽担拆拉拍拎拐拒拖拙拟拢拥拦拨择括拳拷拼拾拿"
            +             "持挂指按挑挖挡挤挥挨挪振捏捕损捡换据捷授掉掌掏掐排掘掠探接控推掩措掺描提插握揪援"
            +             "搜搞搬搭携摆摊摔摘摧摸撑撒撕撞撤播操擎擦攒攥支收改攻放故效敏救教敛敢散数敲整文斑"
            +             "斗料斜斥断新方施旁旋族无既日旦旧早时旷明昏易星映昨是昼显晃晚普景晰晶智暂暖暗暴曝"
            +             "曲曳更曾替最月有服望朝期木未末本术朴朵机杀杂权杆材束杠条来松板极构析林枚果枪枯架"
            +             "柄某染查柱栅标栈栏树校株样核根格栽桃框案桌档桥桩桶梯械检棍棒森棱棵植楚楼概榄槛槽"
            +             "模横橄橙橡欠次欧欺款歇歌止正此步武歧歪死殊残段毁母每比毕毛毫氏民气氛水永求汇汉池"
            +             "污汰沉沙没治沿泄泊法泛泡波泥注泳泻洁洞活洽派流浅测浪浮消涉涨淆淘淡深混添清渐渗渡"
            +             "渣温渲游溃溅源溢溯滑滚滞满滤漂漏演漫潜激灌火灭灯灰灵炭炮炸点炼烁烂烈烘烤烦烧热焊"
            +             "焙焦焰然煤照熄熔熟爆爬爱父片版牌物牲牵特牺犄犯状狂狗独猛猜献率玩环现玻珀球理琥瑕"
            +             "璃瓶甚生用甩田由甲电画畅界留略畸疏疑疫疯疲疵病症痕瘦癖登白百的皮盆益盏盐监盒盖盘"
            +             "目盯盲直相盾省看真眼着睛瞄瞒瞬瞻矛矢知矩短矮石矿码砌砍砖破础硬确碍碎碑碰磁示禁离"
            +             "私秃种科秒积称移稀程稍稳稿穴究穷空穿突窄窗窜立竖站竟章竭端笔符笨第笼等筑筒答策筛"
            +             "签简算管箭箱篇簇米类粒粗粘粮粹精糊糙糟系素索紧累繁纠红约级纪纯纲纳纵纸纹线练组细"
            +             "终经绑结绕绘给络绝统继绪续绰维综绽绿缀缓编缘缝缠缩缺网罚罩置署美翻老考者而耗耦耳"
            +             "职联聚肉肌肢肩胀背胎胖胜胞胡胶能脆脉脏脑脖脚脱脸腰腾腿膛膨臂自至致舍舒舞航良色节"
            +             "芯花苗若英范草荐荒药荷莫获菜落著蒙蓝蔓蔽薄藏虑虚虽蚀蜂螺血行衔衡补表衬衰袋被裁裂"
            +             "装裕裙裸褐西要覆见观规视览觉角解触言警计订认讨让训议记讲讳许论设访证评识诉诊词译"
            +             "试诚话询该详语误说请诺读课谁调谈谎谐谓谬谱豁象贝负贡责败账货质贯贴贵费资赋赖走赶"
            +             "起趁超越趋趟趣足趴跃跌跑距跟跨路跳践踏踢踩踪蹲身躯躺车轨转轮软轴轻载较辅辑输辞辨"
            +             "边达迁迅过迈运近返还这进远违连迟迫迭述迹追退送适逃逆选透逐递途逗通速造逻逼遇遍道"
            +             "遗遮遵避那邻部都配醒采释里重野量金鉴针钉钟钢钩钮钱钳钻铁铆铜铺链销锁锈锋错锚锥锦"
            +             "锭键锯镂镜长门闪闭问闲间闷闸闹阅阈阔队阱防阳阴阵阶阻附际陈降限除险陷隆随隐隔隙障"
            +             "隧难雅集雪零雾需霰露霸青静非靠面革靶音页顶项顺须顾顿预领颈频颗题颜额颠风飘飞食饥"
            +             "饰饱饿馅馈首马驱驻验骗骤髋高魔鸣麦麻黄黎黑默鼓鼠齐齿！（）＋，／：；？～";

    /** 每个字形的字节数。 */
    private static final int BYTES_PER_GLYPH = COLS * BYTES_PER_COL;

    /**
     * 点阵数据：1676 × BYTES_PER_GLYPH 个字节值（0..255），列优先，
     * 字形顺序与 {@link #CHARSET} 一一对应。
     *
     * <p>用 {@code int[]} 而不是 {@code byte[]} 纯粹是为了可校对性：
     * byte 字面量超过 0x7F 就得写成 {@code (byte)0x8E} 或负数，三万多元素挤在一起没法看。
     * 取值口径不变 —— 每个元素就是一个 8 位字节，读取时 {@code & 0xFF} 只看低 8 位。
     */
    private static final int[] DATA = new int[GLYPH_COUNT * BYTES_PER_GLYPH];

    static {
        fillGlyphs0();
        fillGlyphs1();
        fillGlyphs2();
        fillGlyphs3();
        fillGlyphs4();
        fillGlyphs5();
        fillGlyphs6();
    }

    // 第 0..255 个字形的点阵（分块的原因见 DATA 的注释）。
    private static void fillGlyphs0() {
        int[] part = {
            0x00,0x00,0x00,0x00,0x00,0x00,0x00,0x00,0x7C,0x02,0x5A,0x02,0xD2,0x03,0x62,0x01,0x00,0x00,0x00,0x00,0x00,0x00,0x00,0x00,   // U+00A7 §
            0x00,0x00,0x00,0x00,0x00,0x00,0x00,0x00,0x60,0x00,0x90,0x00,0x90,0x00,0x60,0x00,0x00,0x00,0x00,0x00,0x00,0x00,0x00,0x00,   // U+00B0 °
            0x00,0x00,0x00,0x00,0x10,0x01,0x10,0x01,0x10,0x01,0x7C,0x01,0x10,0x01,0x10,0x01,0x10,0x01,0x00,0x00,0x00,0x00,0x00,0x00,   // U+00B1 ±
            0x00,0x00,0x00,0x00,0x00,0x00,0x00,0x00,0x88,0x00,0xE8,0x00,0xB8,0x00,0x00,0x00,0x00,0x00,0x00,0x00,0x00,0x00,0x00,0x00,   // U+00B2 ²
            0x00,0x00,0x00,0x00,0x00,0x00,0x00,0x00,0x88,0x00,0xA8,0x00,0xA8,0x00,0x58,0x00,0x00,0x00,0x00,0x00,0x00,0x00,0x00,0x00,   // U+00B3 ³
            0x00,0x00,0x00,0x00,0x00,0x00,0x00,0x00,0x00,0x00,0x20,0x00,0x20,0x00,0x00,0x00,0x00,0x00,0x00,0x00,0x00,0x00,0x00,0x00,   // U+00B7 ·
            0x00,0x00,0x00,0x00,0x00,0x00,0x08,0x01,0xD0,0x00,0x60,0x00,0xB0,0x00,0x08,0x01,0x00,0x00,0x00,0x00,0x00,0x00,0x00,0x00,   // U+00D7 ×
            0x00,0x00,0x00,0x00,0x00,0x00,0x20,0x00,0x20,0x00,0xA8,0x00,0x20,0x00,0x20,0x00,0x00,0x00,0x00,0x00,0x00,0x00,0x00,0x00,   // U+00F7 ÷
            0x00,0x00,0x00,0x00,0x00,0x03,0xE0,0x03,0x3C,0x02,0x06,0x02,0x0C,0x02,0x30,0x02,0xC0,0x03,0x00,0x03,0x00,0x00,0x00,0x00,   // U+0394 Δ
            0x00,0x00,0x00,0x00,0x00,0x00,0x02,0x02,0x8E,0x03,0xFA,0x02,0x22,0x02,0x02,0x02,0x02,0x02,0x00,0x00,0x00,0x00,0x00,0x00,   // U+03A3 Σ
            0x00,0x00,0x00,0x00,0x08,0x00,0x08,0x00,0xF8,0x01,0x08,0x00,0x08,0x00,0xF8,0x01,0x08,0x01,0x00,0x00,0x00,0x00,0x00,0x00,   // U+03C0 π
            0x00,0x00,0x00,0x00,0x00,0x00,0x20,0x00,0x20,0x00,0x20,0x00,0x20,0x00,0x20,0x00,0x20,0x00,0x00,0x00,0x00,0x00,0x00,0x00,   // U+2013 –
            0x20,0x00,0x20,0x00,0x20,0x00,0x20,0x00,0x20,0x00,0x20,0x00,0x20,0x00,0x20,0x00,0x20,0x00,0x20,0x00,0x20,0x00,0x20,0x00,   // U+2014 —
            0x00,0x00,0x00,0x00,0x00,0x00,0x00,0x00,0x60,0x00,0x10,0x00,0x60,0x00,0x10,0x00,0x00,0x00,0x00,0x00,0x00,0x00,0x00,0x00,   // U+201C “
            0x00,0x00,0x00,0x00,0x00,0x00,0x00,0x00,0x60,0x00,0x10,0x00,0x60,0x00,0x10,0x00,0x00,0x00,0x00,0x00,0x00,0x00,0x00,0x00,   // U+201D ”
            0x00,0x00,0x20,0x00,0x20,0x00,0x00,0x00,0x20,0x00,0x20,0x00,0x00,0x00,0x00,0x00,0x20,0x00,0x20,0x00,0x00,0x00,0x00,0x00,   // U+2026 …
            0x00,0x00,0x00,0x00,0x00,0x00,0x00,0x00,0x00,0x00,0x60,0x00,0x10,0x00,0x00,0x00,0x00,0x00,0x00,0x00,0x00,0x00,0x00,0x00,   // U+2032 ′
            0x00,0x00,0x00,0x00,0x00,0x00,0x00,0x00,0xB8,0x00,0xA8,0x00,0x68,0x00,0x00,0x00,0x00,0x00,0x00,0x00,0x00,0x00,0x00,0x00,   // U+2075 ⁵
            0x00,0x00,0x00,0x00,0x00,0x00,0x00,0x00,0x20,0x00,0x20,0x00,0x20,0x00,0x00,0x00,0x00,0x00,0x00,0x00,0x00,0x00,0x00,0x00,   // U+207B ⁻
            0x20,0x00,0x70,0x00,0xA8,0x00,0x20,0x00,0x20,0x00,0x20,0x00,0x20,0x00,0x20,0x00,0x20,0x00,0x20,0x00,0x20,0x00,0x20,0x00,   // U+2190 ←
            0x20,0x00,0x20,0x00,0x20,0x00,0x20,0x00,0x20,0x00,0x20,0x00,0x20,0x00,0x20,0x00,0x20,0x00,0xA8,0x00,0x70,0x00,0x20,0x00,   // U+2192 →
            0x00,0x00,0x00,0x00,0x20,0x00,0x70,0x00,0x20,0x00,0x20,0x00,0x20,0x00,0x20,0x00,0x20,0x00,0x30,0x00,0x00,0x00,0x00,0x00,   // U+2194 ↔
            0x00,0x00,0x00,0x00,0x10,0x00,0x50,0x00,0x50,0x00,0x50,0x00,0x50,0x00,0x50,0x00,0xD8,0x00,0x70,0x00,0x00,0x00,0x00,0x00,   // U+21D2 ⇒
            0x00,0x00,0x00,0x00,0x20,0x00,0x50,0x00,0x50,0x00,0x50,0x00,0x50,0x00,0x50,0x00,0x50,0x00,0x20,0x00,0x00,0x00,0x00,0x00,   // U+21D4 ⇔
            0x00,0x00,0x00,0x00,0xF0,0x00,0x48,0x01,0x44,0x02,0x44,0x02,0x44,0x02,0x44,0x02,0x44,0x02,0x44,0x02,0x00,0x00,0x00,0x00,   // U+2208 ∈
            0x00,0x00,0x00,0x00,0x00,0x00,0x20,0x00,0x20,0x00,0x20,0x00,0x20,0x00,0x20,0x00,0x20,0x00,0x00,0x00,0x00,0x00,0x00,0x00,   // U+2212 −
            0x00,0x00,0x00,0x00,0x00,0x00,0x20,0x00,0x60,0x00,0x80,0x03,0x00,0x06,0xF0,0x00,0x06,0x00,0x00,0x00,0x00,0x00,0x00,0x00,   // U+221A √
            0x00,0x00,0x70,0x00,0x88,0x00,0x88,0x00,0x88,0x00,0x70,0x00,0x70,0x00,0x88,0x00,0x88,0x00,0x88,0x00,0x70,0x00,0x00,0x00,   // U+221E ∞
            0x00,0x00,0x00,0x00,0x00,0x00,0x00,0x00,0xFC,0x03,0x00,0x00,0x00,0x00,0xFC,0x03,0x00,0x00,0x00,0x00,0x00,0x00,0x00,0x00,   // U+2225 ∥
            0x00,0x00,0x00,0x00,0x90,0x00,0x48,0x00,0x48,0x00,0x48,0x00,0x90,0x00,0x90,0x00,0x48,0x00,0x00,0x00,0x00,0x00,0x00,0x00,   // U+2248 ≈
            0x00,0x00,0x00,0x00,0x90,0x00,0x90,0x02,0x90,0x01,0xF0,0x00,0x98,0x00,0x94,0x00,0x90,0x00,0x00,0x00,0x00,0x00,0x00,0x00,   // U+2260 ≠
            0x00,0x00,0x00,0x00,0x00,0x00,0x10,0x01,0x30,0x01,0x28,0x01,0x28,0x01,0x40,0x01,0x44,0x01,0x00,0x00,0x00,0x00,0x00,0x00,   // U+2264 ≤
            0x00,0x00,0x00,0x00,0x00,0x00,0x44,0x01,0x40,0x01,0x28,0x01,0x28,0x01,0x30,0x01,0x10,0x01,0x00,0x00,0x00,0x00,0x00,0x00,   // U+2265 ≥
            0x00,0x00,0x00,0x00,0x00,0x00,0x10,0x00,0x44,0x01,0x44,0x01,0x00,0x01,0x00,0x01,0x00,0x01,0x00,0x00,0x00,0x00,0x00,0x00,   // U+2286 ⊆
            0x78,0x00,0x84,0x01,0x02,0x02,0x00,0x02,0x01,0x05,0x05,0x05,0xFD,0x05,0x01,0x05,0x00,0x02,0x02,0x02,0x84,0x01,0x78,0x00,   // U+2460 ①
            0x78,0x00,0x84,0x01,0x02,0x02,0x00,0x02,0x01,0x05,0x85,0x05,0x65,0x05,0x19,0x05,0x00,0x02,0x02,0x02,0x84,0x01,0x78,0x00,   // U+2461 ②
            0x78,0x00,0x84,0x01,0x02,0x02,0x04,0x03,0x25,0x05,0x25,0x05,0xD9,0x04,0x01,0x04,0x00,0x02,0x02,0x02,0x84,0x01,0x78,0x00,   // U+2462 ③
            0x78,0x00,0x84,0x01,0x02,0x02,0x00,0x02,0x61,0x04,0x51,0x04,0x49,0x04,0xFD,0x05,0x40,0x02,0x02,0x02,0x84,0x01,0x78,0x00,   // U+2463 ④
            0x78,0x00,0x84,0x01,0x02,0x02,0x00,0x02,0x3D,0x05,0x25,0x05,0x25,0x05,0xC5,0x04,0x00,0x02,0x02,0x02,0x84,0x01,0x78,0x00,   // U+2464 ⑤
            0x78,0x00,0x84,0x01,0x02,0x02,0x00,0x02,0xF1,0x04,0x2D,0x05,0x25,0x05,0xC5,0x04,0x00,0x02,0x02,0x02,0x84,0x01,0x78,0x00,   // U+2465 ⑥
            0x78,0x00,0x84,0x01,0x02,0x02,0x04,0x02,0x05,0x05,0x45,0x04,0x15,0x04,0x05,0x04,0x00,0x02,0x02,0x02,0x84,0x01,0x78,0x00,   // U+2466 ⑦
            0x78,0x00,0x84,0x01,0x02,0x02,0x00,0x02,0xD9,0x04,0x25,0x05,0x25,0x05,0xD9,0x04,0x00,0x02,0x02,0x02,0x84,0x01,0x78,0x00,   // U+2467 ⑧
            0x78,0x00,0x84,0x01,0x02,0x02,0x00,0x02,0x39,0x05,0x45,0x05,0x45,0x05,0x79,0x04,0x00,0x02,0x02,0x02,0x84,0x01,0x78,0x00,   // U+2468 ⑨
            0x00,0x00,0x20,0x00,0x20,0x00,0x20,0x00,0x20,0x00,0x20,0x00,0x20,0x00,0x20,0x00,0x20,0x00,0x20,0x00,0x00,0x00,0x00,0x00,   // U+2500 ─
            0x00,0x00,0x00,0x00,0xFE,0x07,0xFC,0x03,0xFC,0x01,0xF8,0x01,0xF0,0x00,0x70,0x00,0x60,0x00,0x20,0x00,0x00,0x00,0x00,0x00,   // U+25B6 ▶
            0x00,0x00,0x10,0x00,0x10,0x00,0x30,0x03,0xF0,0x01,0xFC,0x00,0xFC,0x00,0xF0,0x01,0x30,0x03,0x10,0x00,0x10,0x00,0x00,0x00,   // U+2605 ★
            0x00,0x00,0x00,0x00,0x80,0x00,0x00,0x01,0x00,0x03,0xC0,0x00,0x30,0x00,0x08,0x00,0x06,0x00,0x00,0x00,0x00,0x00,0x00,0x00,   // U+2713 ✓
            0x60,0x00,0x00,0x00,0x00,0x00,0x00,0x00,0x00,0x00,0x00,0x00,0x00,0x00,0x00,0x00,0x00,0x00,0x00,0x00,0x00,0x00,0x60,0x00,   // U+27F7 ⟷
            0x60,0x00,0xB0,0x00,0x20,0x00,0x20,0x00,0x20,0x00,0x20,0x00,0x20,0x00,0x20,0x00,0x20,0x00,0x20,0x00,0xB0,0x00,0x60,0x00,   // U+27FA ⟺
            0x00,0x00,0x00,0x00,0x00,0x00,0x00,0x00,0x20,0x00,0x00,0x00,0x40,0x00,0x00,0x00,0x00,0x00,0x00,0x00,0x00,0x00,0x00,0x00,   // U+3001 、
            0x00,0x00,0x00,0x00,0x00,0x00,0x00,0x00,0x30,0x00,0x50,0x00,0x30,0x00,0x00,0x00,0x00,0x00,0x00,0x00,0x00,0x00,0x00,0x00,   // U+3002 。
            0x00,0x00,0x00,0x00,0x00,0x00,0x70,0x00,0x8C,0x01,0x73,0x06,0x8C,0x01,0x03,0x06,0x00,0x00,0x00,0x00,0x00,0x00,0x00,0x00,   // U+300A 《
            0x00,0x00,0x00,0x00,0x00,0x00,0x03,0x06,0x8C,0x01,0x73,0x06,0x8C,0x01,0x70,0x00,0x00,0x00,0x00,0x00,0x00,0x00,0x00,0x00,   // U+300B 》
            0x00,0x00,0x00,0x00,0x00,0x00,0x00,0x00,0xFF,0x0F,0x01,0x00,0x01,0x00,0x00,0x00,0x00,0x00,0x00,0x00,0x00,0x00,0x00,0x00,   // U+300C 「
            0x00,0x00,0x00,0x00,0x00,0x00,0x00,0x00,0x00,0x08,0x00,0x08,0xFF,0x0F,0x00,0x00,0x00,0x00,0x00,0x00,0x00,0x00,0x00,0x00,   // U+300D 」
            0x00,0x00,0x00,0x00,0x00,0x00,0x00,0x00,0xFF,0x0F,0xFF,0x0F,0x03,0x00,0x03,0x00,0x00,0x00,0x00,0x00,0x00,0x00,0x00,0x00,   // U+300E 『
            0x00,0x00,0x00,0x00,0x00,0x00,0x00,0x00,0x00,0x0C,0x00,0x0C,0xFF,0x0F,0xFF,0x0F,0x00,0x00,0x00,0x00,0x00,0x00,0x00,0x00,   // U+300F 』
            0x00,0x00,0x00,0x00,0x00,0x00,0x00,0x00,0xFF,0x07,0x07,0x07,0x01,0x06,0x00,0x00,0x00,0x00,0x00,0x00,0x00,0x00,0x00,0x00,   // U+3010 【
            0x00,0x00,0x00,0x00,0x00,0x00,0x00,0x00,0x00,0x04,0x01,0x06,0x07,0x07,0xFF,0x07,0x00,0x00,0x00,0x00,0x00,0x00,0x00,0x00,   // U+3011 】
            0x20,0x00,0x20,0x00,0x20,0x00,0x20,0x00,0x20,0x00,0x20,0x00,0x20,0x00,0x20,0x00,0x20,0x00,0x20,0x00,0x20,0x00,0x20,0x00,   // U+4E00 一
            0x01,0x00,0x01,0x00,0x01,0x00,0x01,0x04,0x01,0x04,0x01,0x04,0xFF,0x07,0x01,0x00,0x01,0x00,0x01,0x00,0x01,0x00,0x01,0x00,   // U+4E01 丁
            0x10,0x00,0x10,0x00,0x10,0x00,0x10,0x00,0xFF,0x03,0x08,0x04,0x08,0x04,0x08,0x04,0x08,0x04,0x08,0x04,0x08,0x06,0x88,0x03,   // U+4E03 七
            0x01,0x04,0x01,0x02,0x01,0x03,0xC1,0x00,0x3F,0x00,0x11,0x04,0x11,0x04,0x11,0x04,0x11,0x06,0xF1,0x03,0x01,0x00,0x00,0x00,   // U+4E07 万
            0x00,0x04,0x21,0x04,0x21,0x04,0x21,0x04,0x21,0x04,0x21,0x04,0x21,0x04,0x21,0x04,0x21,0x04,0x21,0x04,0x21,0x04,0x00,0x04,   // U+4E09 三
            0x00,0x08,0x00,0x08,0x00,0x08,0x00,0x08,0x00,0x08,0xFF,0x0F,0x20,0x08,0x20,0x08,0x20,0x08,0x20,0x08,0x20,0x08,0x00,0x08,   // U+4E0A 上
            0x01,0x00,0x01,0x00,0x01,0x00,0x01,0x00,0x01,0x00,0xFF,0x07,0x11,0x00,0x31,0x00,0x21,0x00,0x41,0x00,0x81,0x00,0x01,0x00,   // U+4E0B 下
            0x01,0x01,0x81,0x00,0x41,0x00,0x21,0x00,0x11,0x00,0xFD,0x07,0x03,0x00,0x11,0x00,0x21,0x00,0x21,0x00,0x41,0x00,0x81,0x00,   // U+4E0D 不
            0x80,0x00,0x80,0x00,0xBF,0x00,0xA4,0x00,0xA4,0x00,0xA4,0x04,0xA4,0x04,0xA4,0x04,0xA4,0x04,0x24,0x04,0xE4,0x03,0x04,0x00,   // U+4E0E 与
            0x00,0x04,0x21,0x04,0x21,0x04,0xE1,0x07,0x3F,0x04,0x21,0x04,0x21,0x04,0x21,0x04,0xFF,0x07,0x01,0x04,0x00,0x04,0x00,0x00,   // U+4E11 丑
            0x00,0x00,0x10,0x00,0x14,0x00,0x74,0x01,0x5C,0x01,0x57,0x02,0x54,0x02,0x54,0x06,0x54,0x05,0x54,0x00,0x10,0x00,0x00,0x00,   // U+4E13 专
            0x00,0x04,0x00,0x04,0xFF,0x07,0x49,0x04,0x49,0x04,0x49,0x04,0x49,0x04,0x49,0x04,0x49,0x04,0xFF,0x07,0x00,0x04,0x00,0x04,   // U+4E14 且
            0x08,0x00,0x08,0x00,0xFE,0x07,0x08,0x04,0x08,0x04,0xFF,0x05,0x88,0x04,0x88,0x04,0x88,0x04,0xFF,0x05,0x08,0x04,0x08,0x04,   // U+4E16 世
            0x00,0x04,0x00,0x04,0xFE,0x07,0x22,0x04,0x22,0x04,0x22,0x04,0x20,0x04,0xE1,0x07,0x21,0x04,0x21,0x04,0x00,0x04,0x00,0x00,   // U+4E18 丘
            0x00,0x04,0x0C,0x04,0x78,0x04,0xC0,0x04,0xFF,0x07,0x00,0x04,0x00,0x04,0xFF,0x07,0xC0,0x04,0x70,0x04,0x0C,0x04,0x00,0x00,   // U+4E1A 业
            0x04,0x04,0x64,0x02,0x5C,0x01,0xC6,0x04,0x45,0x04,0x44,0x04,0xFC,0x07,0x44,0x00,0xC4,0x00,0x44,0x01,0x44,0x01,0x04,0x02,   // U+4E1C 东
            0x10,0x04,0x58,0x04,0x56,0x04,0xD1,0x04,0x80,0x04,0x04,0x04,0x50,0x04,0x7E,0x04,0x53,0x04,0xC8,0x04,0x84,0x04,0x80,0x04,   // U+4E1D 丝
            0x20,0x00,0x2A,0x04,0x2A,0x06,0x2A,0x05,0xAA,0x04,0x6A,0x04,0x3E,0x04,0x29,0x04,0x29,0x05,0x29,0x07,0x29,0x04,0x20,0x00,   // U+4E22 丢
            0x01,0x00,0xFD,0x07,0x05,0x01,0xC5,0x00,0x3F,0x00,0x45,0x01,0xC5,0x00,0x3F,0x00,0x45,0x04,0x85,0x04,0xFD,0x07,0x01,0x00,   // U+4E24 两
            0x01,0x06,0xF3,0x01,0x13,0x00,0x11,0x00,0x1F,0x00,0x11,0x00,0x11,0x00,0x1F,0x00,0x11,0x00,0x13,0x00,0x13,0x00,0x11,0x00,   // U+4E25 严
            0x20,0x00,0x10,0x00,0x18,0x00,0x0C,0x00,0x06,0x00,0xF3,0x07,0x02,0x00,0x0C,0x00,0x18,0x00,0x10,0x00,0x20,0x00,0x00,0x00,   // U+4E2A 个
            0x00,0x00,0xF8,0x00,0x88,0x00,0x88,0x00,0x88,0x00,0x88,0x00,0xFF,0x0F,0x88,0x00,0x88,0x00,0x88,0x00,0xF8,0x00,0x00,0x00,   // U+4E2D 中
            0x04,0x01,0x24,0x01,0x24,0x01,0x24,0x01,0x24,0x01,0x24,0x01,0xFF,0x07,0x24,0x01,0x24,0x01,0x24,0x01,0x24,0x01,0x04,0x01,   // U+4E30 丰
            0x00,0x00,0xE0,0x01,0xAE,0x00,0xAA,0x00,0xAA,0x00,0xFF,0x07,0xAA,0x00,0xAA,0x00,0xAA,0x00,0xAE,0x00,0xE0,0x01,0x00,0x00,   // U+4E32 串
            0xFE,0x03,0x00,0x00,0xFF,0x07,0x18,0x00,0xEE,0x07,0x27,0x02,0x2C,0x02,0xE4,0x03,0x34,0x02,0xE4,0x07,0x04,0x00,0x00,0x00,   // U+4E34 临
            0x00,0x04,0x14,0x02,0x24,0x03,0xE4,0x00,0x7F,0x00,0x04,0x00,0x84,0x00,0x04,0x00,0xFC,0x07,0x00,0x04,0x00,0x04,0x80,0x03,   // U+4E38 丸
            0x00,0x00,0x08,0x04,0x09,0x02,0x0A,0x03,0xC8,0x00,0x3F,0x00,0x08,0x04,0x68,0x04,0xC8,0x04,0x08,0x04,0xF8,0x03,0x00,0x00,   // U+4E3A 为
            0x04,0x04,0x44,0x04,0x44,0x04,0x44,0x04,0x44,0x04,0x45,0x04,0xFE,0x07,0x44,0x04,0x44,0x04,0x44,0x04,0x44,0x04,0x00,0x04,   // U+4E3B 主
            0x00,0x00,0x44,0x00,0x24,0x01,0x16,0x01,0x2C,0x01,0x25,0x01,0xFE,0x07,0x2C,0x01,0x34,0x01,0x25,0x01,0x44,0x00,0x00,0x00,   // U+4E3E 举
            0x00,0x04,0x20,0x04,0x18,0x02,0x0E,0x01,0x87,0x01,0xC4,0x00,0x74,0x00,0x8C,0x01,0x00,0x02,0x00,0x06,0x00,0x04,0x00,0x00,   // U+4E45 久
            0x40,0x00,0x20,0x04,0x10,0x06,0x08,0x05,0x86,0x04,0x41,0x02,0x30,0x02,0x18,0x02,0x44,0x02,0x80,0x03,0x00,0x06,0x00,0x00,   // U+4E48 么
            0x00,0x04,0x00,0x04,0x06,0x00,0x18,0x02,0x60,0x02,0x81,0x01,0x86,0x01,0x40,0x03,0x38,0x02,0x06,0x02,0x00,0x04,0x00,0x04,   // U+4E49 义
            0x00,0x04,0x04,0x02,0x04,0x03,0x84,0x03,0x84,0x04,0x45,0x04,0x66,0x04,0x24,0x04,0x14,0x04,0x0C,0x04,0x04,0x04,0x00,0x04,   // U+4E4B 之
            0x42,0x00,0x4A,0x00,0x5A,0x00,0x52,0x04,0x42,0x04,0xFE,0x07,0x41,0x00,0x51,0x00,0x59,0x00,0x49,0x00,0x40,0x00,0x00,0x00,   // U+4E4E 乎
            0x00,0x02,0x3E,0x01,0x22,0x01,0xA2,0x04,0x22,0x04,0x22,0x04,0xFC,0x07,0x21,0x00,0xA1,0x00,0x21,0x01,0x20,0x01,0x00,0x02,   // U+4E50 乐
            0x28,0x04,0xAA,0x04,0xAA,0x02,0xFA,0x02,0x0A,0x01,0xCA,0x00,0xFE,0x07,0x88,0x00,0xF9,0x01,0xA9,0x02,0xA9,0x04,0x18,0x04,   // U+4E58 乘
            0x04,0x04,0x04,0x02,0x04,0x03,0xC4,0x01,0x3F,0x00,0x04,0x00,0x04,0x00,0x04,0x00,0xFC,0x07,0x00,0x04,0x00,0x04,0x80,0x03,   // U+4E5D 九
            0x10,0x00,0x10,0x00,0xFE,0x03,0x08,0x04,0x08,0x04,0x08,0x04,0xFF,0x05,0x00,0x04,0x84,0x04,0x84,0x04,0x7C,0x04,0x80,0x03,   // U+4E5F 也
            0x00,0x00,0x01,0x01,0x85,0x01,0x85,0x00,0x81,0x00,0x49,0x00,0x49,0x04,0x41,0x04,0x21,0x04,0x01,0x04,0xFF,0x03,0x00,0x00,   // U+4E60 习
            0x00,0x00,0x20,0x00,0x24,0x00,0x24,0x00,0x24,0x00,0xFF,0x07,0x24,0x00,0x24,0x02,0x24,0x02,0x3D,0x02,0xE2,0x01,0x00,0x00,   // U+4E66 书
            0x21,0x04,0x29,0x04,0x33,0x02,0x25,0x02,0x29,0x01,0xE1,0x00,0x7F,0x00,0xA1,0x00,0x21,0x01,0x25,0x02,0x23,0x04,0x00,0x00,   // U+4E70 买
            0x0A,0x00,0xCA,0x07,0x4A,0x02,0x7E,0x02,0x49,0x02,0xC9,0x07,0x09,0x00,0x00,0x00,0xFF,0x07,0x00,0x04,0x00,0x04,0x80,0x03,   // U+4E71 乱
            0x00,0x00,0x01,0x00,0x01,0x00,0x01,0x04,0x01,0x04,0x01,0x04,0xF1,0x03,0x09,0x00,0x05,0x00,0x03,0x00,0x03,0x00,0x00,0x00,   // U+4E86 了
            0x28,0x00,0xAC,0x00,0xAE,0x04,0xAB,0x04,0xAA,0x04,0xFA,0x03,0xAA,0x00,0xAE,0x00,0xAA,0x00,0xF8,0x00,0x20,0x00,0x20,0x00,   // U+4E89 争
            0x82,0x00,0xA2,0x02,0xBA,0x02,0xAA,0x0A,0xAA,0x0A,0xAA,0x0A,0xFF,0x07,0xAA,0x02,0xAA,0x02,0xAA,0x02,0xFA,0x03,0x82,0x00,   // U+4E8B 事
            0x00,0x02,0x04,0x02,0x04,0x02,0x04,0x02,0x04,0x02,0x04,0x02,0x04,0x02,0x04,0x02,0x04,0x02,0x04,0x02,0x04,0x02,0x00,0x02,   // U+4E8C 二
            0x10,0x00,0x11,0x00,0x11,0x00,0x11,0x04,0x11,0x04,0x11,0x04,0xFF,0x07,0x11,0x00,0x11,0x00,0x11,0x00,0x11,0x00,0x10,0x00,   // U+4E8E 于
            0x08,0x00,0x09,0x00,0x69,0x00,0x59,0x00,0x49,0x00,0x49,0x04,0x49,0x04,0x49,0x04,0x49,0x04,0xC9,0x03,0x09,0x00,0x08,0x00,   // U+4E8F 亏
            0x00,0x00,0x01,0x04,0xE1,0x04,0x8F,0x04,0x89,0x04,0x89,0x04,0x89,0x04,0x89,0x04,0xF9,0x07,0x01,0x04,0x01,0x04,0x00,0x00,   // U+4E92 互
            0x01,0x04,0x11,0x04,0x11,0x04,0xF1,0x07,0x1F,0x04,0x11,0x04,0x11,0x04,0x11,0x04,0x11,0x04,0xF1,0x07,0x01,0x04,0x00,0x04,   // U+4E94 五
            0x88,0x00,0x88,0x08,0x88,0x04,0xFF,0x03,0x88,0x00,0x88,0x00,0x88,0x00,0x88,0x00,0xFF,0x0F,0x88,0x00,0x88,0x00,0x88,0x00,   // U+4E95 井
            0x00,0x04,0x0D,0x04,0x79,0x04,0xC1,0x04,0xFF,0x07,0x01,0x04,0x01,0x04,0xFF,0x07,0xC1,0x04,0x71,0x04,0x0D,0x04,0x00,0x04,   // U+4E9A 亚
            0x40,0x04,0x7E,0x04,0x40,0x05,0x3F,0x05,0x24,0x05,0x24,0x05,0x20,0x05,0x3F,0x05,0x48,0x05,0x44,0x05,0x42,0x04,0x30,0x04,   // U+4E9B 些
            0x04,0x00,0x04,0x00,0xFC,0x07,0x04,0x04,0x04,0x04,0x05,0x04,0x06,0x04,0x04,0x04,0x04,0x04,0x04,0x04,0x04,0x04,0x04,0x00,   // U+4EA1 亡
            0x44,0x04,0x44,0x04,0x24,0x00,0x24,0x02,0xC4,0x02,0x85,0x01,0x86,0x01,0xE4,0x02,0x64,0x02,0x44,0x04,0x44,0x04,0x04,0x04,   // U+4EA4 交
            0x84,0x00,0x64,0x04,0x14,0x02,0x84,0x01,0x7C,0x00,0x05,0x04,0x06,0x04,0xFC,0x07,0x04,0x00,0x14,0x00,0x64,0x00,0x84,0x00,   // U+4EA6 亦
            0x02,0x06,0xF2,0x01,0x12,0x00,0x16,0x00,0x12,0x00,0x12,0x00,0x12,0x00,0x1A,0x00,0x16,0x00,0x12,0x00,0x12,0x00,0x12,0x00,   // U+4EA7 产
            0x02,0x02,0x82,0x02,0xBA,0x02,0xAA,0x0A,0xAA,0x0A,0xAB,0x0A,0xAA,0x0F,0xAA,0x02,0xAA,0x02,0xBA,0x02,0x02,0x02,0x02,0x02,   // U+4EAB 享
            0x62,0x04,0x22,0x04,0x2E,0x02,0xAA,0x01,0xAB,0x00,0xAA,0x00,0xAA,0x00,0xAA,0x07,0x2E,0x04,0x62,0x04,0x02,0x02,0x00,0x00,   // U+4EAE 亮
            0x00,0x04,0x00,0x02,0x00,0x03,0xC0,0x00,0x70,0x00,0x1F,0x00,0x60,0x00,0x80,0x01,0x00,0x03,0x00,0x06,0x00,0x04,0x00,0x00,   // U+4EBA 人
            0x60,0x00,0x30,0x00,0xFE,0x07,0x03,0x00,0x00,0x03,0x82,0x05,0x42,0x04,0x22,0x04,0x1A,0x04,0x0E,0x04,0x06,0x04,0x80,0x03,   // U+4EBF 亿
            0x60,0x00,0x30,0x00,0xFE,0x07,0x03,0x00,0x10,0x00,0x10,0x00,0x10,0x00,0xFF,0x07,0x10,0x00,0x10,0x00,0x10,0x00,0x10,0x00,   // U+4EC0 什
            0x30,0x00,0x18,0x00,0xFE,0x07,0x03,0x00,0x02,0x04,0x0E,0x06,0x72,0x02,0xC2,0x01,0xC2,0x01,0x72,0x02,0x0E,0x06,0x00,0x04,   // U+4EC5 仅
            0x20,0x00,0x90,0x00,0x90,0x00,0x88,0x00,0x84,0x00,0x92,0x00,0xA1,0x04,0x82,0x02,0x8C,0x01,0x90,0x00,0x10,0x00,0x20,0x00,   // U+4ECA 今
            0x20,0x00,0x10,0x04,0x18,0x02,0xEC,0x01,0x06,0x00,0x03,0x00,0x02,0x00,0xEC,0x07,0x10,0x00,0x10,0x00,0x20,0x00,0x00,0x00,   // U+4ECB 介
            0x30,0x00,0x18,0x00,0xFE,0x07,0x01,0x06,0x81,0x03,0xFF,0x00,0x01,0x00,0x01,0x04,0x1D,0x04,0x13,0x04,0xF0,0x03,0x00,0x00,   // U+4ECD 仍
            0x00,0x04,0x80,0x03,0x7F,0x00,0x20,0x04,0x40,0x02,0xC0,0x01,0x3F,0x00,0xE0,0x00,0x00,0x01,0x00,0x02,0x00,0x04,0x00,0x00,   // U+4ECE 从
            0x10,0x00,0x10,0x00,0xE8,0x07,0x24,0x04,0x24,0x04,0x22,0x05,0x21,0x05,0x22,0x05,0xE4,0x04,0x08,0x04,0x00,0x03,0x10,0x00,   // U+4ED3 仓
            0x30,0x00,0x18,0x00,0xFE,0x07,0x03,0x00,0x10,0x00,0xFE,0x03,0x08,0x04,0xFF,0x05,0x40,0x04,0x44,0x04,0x3C,0x04,0x00,0x03,   // U+4ED6 他
            0x60,0x00,0x30,0x00,0xFE,0x07,0x03,0x00,0x28,0x00,0x48,0x00,0x88,0x00,0x08,0x04,0x08,0x04,0xFF,0x07,0x08,0x00,0x08,0x00,   // U+4ED8 付
            0x60,0x00,0x38,0x00,0xFE,0x07,0x03,0x00,0x10,0x00,0x10,0x00,0x3F,0x00,0xD8,0x01,0x09,0x03,0x0A,0x04,0x0C,0x04,0x08,0x03,   // U+4EE3 代
            0x10,0x00,0x50,0x00,0x48,0x00,0x44,0x00,0x44,0x02,0x4A,0x02,0x51,0x06,0x42,0x05,0xC4,0x00,0x48,0x00,0x00,0x00,0x10,0x00,   // U+4EE4 令
            0x00,0x02,0xFF,0x03,0x00,0x01,0x00,0x01,0x81,0x04,0x06,0x04,0x08,0x02,0x00,0x01,0xC0,0x00,0xBF,0x01,0x00,0x02,0x00,0x04,   // U+4EE5 以
            0x60,0x00,0x30,0x00,0xFE,0x07,0x03,0x04,0x0E,0x04,0x38,0x02,0x41,0x01,0x82,0x01,0x44,0x01,0x38,0x02,0x0E,0x04,0x00,0x04,   // U+4EEA 仪
            0x60,0x00,0x30,0x00,0xFC,0x07,0x03,0x00,0xF8,0x07,0x01,0x00,0x02,0x00,0x00,0x04,0x02,0x04,0x02,0x04,0xFE,0x03,0x00,0x00,   // U+4EEC 们
            0x00,0x00,0x10,0x00,0xFC,0x07,0x01,0x00,0xFF,0x03,0x01,0x02,0x01,0x01,0xFE,0x07,0x02,0x02,0x02,0x02,0xFE,0x01,0x00,0x00,   // U+4EF0 仰
            0x60,0x00,0x30,0x00,0xFE,0x07,0x01,0x00,0xFC,0x01,0x84,0x00,0x84,0x00,0xFF,0x07,0x84,0x00,0x84,0x00,0xFC,0x01,0x00,0x00,   // U+4EF2 仲
            0x60,0x00,0x30,0x00,0xFE,0x07,0x03,0x00,0xA0,0x00,0x9C,0x00,0x8E,0x00,0x88,0x00,0xFF,0x07,0x88,0x00,0x88,0x00,0x88,0x00,   // U+4EF6 件
            0x60,0x00,0x10,0x00,0xFE,0x07,0x03,0x00,0x10,0x04,0x08,0x02,0xEC,0x01,0x06,0x00,0x03,0x00,0xE6,0x07,0x08,0x00,0x10,0x00,   // U+4EF7 价
            0x60,0x00,0x38,0x00,0xFE,0x07,0x03,0x00,0x22,0x04,0x22,0x04,0x22,0x04,0xFE,0x07,0x21,0x04,0x21,0x04,0x21,0x04,0x00,0x00,   // U+4EFB 任
            0x10,0x00,0xFC,0x07,0x0B,0x04,0x24,0x02,0x22,0x03,0xE1,0x04,0x20,0x04,0x23,0x04,0xE6,0x03,0x08,0x00,0x10,0x00,0x00,0x00,   // U+4EFD 份
            0x60,0x00,0x30,0x00,0xFE,0x07,0x03,0x00,0x04,0x04,0x04,0x03,0xFC,0x00,0x25,0x04,0x26,0x04,0x24,0x04,0xE4,0x03,0x04,0x00,   // U+4EFF 仿
            0xC0,0x00,0x70,0x00,0xFE,0x0F,0x03,0x08,0x20,0x04,0x20,0x06,0x20,0x01,0xFF,0x00,0x20,0x01,0x26,0x06,0x2C,0x04,0x20,0x08,   // U+4F0F 伏
            0x30,0x00,0x18,0x00,0xFE,0x07,0x03,0x04,0x08,0x02,0xC8,0x01,0x3F,0x00,0x08,0x00,0xF9,0x07,0x08,0x04,0x0A,0x04,0x88,0x03,   // U+4F18 优
            0x10,0x00,0x40,0x04,0x48,0x06,0x54,0x05,0xD2,0x04,0x51,0x04,0x52,0x04,0x54,0x01,0x48,0x02,0x58,0x04,0x10,0x00,0x00,0x00,   // U+4F1A 会
            0x60,0x00,0x10,0x00,0xFE,0x07,0x01,0x00,0x14,0x00,0x74,0x01,0x5C,0x00,0x57,0x02,0x54,0x03,0xD4,0x05,0x54,0x00,0x14,0x00,   // U+4F20 传
            0x30,0x00,0x08,0x00,0xFE,0x07,0x05,0x04,0x14,0x02,0x92,0x01,0x7B,0x00,0x12,0x04,0x12,0x04,0x12,0x04,0xF2,0x03,0x02,0x00,   // U+4F24 伤
            0x60,0x00,0x30,0x00,0xFE,0x07,0x03,0x04,0x0A,0x02,0xCC,0x01,0x3F,0x00,0x28,0x04,0x88,0x04,0x08,0x04,0xF8,0x03,0x00,0x00,   // U+4F2A 伪
            0x30,0x00,0x18,0x00,0xFE,0x07,0x01,0x00,0xE4,0x07,0x24,0x02,0x24,0x02,0x3F,0x02,0x24,0x02,0x24,0x02,0xE4,0x07,0x04,0x00,   // U+4F30 估
            0x60,0x00,0x30,0x00,0xFE,0x07,0x03,0x00,0x92,0x00,0x94,0x00,0x90,0x00,0xFF,0x07,0x90,0x00,0x94,0x00,0x92,0x00,0x00,0x00,   // U+4F34 伴
            0x00,0x00,0x10,0x00,0xFC,0x07,0x03,0x00,0xFC,0x00,0x94,0x00,0x94,0x00,0xFF,0x07,0x94,0x00,0x94,0x00,0xFC,0x01,0x00,0x00,   // U+4F38 伸
            0x20,0x00,0xFC,0x07,0x01,0x00,0xFE,0x03,0x00,0x01,0x81,0x04,0xC2,0x02,0x04,0x03,0xC0,0x01,0x3F,0x03,0x00,0x04,0x00,0x00,   // U+4F3C 似
            0x60,0x00,0x30,0x00,0xFE,0x07,0x03,0x00,0x00,0x04,0xFE,0x05,0x92,0x04,0x92,0x04,0x92,0x04,0x92,0x04,0xFE,0x05,0x00,0x04,   // U+4F46 但
            0x60,0x00,0x30,0x00,0xFE,0x03,0x03,0x00,0x04,0x04,0x74,0x04,0xC4,0x05,0x05,0x04,0x06,0x07,0xE4,0x04,0x34,0x04,0x04,0x04,   // U+4F4D 位
            0x30,0x00,0x18,0x00,0xFE,0x07,0x03,0x00,0x00,0x00,0xFE,0x07,0x22,0x02,0x22,0x03,0xFE,0x04,0x23,0x03,0x21,0x04,0x21,0x07,   // U+4F4E 低
            0x60,0x00,0x30,0x00,0xFE,0x07,0x03,0x00,0x04,0x04,0x44,0x04,0x44,0x04,0x45,0x04,0xFE,0x07,0x44,0x04,0x44,0x04,0x04,0x04,   // U+4F4F 住
            0x60,0x00,0x30,0x00,0xFE,0x07,0x03,0x02,0x84,0x01,0x64,0x01,0x1C,0x01,0xFF,0x07,0x1C,0x01,0x44,0x01,0x04,0x01,0x04,0x02,   // U+4F53 体
            0x30,0x00,0x18,0x00,0xFE,0x07,0x01,0x00,0xF9,0x01,0x89,0x00,0x89,0x00,0x89,0x04,0xF9,0x04,0x01,0x04,0xFF,0x03,0x01,0x00,   // U+4F55 何
            0x50,0x04,0x40,0x02,0x48,0x01,0xC8,0x04,0x4A,0x04,0xF9,0x07,0x48,0x00,0xC8,0x00,0x4C,0x01,0x48,0x02,0x48,0x04,0x00,0x00,   // U+4F59 余
            0x60,0x00,0x10,0x00,0xFE,0x07,0x03,0x00,0x18,0x00,0x0E,0x00,0x07,0x00,0xFC,0x07,0x24,0x01,0x24,0x01,0x24,0x01,0x24,0x01,   // U+4F5C 作
            0x60,0x00,0x30,0x00,0xFE,0x07,0x03,0x00,0x98,0x01,0xCE,0x04,0x07,0x04,0xF4,0x07,0x04,0x00,0x44,0x00,0x94,0x00,0x0C,0x01,   // U+4F60 你
            0x30,0x00,0x18,0x00,0xFE,0x07,0x01,0x00,0x92,0x04,0x92,0x04,0x92,0x04,0xDF,0x07,0x92,0x04,0x92,0x04,0x92,0x04,0x90,0x04,   // U+4F73 佳
            0x10,0x00,0xFC,0x07,0x03,0x00,0xBA,0x04,0x2A,0x05,0x2A,0x03,0xFF,0x03,0x2A,0x02,0x2A,0x04,0x7A,0x04,0x02,0x04,0x00,0x00,   // U+4F7F 使
            0x30,0x00,0x18,0x00,0xFE,0x07,0x01,0x00,0x28,0x05,0x24,0x04,0x96,0x01,0x5F,0x03,0x6A,0x01,0xC6,0x01,0xC2,0x00,0x00,0x00,   // U+4F88 侈
            0x60,0x00,0x30,0x00,0xFE,0x07,0x41,0x00,0x32,0x04,0x4E,0x02,0xCA,0x01,0x3A,0x00,0x02,0x00,0xFC,0x04,0x00,0x04,0xFF,0x07,   // U+4F8B 例
            0x30,0x00,0x18,0x00,0xFE,0x07,0x03,0x00,0x44,0x04,0x44,0x02,0x7F,0x01,0x44,0x00,0x44,0x01,0x7F,0x01,0x44,0x02,0x44,0x04,   // U+4F9B 供
            0x20,0x00,0xFC,0x07,0x03,0x01,0x84,0x00,0xE4,0x07,0x1D,0x04,0x3E,0x02,0xC4,0x00,0x24,0x03,0x24,0x02,0x14,0x04,0x00,0x00,   // U+4F9D 依
            0x10,0x00,0xFC,0x07,0x03,0x04,0xA4,0x04,0xA7,0x02,0x9E,0x01,0x98,0x00,0x9A,0x07,0xA2,0x04,0xA6,0x04,0x90,0x02,0x00,0x00,   // U+4FA5 侥
            0x20,0x00,0xFC,0x07,0x03,0x04,0xFE,0x00,0x02,0x03,0xFA,0x01,0x02,0x02,0xFE,0x02,0x00,0x00,0xFE,0x05,0x00,0x04,0xFF,0x07,   // U+4FA7 侧
            0x10,0x00,0xFC,0x07,0x03,0x00,0x30,0x04,0xD5,0x04,0x55,0x03,0x55,0x02,0x55,0x03,0xD5,0x00,0x5F,0x04,0x30,0x04,0x00,0x00,   // U+4FB5 侵
            0x30,0x00,0x18,0x00,0xFE,0x07,0x03,0x00,0x7D,0x04,0x55,0x01,0x55,0x02,0xFF,0x03,0x55,0x02,0x55,0x04,0x7D,0x04,0x00,0x04,   // U+4FBF 便
            0x10,0x00,0xFC,0x03,0x03,0x02,0x00,0x01,0xE7,0x00,0x09,0x00,0xF9,0x07,0x49,0x04,0x49,0x04,0x4F,0x04,0x00,0x04,0x00,0x00,   // U+4FC3 促
            0x20,0x00,0xFC,0x07,0x03,0x04,0x40,0x02,0x5F,0x01,0xC9,0x00,0xF9,0x07,0xC9,0x00,0x49,0x01,0x4F,0x02,0x40,0x04,0x00,0x00,   // U+4FDD 保
            0x30,0x00,0x18,0x00,0xFE,0x0F,0x03,0x00,0x02,0x00,0xAA,0x0F,0xAA,0x04,0xAB,0x04,0xAA,0x04,0xAA,0x04,0xAA,0x0F,0x02,0x00,   // U+4FE1 信
            0x10,0x00,0xFC,0x07,0x03,0x00,0xF9,0x07,0x89,0x01,0x7F,0x00,0x49,0x01,0xC9,0x00,0x7F,0x04,0x89,0x04,0xF9,0x07,0x00,0x00,   // U+4FE9 俩
            0x10,0x00,0xFC,0x07,0x01,0x00,0xFE,0x01,0x04,0x00,0x4E,0x05,0xAF,0x00,0x1E,0x02,0x0E,0x00,0x0A,0x01,0x08,0x00,0x00,0x00,   // U+4FEE 修
            0x10,0x00,0xFC,0x07,0x03,0x06,0xFE,0x01,0x02,0x00,0xF2,0x07,0x0B,0x00,0x53,0x04,0x92,0x04,0xFA,0x03,0x12,0x00,0x00,0x00,   // U+4FEF 俯
            0x20,0x00,0xF8,0x07,0x03,0x00,0x00,0x00,0x01,0x04,0x09,0x04,0x29,0x05,0x3F,0x05,0x29,0x05,0x09,0x04,0xFF,0x07,0x00,0x00,   // U+500B 個
            0x10,0x00,0xFC,0x07,0x03,0x00,0x12,0x00,0xD6,0x07,0x5A,0x02,0x53,0x02,0x52,0x02,0x5A,0x02,0xD6,0x07,0x12,0x00,0x00,0x00,   // U+500D 倍
            0x00,0x00,0x10,0x00,0xFC,0x07,0x51,0x04,0x5A,0x04,0xF6,0x03,0x5A,0x02,0x52,0x02,0xFC,0x04,0x00,0x04,0xFF,0x07,0x00,0x00,   // U+5012 倒
            0x10,0x00,0xFC,0x07,0x01,0x00,0xFE,0x01,0xB4,0x04,0x9D,0x00,0xF5,0x03,0x95,0x01,0x97,0x02,0x94,0x04,0x80,0x04,0x00,0x00,   // U+5019 候
            0x60,0x00,0x30,0x00,0xFC,0x07,0x06,0x00,0x14,0x00,0xD4,0x07,0x5E,0x05,0x54,0x05,0x54,0x05,0x5E,0x05,0xD4,0x07,0x14,0x00,   // U+501F 借
            0x40,0x00,0x38,0x00,0x03,0x00,0x20,0x00,0xEA,0x05,0x2A,0x02,0x2A,0x03,0xFF,0x01,0x2A,0x01,0x2A,0x02,0xEA,0x05,0x20,0x00,   // U+503A 债
            0x20,0x00,0xFC,0x0F,0x03,0x00,0x02,0x08,0xFA,0x0F,0xAA,0x0A,0xAF,0x0A,0xAA,0x0A,0xAA,0x0A,0xFA,0x0F,0x02,0x08,0x00,0x00,   // U+503C 值
            0x10,0x00,0xFC,0x07,0x01,0x00,0xFF,0x01,0x08,0x01,0x01,0x04,0xFD,0x03,0x07,0x03,0xFD,0x00,0x05,0x01,0xFD,0x03,0x01,0x04,   // U+503E 倾
            0x10,0x00,0xFC,0x07,0x01,0x00,0xFF,0x07,0x49,0x01,0x5F,0x05,0xC9,0x04,0x49,0x03,0x49,0x03,0xDF,0x04,0x00,0x04,0x00,0x00,   // U+5047 假
            0x10,0x00,0xFC,0x07,0x03,0x06,0xFE,0x01,0x0A,0x00,0xEA,0x07,0xAA,0x00,0xEA,0x03,0xAB,0x00,0xEA,0x07,0xAA,0x04,0xEE,0x03,   // U+504F 偏
            0x10,0x00,0xFC,0x07,0x05,0x00,0xE4,0x07,0x3F,0x02,0xE4,0x03,0x3C,0x04,0x47,0x02,0x84,0x01,0x3C,0x02,0x04,0x04,0x00,0x00,   // U+505A 做
            0x30,0x00,0x18,0x00,0xFE,0x07,0x61,0x00,0xA2,0x00,0xAE,0x04,0xAA,0x04,0xAA,0x07,0xAB,0x00,0xAA,0x00,0xAE,0x00,0x62,0x00,   // U+505C 停
            0x10,0x00,0xFC,0x07,0xB1,0x04,0x2A,0x03,0xE6,0x02,0xA8,0x04,0xAA,0x04,0xFF,0x07,0xAA,0x04,0xBE,0x04,0x08,0x04,0x00,0x00,   // U+5065 健
            0x10,0x00,0xFC,0x07,0x03,0x00,0xC0,0x07,0x5F,0x01,0x55,0x01,0xFF,0x01,0x55,0x05,0x55,0x05,0x5F,0x04,0xC0,0x03,0x00,0x00,   // U+5076 偶
            0x10,0x00,0xFC,0x07,0x0B,0x00,0xF0,0x07,0x54,0x05,0xF6,0x07,0x05,0x00,0xF4,0x05,0x04,0x04,0xF0,0x07,0x08,0x00,0x00,0x00,   // U+5077 偷
            0x60,0x00,0x30,0x00,0xFE,0x07,0x03,0x00,0x9A,0x04,0xAC,0x06,0xA8,0x05,0xAF,0x00,0xA8,0x03,0x8C,0x02,0x9A,0x04,0x00,0x00,   // U+507F 偿
            0x20,0x00,0xFC,0x07,0x11,0x00,0xF1,0x07,0x54,0x04,0x52,0x00,0xD2,0x07,0x7F,0x05,0x5A,0x05,0xD4,0x07,0x12,0x00,0x00,0x00,   // U+50A8 储
            0x60,0x00,0x30,0x00,0xFE,0x03,0x43,0x00,0x27,0x00,0xF4,0x03,0x5C,0x05,0x57,0x05,0xFC,0x07,0x54,0x05,0x57,0x05,0x50,0x05,   // U+50AC 催
            0x20,0x00,0xFC,0x07,0x0B,0x00,0x3C,0x04,0x6B,0x05,0xEB,0x0A,0xFA,0x09,0xAE,0x07,0xAA,0x00,0x38,0x01,0x00,0x02,0x00,0x00,   // U+50CF 像
            0x30,0x00,0xFC,0x07,0x43,0x04,0xFD,0x07,0x55,0x05,0x55,0x05,0x55,0x05,0xFD,0x07,0x55,0x05,0x55,0x05,0xFD,0x07,0x41,0x04,   // U+50F5 僵
            0x00,0x04,0x00,0x02,0x80,0x01,0xFF,0x00,0x00,0x00,0x00,0x00,0x00,0x00,0xFF,0x03,0x00,0x04,0x00,0x04,0x00,0x04,0x80,0x03,   // U+513F 儿
            0x01,0x04,0x01,0x02,0x81,0x01,0x7F,0x00,0x01,0x00,0x01,0x00,0x01,0x00,0xFF,0x03,0x01,0x04,0x01,0x04,0x01,0x04,0x81,0x03,   // U+5140 兀
            0x00,0x04,0x10,0x04,0x18,0x02,0x14,0x01,0xF2,0x00,0x11,0x00,0x10,0x00,0xF0,0x07,0x14,0x04,0x18,0x04,0x10,0x04,0x20,0x03,   // U+5141 允
            0x10,0x04,0x11,0x06,0x11,0x03,0xF1,0x00,0x11,0x00,0x11,0x00,0xF1,0x03,0x11,0x04,0x11,0x04,0x11,0x04,0x10,0x03,0x00,0x00,   // U+5143 元
            0x00,0x04,0x3F,0x02,0x11,0x03,0xF1,0x00,0x11,0x00,0x11,0x00,0xF1,0x03,0x11,0x04,0x11,0x04,0x3F,0x04,0x00,0x03,0x00,0x00,   // U+5144 兄
            0x04,0x04,0x24,0x04,0x24,0x02,0x24,0x01,0xE4,0x00,0x27,0x00,0x26,0x00,0xE4,0x03,0x34,0x04,0x34,0x04,0x44,0x04,0x04,0x03,   // U+5145 充
            0x00,0x04,0x28,0x04,0x2E,0x02,0x27,0x01,0xE4,0x00,0x24,0x00,0x3F,0x00,0xE4,0x07,0x24,0x04,0x24,0x04,0x24,0x04,0x20,0x03,   // U+5148 先
            0x20,0x04,0x22,0x04,0x24,0x02,0x28,0x03,0xE0,0x00,0x3F,0x00,0x20,0x00,0xE0,0x07,0x28,0x04,0x24,0x04,0x22,0x04,0x20,0x03,   // U+5149 光
            0x02,0x04,0x02,0x04,0x7A,0x02,0x2A,0x03,0xEA,0x00,0x2A,0x00,0x2F,0x00,0xEA,0x03,0x2A,0x04,0x2A,0x04,0x7A,0x04,0x82,0x03,   // U+514B 克
            0x00,0x04,0x08,0x04,0x7C,0x02,0x4A,0x02,0x4B,0x01,0xCA,0x00,0xDA,0x07,0x4E,0x04,0x4A,0x04,0x48,0x04,0x78,0x04,0x80,0x03,   // U+514D 免
            0x00,0x04,0x3C,0x04,0x24,0x02,0x25,0x01,0xE6,0x00,0x24,0x00,0x24,0x00,0xE6,0x03,0x25,0x04,0x24,0x04,0x7C,0x04,0x00,0x03,   // U+5151 兑
            0x00,0x04,0x3E,0x04,0x12,0x00,0x02,0x02,0xBE,0x01,0x2B,0x00,0x2A,0x00,0xFE,0x03,0x00,0x04,0x22,0x04,0x1E,0x04,0x00,0x03,   // U+515C 兜
            0x00,0x04,0x00,0x02,0x00,0x01,0xC1,0x00,0x32,0x00,0x0C,0x00,0x30,0x00,0xC0,0x00,0x00,0x01,0x00,0x02,0x00,0x04,0x00,0x00,   // U+5165 入
            0x10,0x00,0x88,0x04,0x98,0x04,0x94,0x04,0x92,0x04,0xF1,0x07,0x92,0x04,0x94,0x04,0x98,0x04,0x80,0x04,0x10,0x04,0x00,0x00,   // U+5168 全
            0x00,0x04,0x00,0x02,0x80,0x01,0x70,0x00,0x0F,0x00,0x00,0x00,0x00,0x00,0x0F,0x00,0xF0,0x00,0x80,0x01,0x00,0x02,0x00,0x04,   // U+516B 八
            0x20,0x00,0x10,0x04,0x08,0x06,0x06,0x05,0xC1,0x04,0x20,0x02,0x00,0x02,0x83,0x02,0x06,0x03,0x08,0x02,0x10,0x04,0x20,0x00,   // U+516C 公
            0x08,0x04,0x08,0x02,0x08,0x01,0xC8,0x00,0x28,0x00,0x09,0x00,0x0E,0x00,0x28,0x00,0x48,0x00,0x88,0x01,0x08,0x03,0x08,0x04,   // U+516D 六
            0x44,0x04,0x44,0x02,0x44,0x03,0x7F,0x01,0xC4,0x00,0x44,0x00,0x44,0x00,0xC4,0x00,0x7F,0x01,0x44,0x03,0x44,0x02,0x44,0x04,   // U+5171 共
            0x20,0x04,0x24,0x04,0x25,0x02,0x27,0x01,0xE6,0x00,0x7C,0x00,0xA4,0x00,0x26,0x01,0x25,0x02,0x24,0x04,0x20,0x04,0x00,0x00,   // U+5173 关
            0x80,0x04,0x80,0x04,0xFE,0x02,0x92,0x00,0x92,0x00,0x92,0x00,0x92,0x00,0xF1,0x00,0x91,0x02,0x91,0x00,0x80,0x04,0x00,0x00,   // U+5175 兵
            0x82,0x04,0x82,0x04,0xFF,0x02,0xAA,0x02,0xAA,0x00,0xAA,0x00,0xAA,0x00,0xAA,0x00,0xAA,0x02,0xFF,0x02,0x82,0x04,0x82,0x04,   // U+5176 其
            0x00,0x05,0x00,0x05,0xFF,0x05,0x55,0x05,0x55,0x01,0x55,0x01,0x55,0x01,0x55,0x03,0x55,0x03,0xFF,0x03,0x00,0x05,0x00,0x05,   // U+5177 具
            0x00,0x05,0xFC,0x05,0x14,0x01,0x14,0x03,0xFF,0x03,0x14,0x01,0xFF,0x03,0x14,0x03,0x14,0x01,0xFC,0x05,0x00,0x05,0x00,0x00,   // U+5178 典
            0x22,0x04,0xAA,0x00,0xAA,0x00,0xAB,0x00,0xFE,0x07,0xAA,0x00,0xFE,0x07,0xAB,0x00,0xAA,0x00,0xFA,0x02,0x22,0x04,0x00,0x04,   // U+517C 兼
            0x00,0x00,0xFC,0x07,0x84,0x00,0x44,0x00,0x64,0x00,0x3F,0x00,0x24,0x00,0x44,0x00,0x44,0x04,0x84,0x04,0xFC,0x07,0x00,0x00,   // U+5185 内
            0x10,0x06,0xFF,0x01,0x11,0x04,0x11,0x04,0xFF,0x07,0x10,0x04,0x10,0x03,0xFF,0x00,0x11,0x04,0x11,0x04,0xFF,0x07,0x10,0x00,   // U+518C 册
            0x81,0x00,0xFD,0x07,0x95,0x00,0x95,0x00,0x95,0x00,0xFF,0x00,0x95,0x04,0x95,0x04,0xFD,0x07,0x81,0x00,0x80,0x00,0x00,0x00,   // U+518D 再
            0x00,0x00,0x07,0x00,0xF1,0x03,0x55,0x05,0x55,0x05,0x55,0x05,0x55,0x05,0x55,0x05,0x55,0x05,0xF1,0x03,0x07,0x00,0x00,0x00,   // U+5192 冒
            0x00,0x04,0x07,0x02,0x01,0x03,0xF9,0x00,0x09,0x00,0x09,0x00,0x09,0x00,0x09,0x00,0xF9,0x07,0x01,0x04,0x07,0x04,0x00,0x03,   // U+5197 冗
            0x00,0x00,0x83,0x00,0xB9,0x00,0xAD,0x00,0xA9,0x00,0xA9,0x00,0xA9,0x04,0xA9,0x04,0x29,0x04,0xE9,0x03,0x03,0x00,0x00,0x00,   // U+5199 写
            0x80,0x00,0x86,0x00,0x42,0x00,0xF2,0x07,0x1A,0x02,0x0E,0x02,0x33,0x01,0x62,0x00,0xA2,0x00,0x32,0x01,0x16,0x02,0x00,0x02,   // U+519C 农
            0x23,0x04,0xE5,0x03,0x25,0x00,0xE5,0x03,0x25,0x04,0x29,0x04,0x09,0x05,0x29,0x05,0xFD,0x05,0x09,0x04,0x8B,0x03,0x00,0x00,   // U+51A0 冠
            0x01,0x02,0x86,0x00,0x28,0x00,0x00,0x00,0xFC,0x00,0x84,0x00,0x84,0x00,0xFF,0x07,0x84,0x00,0x84,0x00,0xFC,0x00,0x00,0x00,   // U+51B2 冲
            0x02,0x03,0x64,0x00,0x48,0x04,0x40,0x02,0x44,0x03,0xC4,0x01,0xFF,0x00,0x44,0x01,0x44,0x02,0x7C,0x04,0x40,0x04,0x00,0x00,   // U+51B3 决
            0x01,0x06,0x82,0x01,0x64,0x00,0x00,0x04,0x1F,0x02,0x11,0x01,0xF1,0x00,0x11,0x00,0xF1,0x07,0x11,0x04,0x1F,0x04,0x00,0x03,   // U+51B5 况
            0x01,0x06,0x82,0x01,0x64,0x00,0x10,0x00,0xD8,0x07,0x56,0x02,0x51,0x02,0x50,0x02,0x50,0x02,0x54,0x02,0xD8,0x07,0x20,0x00,   // U+51B6 冶
            0x02,0x02,0x86,0x01,0x44,0x00,0x10,0x00,0x48,0x01,0x48,0x01,0x4E,0x02,0x51,0x02,0x42,0x05,0xCC,0x04,0x48,0x00,0x10,0x00,   // U+51B7 冷
            0x01,0x06,0x82,0x01,0x64,0x00,0x02,0x04,0x32,0x03,0xAE,0x04,0x23,0x04,0xFA,0x07,0x22,0x00,0xA2,0x00,0x22,0x03,0x22,0x04,   // U+51BB 冻
            0x82,0x03,0xE4,0x00,0x28,0x00,0x2C,0x00,0xAE,0x00,0xAB,0x04,0xAB,0x04,0xFA,0x07,0xAE,0x00,0xAA,0x00,0xF8,0x01,0x20,0x00,   // U+51C0 净
            0x02,0x02,0x84,0x01,0x48,0x00,0x10,0x00,0xFE,0x07,0x55,0x02,0x54,0x02,0x55,0x02,0xFE,0x03,0x54,0x02,0x54,0x02,0x54,0x02,   // U+51C6 准
            0x02,0x02,0xC4,0x01,0x68,0x06,0xFC,0x01,0x04,0x00,0xD4,0x01,0x54,0x05,0xD4,0x07,0x7F,0x03,0xC4,0x03,0x64,0x06,0x15,0x03,   // U+51CF 减
            0x82,0x03,0xE4,0x00,0x48,0x00,0x28,0x04,0x9A,0x04,0xBA,0x02,0xEB,0x01,0xAA,0x01,0xBA,0x02,0x8A,0x02,0x8A,0x00,0x4A,0x04,   // U+51D1 凑
            0x00,0x04,0x00,0x02,0x00,0x01,0xFF,0x00,0x01,0x00,0x01,0x00,0x01,0x00,0x01,0x00,0xFF,0x07,0x00,0x04,0x00,0x04,0x80,0x03,   // U+51E0 几
            0x00,0x04,0x00,0x03,0xFF,0x01,0x01,0x00,0x11,0x00,0x31,0x00,0x61,0x00,0x01,0x00,0xFF,0x07,0x00,0x04,0x00,0x04,0x00,0x03,   // U+51E1 凡
            0x08,0x04,0x04,0x04,0x3E,0x02,0x81,0x03,0xAA,0x00,0xAA,0x00,0xAA,0x00,0xBE,0x00,0xAA,0x07,0x29,0x04,0x29,0x04,0x08,0x03,   // U+51ED 凭
            0x00,0x00,0xF0,0x07,0x10,0x02,0x1F,0x02,0x01,0x02,0x01,0x02,0x01,0x02,0x01,0x02,0x1F,0x02,0x10,0x02,0xF0,0x07,0x00,0x00,   // U+51F8 凸
            0x00,0x00,0x9E,0x07,0x10,0x04,0x10,0x04,0x10,0x04,0xFF,0x07,0x10,0x04,0x10,0x04,0x10,0x04,0x10,0x04,0xBE,0x0F,0x00,0x00,   // U+51FA 出
            0x40,0x00,0x48,0x07,0x48,0x04,0x48,0x04,0x48,0x04,0xFE,0x07,0x48,0x04,0x48,0x04,0x48,0x04,0x48,0x04,0x48,0x07,0x40,0x00,   // U+51FB 击
            0x00,0x00,0xF8,0x07,0x82,0x04,0x82,0x04,0x42,0x05,0x02,0x05,0xFA,0x05,0x42,0x04,0x4A,0x04,0x82,0x04,0xF8,0x07,0x00,0x00,   // U+51FD 函
            0x08,0x00,0xEA,0x07,0x0A,0x04,0x4C,0x05,0x5E,0x05,0x68,0x05,0xC8,0x07,0x6E,0x05,0x58,0x05,0x4C,0x04,0xEA,0x07,0x08,0x00,   // U+51FF 凿
            0x00,0x00,0x00,0x04,0x01,0x02,0x01,0x01,0xE1,0x00,0x1F,0x00,0x01,0x04,0x01,0x04,0x01,0x04,0x01,0x04,0xFF,0x03,0x00,0x00,   // U+5200 刀
            0x00,0x00,0x80,0x00,0x41,0x00,0x41,0x00,0x21,0x00,0x21,0x00,0x11,0x04,0x11,0x04,0x09,0x04,0x01,0x04,0xFF,0x03,0x00,0x00,   // U+5201 刁
            0x08,0x04,0x28,0x06,0x24,0x03,0xE2,0x00,0x20,0x04,0x20,0x04,0x21,0x04,0xE6,0x03,0x0C,0x00,0x18,0x00,0x10,0x00,0x00,0x00,   // U+5206 分
            0x00,0x00,0x08,0x00,0xFF,0x03,0x08,0x05,0x88,0x03,0x02,0x03,0xFE,0x00,0x02,0x04,0x02,0x04,0x02,0x04,0xFE,0x07,0x00,0x00,   // U+5207 切
            0x08,0x02,0x08,0x00,0x3F,0x01,0xC8,0x01,0x45,0x02,0x24,0x04,0x14,0x04,0x00,0x03,0xFE,0x04,0x00,0x04,0xFF,0x07,0x00,0x00,   // U+5212 划
            0x80,0x00,0x61,0x04,0x19,0x02,0x0F,0x03,0xC9,0x01,0x69,0x00,0x19,0x00,0x01,0x00,0xFE,0x04,0x00,0x04,0xFF,0x07,0x00,0x00,   // U+5217 列
            0x00,0x04,0xFF,0x02,0x01,0x01,0xFD,0x01,0x01,0x01,0xFF,0x02,0x00,0x04,0x00,0x00,0xFE,0x04,0x00,0x04,0xFF,0x07,0x00,0x00,   // U+5219 则
            0x00,0x00,0xFF,0x07,0x05,0x01,0xF1,0x00,0x79,0x04,0x05,0x05,0xFF,0x07,0x00,0x00,0xFE,0x04,0x00,0x04,0xFF,0x07,0x00,0x00,   // U+521A 刚
            0x00,0x00,0xF8,0x03,0x16,0x04,0x91,0x04,0x92,0x04,0x7C,0x04,0x10,0x03,0xFE,0x04,0x00,0x04,0x00,0x04,0xFF,0x07,0x00,0x00,   // U+521B 创
            0x44,0x00,0x25,0x00,0xFE,0x07,0x2C,0x00,0x50,0x04,0x02,0x02,0xC2,0x01,0x7E,0x00,0x02,0x04,0x02,0x04,0x02,0x06,0xFE,0x03,   // U+521D 初
        };
        System.arraycopy(part, 0, DATA, 0 * BYTES_PER_GLYPH, part.length);
    }

    // 第 256..511 个字形的点阵（分块的原因见 DATA 的注释）。
    private static void fillGlyphs1() {
        int[] part = {
            0x20,0x06,0xFF,0x03,0x21,0x04,0xFF,0x03,0x20,0x04,0xFF,0x03,0x21,0x04,0xFF,0x07,0x20,0x00,0xFF,0x04,0x00,0x04,0xFF,0x03,   // U+5220 删
            0x00,0x00,0x52,0x00,0x54,0x04,0x50,0x02,0xFF,0x01,0x54,0x00,0x52,0x00,0x00,0x00,0xFC,0x04,0x00,0x04,0xFF,0x07,0x00,0x00,   // U+5224 判
            0x92,0x01,0x92,0x00,0x72,0x00,0xFF,0x07,0x51,0x00,0x91,0x00,0x00,0x00,0xFE,0x01,0x00,0x04,0x00,0x04,0xFF,0x07,0x00,0x00,   // U+5229 利
            0x00,0x04,0x4F,0x02,0xF9,0x05,0x49,0x04,0x49,0x04,0xCF,0x03,0x00,0x00,0x00,0x00,0xFE,0x05,0x00,0x04,0xFF,0x07,0x00,0x00,   // U+522B 别
            0x00,0x00,0x51,0x04,0x5D,0x04,0x53,0x04,0xF1,0x03,0x5D,0x02,0x51,0x02,0x00,0x00,0xFE,0x04,0x00,0x04,0xFF,0x07,0x00,0x00,   // U+5230 到
            0x18,0x00,0xD4,0x03,0x56,0x00,0xFF,0x07,0x54,0x02,0x54,0x02,0xD4,0x01,0x10,0x00,0xFE,0x04,0x00,0x04,0xFF,0x07,0x00,0x00,   // U+5236 制
            0x00,0x06,0xFF,0x01,0xE5,0x03,0x25,0x00,0xF5,0x07,0x25,0x02,0xE7,0x03,0x00,0x00,0xFE,0x04,0x00,0x04,0xFF,0x07,0x00,0x00,   // U+5237 刷
            0x28,0x03,0xA1,0x04,0x24,0x04,0xF2,0x07,0x22,0x00,0xE7,0x00,0x29,0x03,0x00,0x00,0xFE,0x04,0x00,0x04,0xFF,0x07,0x00,0x00,   // U+5239 刹
            0x00,0x02,0xFA,0x00,0x4A,0x00,0xFF,0x07,0xCA,0x00,0x4A,0x01,0x7A,0x02,0x00,0x00,0xFE,0x04,0x00,0x04,0xFF,0x07,0x00,0x00,   // U+523A 刺
            0x04,0x01,0xB4,0x04,0xAC,0x02,0x67,0x02,0xB6,0x01,0xCC,0x03,0x24,0x04,0x00,0x00,0xFC,0x04,0x00,0x04,0xFF,0x07,0x00,0x00,   // U+523B 刻
            0x00,0x00,0xF9,0x07,0xAA,0x00,0xA8,0x00,0xAF,0x04,0xAA,0x04,0xF9,0x07,0x00,0x00,0xFE,0x04,0x00,0x04,0xFF,0x07,0x00,0x00,   // U+524A 削
            0x04,0x00,0xF4,0x07,0x54,0x01,0x55,0x05,0x56,0x05,0xF4,0x07,0x04,0x00,0x06,0x00,0xF7,0x05,0x04,0x04,0xF4,0x07,0x04,0x00,   // U+524D 前
            0x00,0x00,0xDF,0x02,0x75,0x01,0xD5,0x02,0x55,0x01,0xD5,0x04,0x5F,0x06,0x00,0x00,0xFE,0x01,0x00,0x04,0xFF,0x07,0x00,0x00,   // U+5254 剔
            0x00,0x00,0x50,0x02,0x95,0x04,0x15,0x05,0xF5,0x07,0x95,0x00,0x1F,0x00,0x50,0x02,0xFF,0x05,0x00,0x04,0xFF,0x07,0x00,0x00,   // U+5265 剥
            0x00,0x03,0xFF,0x00,0xA5,0x03,0xA5,0x02,0xF5,0x02,0xA5,0x02,0xAF,0x03,0x00,0x00,0xFE,0x04,0x00,0x04,0xFF,0x07,0x00,0x00,   // U+5267 剧
            0xA8,0x04,0xAA,0x02,0xFA,0x02,0x0A,0x01,0xFE,0x07,0x09,0x01,0xF9,0x02,0xA9,0x04,0x08,0x00,0xFE,0x07,0x00,0x04,0xFF,0x07,   // U+5269 剩
            0x02,0x00,0x7E,0x01,0x2A,0x05,0x2B,0x01,0x2A,0x03,0x3E,0x01,0x02,0x05,0x5A,0x05,0x42,0x05,0x42,0x05,0x3E,0x03,0x02,0x00,   // U+526A 剪
            0x00,0x00,0xC1,0x07,0x5D,0x05,0x55,0x05,0xD5,0x07,0x55,0x05,0xDD,0x07,0x01,0x00,0xFE,0x04,0x00,0x04,0xFF,0x07,0x00,0x00,   // U+526F 副
            0x00,0x04,0x08,0x04,0x08,0x02,0x08,0x01,0x88,0x00,0x7F,0x00,0x08,0x04,0x08,0x04,0x08,0x04,0x08,0x04,0xF8,0x03,0x00,0x00,   // U+529B 力
            0x80,0x04,0x64,0x02,0x14,0x03,0xC4,0x01,0x3F,0x00,0x04,0x04,0x04,0x04,0x04,0x04,0xFC,0x03,0x00,0x00,0x30,0x00,0xC0,0x00,   // U+529E 办
            0x02,0x02,0x02,0x02,0xFE,0x01,0x02,0x09,0x0A,0x05,0x08,0x03,0xFF,0x01,0x08,0x08,0x08,0x08,0x08,0x08,0xF8,0x0F,0x00,0x00,   // U+529F 功
            0x04,0x04,0x04,0x03,0xFF,0x04,0x04,0x04,0x04,0x04,0xFC,0x03,0x00,0x00,0xFE,0x07,0x02,0x02,0x02,0x02,0xFE,0x07,0x00,0x00,   // U+52A0 加
            0x28,0x04,0xA4,0x04,0x82,0x02,0x87,0x02,0xDA,0x01,0x8A,0x04,0x8A,0x04,0x9A,0x04,0x96,0x04,0xA2,0x03,0x20,0x00,0x20,0x00,   // U+52A1 务
            0x00,0x00,0x54,0x04,0x54,0x02,0x52,0x03,0xD0,0x01,0x70,0x00,0x48,0x04,0x48,0x04,0x4A,0x04,0x42,0x06,0xC4,0x01,0x00,0x00,   // U+52A3 劣
            0x10,0x02,0x92,0x02,0x32,0x00,0x12,0x01,0xD2,0x05,0x14,0x03,0x84,0x01,0x7F,0x00,0x04,0x04,0x04,0x04,0xFC,0x07,0x00,0x00,   // U+52A8 动
            0x00,0x02,0xFF,0x03,0x29,0x01,0x29,0x01,0xFF,0x01,0x00,0x05,0x04,0x03,0xFF,0x00,0x04,0x04,0x04,0x04,0xFC,0x03,0x00,0x00,   // U+52A9 助
            0x44,0x04,0x8C,0x04,0xB7,0x02,0x94,0x02,0xCC,0x01,0xC0,0x00,0xA6,0x04,0xAA,0x04,0x92,0x04,0xBA,0x04,0xA6,0x03,0x20,0x00,   // U+52AA 努
            0x00,0x06,0xFF,0x01,0x05,0x06,0xFD,0x01,0x25,0x04,0xE5,0x07,0x05,0x04,0x04,0x03,0xFF,0x04,0x04,0x04,0xFC,0x07,0x00,0x00,   // U+52B1 励
            0x32,0x04,0x92,0x04,0x92,0x00,0x97,0x02,0xD2,0x01,0x92,0x04,0x92,0x04,0x97,0x04,0x92,0x04,0x92,0x03,0x32,0x00,0x00,0x00,   // U+52B3 劳
            0x22,0x04,0xAA,0x04,0xBF,0x00,0xAA,0x02,0xE2,0x01,0x9A,0x04,0x9F,0x04,0xA2,0x04,0x82,0x04,0x9E,0x03,0x20,0x00,0x18,0x00,   // U+52BF 势
            0x02,0x04,0xE2,0x05,0x2F,0x05,0xFA,0x07,0x2A,0x05,0x2F,0x01,0xE2,0x06,0x84,0x03,0xFF,0x04,0x04,0x04,0xFC,0x03,0x00,0x00,   // U+52E4 勤
            0x20,0x00,0x18,0x01,0x8E,0x00,0xC7,0x04,0x64,0x02,0x1C,0x02,0x84,0x01,0xE4,0x04,0x1C,0x04,0x04,0x04,0xFC,0x03,0x00,0x00,   // U+52FF 勿
            0x20,0x02,0x18,0x02,0x06,0x00,0x07,0x01,0x14,0x01,0x24,0x05,0xA4,0x04,0x84,0x04,0x84,0x04,0x04,0x04,0xFC,0x03,0x00,0x00,   // U+5300 匀
            0x20,0x00,0x18,0x00,0xFE,0x03,0x57,0x04,0x54,0x04,0x54,0x04,0x74,0x05,0x04,0x05,0x04,0x05,0xFC,0x04,0x00,0x04,0x00,0x03,   // U+5305 包
            0x00,0x00,0xFF,0x03,0x20,0x04,0x10,0x04,0x10,0x04,0x08,0x04,0x08,0x04,0x04,0x04,0x04,0x04,0x02,0x06,0x80,0x01,0x00,0x00,   // U+5315 匕
            0x60,0x00,0x30,0x00,0xFE,0x07,0x83,0x00,0x80,0x00,0x40,0x00,0xFF,0x03,0x20,0x04,0x10,0x04,0x18,0x04,0x08,0x04,0x84,0x03,   // U+5316 化
            0x08,0x02,0x08,0x01,0x08,0x01,0x88,0x00,0xFF,0x07,0x00,0x00,0x00,0x00,0xFF,0x03,0x10,0x04,0x08,0x04,0x08,0x04,0x84,0x03,   // U+5317 北
            0xFF,0x07,0x01,0x04,0xFD,0x04,0x55,0x04,0x55,0x04,0x55,0x04,0xFD,0x07,0x55,0x04,0x55,0x04,0xFD,0x04,0x01,0x04,0x00,0x00,   // U+5323 匣
            0x00,0x00,0xFF,0x07,0x81,0x04,0x41,0x04,0x3F,0x04,0x01,0x04,0x01,0x04,0xFF,0x04,0x81,0x04,0x81,0x04,0x61,0x04,0x00,0x00,   // U+5339 匹
            0x00,0x00,0xFF,0x07,0x01,0x04,0x85,0x04,0x49,0x04,0x79,0x04,0x31,0x04,0x71,0x04,0xC9,0x04,0x85,0x04,0x01,0x04,0x00,0x00,   // U+533A 区
            0x10,0x00,0x10,0x00,0x10,0x00,0x10,0x00,0x10,0x00,0xFF,0x07,0x10,0x00,0x10,0x00,0x10,0x00,0x10,0x00,0x10,0x00,0x10,0x00,   // U+5341 十
            0x20,0x00,0x22,0x00,0x22,0x00,0x22,0x00,0x22,0x00,0x22,0x00,0xFE,0x07,0x21,0x00,0x21,0x00,0x21,0x00,0x21,0x00,0x20,0x00,   // U+5343 千
            0x12,0x04,0x12,0x02,0x12,0x03,0xFE,0x00,0x11,0x00,0x11,0x00,0x11,0x00,0x10,0x00,0xFF,0x07,0x10,0x00,0x10,0x00,0x10,0x00,   // U+5347 升
            0x50,0x00,0x4E,0x00,0x47,0x00,0x44,0x00,0x44,0x00,0xFC,0x07,0x44,0x00,0x44,0x00,0x44,0x00,0x44,0x00,0x40,0x00,0x00,0x00,   // U+5348 午
            0x90,0x00,0x92,0x00,0x96,0x00,0x94,0x00,0x90,0x00,0x90,0x00,0xFF,0x07,0x90,0x00,0x94,0x00,0x96,0x00,0x92,0x00,0x90,0x00,   // U+534A 半
            0x08,0x00,0xFF,0x07,0x08,0x00,0x60,0x04,0x34,0x02,0x84,0x01,0x7F,0x04,0x04,0x04,0x04,0x04,0xFC,0x03,0x30,0x00,0x60,0x00,   // U+534F 协
            0x00,0x02,0xFC,0x02,0x55,0x02,0x56,0x02,0x54,0x02,0xFC,0x0F,0x54,0x02,0x56,0x02,0x56,0x02,0x55,0x02,0xFC,0x02,0x00,0x02,   // U+5355 单
            0x08,0x05,0x4A,0x05,0x1A,0x05,0x9A,0x01,0x2A,0x03,0x8F,0x03,0xEA,0x03,0x0A,0x03,0x0A,0x01,0x2A,0x05,0x1A,0x05,0x00,0x00,   // U+5356 卖
            0x02,0x00,0xFA,0x07,0x0A,0x01,0x4A,0x01,0x7A,0x01,0x4A,0x01,0xCF,0x07,0x7A,0x01,0x4A,0x05,0x0A,0x05,0xFA,0x07,0x02,0x00,   // U+5357 南
            0x00,0x00,0xE0,0x07,0x20,0x02,0x20,0x02,0x20,0x02,0x3F,0x02,0x24,0x02,0x24,0x02,0x24,0x02,0xE4,0x07,0x04,0x00,0x00,0x00,   // U+5360 占
            0x20,0x00,0x20,0x00,0x20,0x00,0x20,0x00,0x20,0x00,0xFF,0x07,0xA4,0x00,0xA4,0x00,0x24,0x00,0x24,0x01,0x24,0x01,0x20,0x00,   // U+5361 卡
            0x00,0x04,0x01,0x04,0x01,0x04,0x01,0x04,0xFF,0x07,0x01,0x04,0x41,0x04,0x41,0x04,0x41,0x04,0x3F,0x04,0x00,0x04,0x00,0x00,   // U+536B 卫
            0x00,0x00,0xFE,0x07,0x12,0x02,0x10,0x02,0x11,0x01,0x01,0x00,0xFE,0x07,0x02,0x00,0x02,0x02,0x02,0x02,0xFE,0x03,0x00,0x00,   // U+5370 印
            0x08,0x00,0x00,0x06,0xF8,0x01,0x0B,0x00,0xEB,0x03,0x2A,0x04,0x2A,0x04,0x2A,0x05,0x2E,0x05,0xEA,0x04,0x08,0x04,0x08,0x03,   // U+5371 危
            0x00,0x00,0xFF,0x07,0x25,0x02,0xA5,0x02,0xA5,0x01,0x7F,0x01,0x00,0x02,0xFF,0x07,0x01,0x02,0x01,0x02,0xFF,0x03,0x00,0x00,   // U+5373 即
            0x00,0x00,0x24,0x02,0xA4,0x01,0x7F,0x01,0x24,0x01,0x24,0x01,0x20,0x02,0xFE,0x07,0x02,0x01,0x02,0x01,0xFE,0x01,0x00,0x00,   // U+5374 却
            0x14,0x02,0xD2,0x03,0x13,0x00,0xFE,0x01,0x52,0x01,0x52,0x01,0x00,0x00,0xFE,0x07,0x02,0x01,0x02,0x01,0xFE,0x01,0x00,0x00,   // U+5378 卸
            0x00,0x04,0x00,0x03,0xFF,0x00,0x01,0x00,0x01,0x00,0x01,0x00,0x01,0x00,0x01,0x00,0x01,0x00,0x01,0x00,0x01,0x00,0x01,0x00,   // U+5382 厂
            0x00,0x06,0xFF,0x01,0x09,0x00,0x09,0x00,0x09,0x00,0x09,0x04,0x09,0x04,0xF9,0x07,0x09,0x00,0x09,0x00,0x09,0x00,0x09,0x00,   // U+5385 厅
            0x00,0x06,0xFF,0x01,0x01,0x04,0x11,0x04,0x11,0x02,0x91,0x01,0x7D,0x00,0x11,0x04,0x11,0x04,0x11,0x04,0xF1,0x03,0x01,0x00,   // U+5386 历
            0x00,0x06,0xFF,0x01,0x01,0x08,0x11,0x08,0x11,0x08,0x11,0x08,0xFF,0x0F,0x11,0x08,0xD1,0x08,0x11,0x0B,0x11,0x08,0x00,0x00,   // U+538B 压
            0x00,0x06,0xFF,0x01,0x21,0x04,0x21,0x00,0x21,0x02,0xA1,0x01,0x7D,0x00,0xA1,0x00,0x21,0x01,0x25,0x02,0x29,0x04,0x21,0x04,   // U+538C 厌
            0x00,0x06,0xFF,0x01,0x01,0x04,0x7D,0x05,0x55,0x05,0x55,0x05,0x55,0x05,0xFD,0x07,0x55,0x05,0x55,0x05,0x7D,0x05,0x01,0x04,   // U+5398 厘
            0x00,0x06,0xFF,0x01,0x01,0x01,0x7F,0x01,0x65,0x01,0x65,0x05,0x65,0x05,0x65,0x07,0xE5,0x01,0xE5,0x01,0x7F,0x01,0x01,0x01,   // U+539A 厚
            0x00,0x06,0xFF,0x01,0x01,0x04,0x7D,0x02,0x55,0x05,0x55,0x04,0x57,0x04,0xD5,0x03,0x55,0x00,0x55,0x01,0x7D,0x03,0x01,0x04,   // U+539F 原
            0x40,0x00,0x44,0x04,0x44,0x06,0x44,0x04,0x44,0x04,0xC4,0x00,0x7F,0x02,0x44,0x02,0x44,0x02,0x44,0x02,0x44,0x04,0x40,0x00,   // U+53BB 去
            0x90,0x00,0x54,0x04,0x56,0x04,0x74,0x01,0xBD,0x00,0xD4,0x02,0x74,0x02,0x54,0x01,0x54,0x01,0x98,0x00,0x10,0x00,0x00,0x00,   // U+53C2 参
            0x00,0x04,0x01,0x04,0x07,0x02,0x19,0x02,0x61,0x01,0x81,0x01,0x81,0x01,0x61,0x01,0x19,0x02,0x07,0x02,0x00,0x04,0x00,0x04,   // U+53C8 又
            0x00,0x04,0x01,0x04,0x07,0x02,0x31,0x02,0x41,0x01,0x85,0x01,0x89,0x01,0x61,0x01,0x19,0x02,0x07,0x02,0x00,0x04,0x00,0x04,   // U+53C9 叉
            0x00,0x04,0x01,0x03,0xC1,0x05,0x3F,0x04,0x31,0x02,0x41,0x02,0x81,0x01,0x9D,0x03,0x53,0x02,0x30,0x04,0x00,0x04,0x00,0x00,   // U+53CA 及
            0x05,0x04,0x19,0x02,0xB1,0x01,0xE1,0x00,0x0F,0x07,0x00,0x00,0x1F,0x02,0xE1,0x01,0xC1,0x01,0x31,0x03,0x0F,0x02,0x00,0x04,   // U+53CC 双
            0x00,0x04,0x00,0x03,0xFE,0x04,0x12,0x04,0x32,0x00,0xD2,0x02,0x92,0x03,0x10,0x01,0x91,0x02,0x51,0x02,0x31,0x04,0x01,0x04,   // U+53CD 反
            0x00,0x04,0x0E,0x02,0x8B,0x05,0x68,0x04,0x3C,0x00,0xAB,0x02,0x28,0x03,0x28,0x03,0xA9,0x02,0x6A,0x04,0x08,0x04,0x00,0x00,   // U+53D1 发
            0x01,0x02,0xFF,0x03,0x29,0x00,0x29,0x01,0xFF,0x07,0x01,0x05,0x0E,0x02,0x62,0x03,0x82,0x01,0x72,0x03,0x0E,0x02,0x00,0x04,   // U+53D6 取
            0x32,0x04,0x56,0x04,0xDA,0x00,0x52,0x03,0x56,0x03,0x58,0x03,0x50,0x03,0xD9,0x00,0x59,0x04,0x15,0x04,0x31,0x04,0x00,0x00,   // U+53D7 受
            0x22,0x04,0x52,0x04,0x4A,0x04,0xC2,0x00,0x5E,0x03,0x43,0x00,0x43,0x02,0x5E,0x03,0xC2,0x00,0x4A,0x04,0x12,0x04,0x22,0x04,   // U+53D8 变
            0x44,0x04,0x48,0x04,0xCD,0x07,0x4D,0x05,0x55,0x05,0x45,0x05,0x55,0x05,0x57,0x05,0xC7,0x07,0x5D,0x04,0x44,0x04,0x00,0x00,   // U+53E0 叠
            0x00,0x00,0xFF,0x07,0x01,0x02,0x01,0x02,0x01,0x02,0x01,0x02,0x01,0x02,0x01,0x02,0x01,0x02,0x01,0x02,0xFF,0x07,0x00,0x00,   // U+53E3 口
            0x10,0x00,0x08,0x00,0xF2,0x03,0x13,0x01,0x12,0x01,0x12,0x01,0x12,0x05,0xF2,0x05,0x02,0x04,0x02,0x04,0xFE,0x03,0x00,0x00,   // U+53E5 句
            0x00,0x04,0x40,0x04,0x4F,0x00,0x49,0x02,0x49,0x01,0xE9,0x00,0x49,0x04,0x49,0x04,0x49,0x04,0x4F,0x04,0xC0,0x03,0x00,0x00,   // U+53E6 另
            0x00,0x04,0x00,0x04,0x7F,0x02,0x41,0x03,0x41,0x01,0x41,0x00,0x41,0x00,0x41,0x01,0x41,0x01,0x41,0x02,0xFF,0x06,0x00,0x04,   // U+53EA 只
            0x00,0x00,0xFE,0x03,0x02,0x01,0x02,0x01,0xFE,0x03,0x00,0x00,0xFE,0x01,0x80,0x01,0x80,0x00,0x80,0x00,0xFF,0x07,0x00,0x00,   // U+53EB 叫
            0x01,0x00,0xF9,0x01,0x89,0x00,0x89,0x00,0x89,0x00,0xF9,0x04,0x01,0x04,0x01,0x04,0xFF,0x07,0x01,0x00,0x01,0x00,0x00,0x00,   // U+53EF 可
            0x10,0x00,0xD8,0x07,0x54,0x02,0x52,0x02,0x41,0x02,0x48,0x02,0x48,0x02,0x48,0x02,0xCC,0x07,0x08,0x00,0x10,0x00,0x00,0x00,   // U+53F0 台
            0x00,0x04,0x3C,0x04,0xA4,0x04,0x24,0x03,0x24,0x03,0xFF,0x02,0x24,0x02,0x24,0x02,0x24,0x04,0x24,0x04,0x3C,0x04,0x00,0x04,   // U+53F2 史
            0x84,0x00,0x44,0x00,0x64,0x00,0xF4,0x07,0x2C,0x02,0x27,0x02,0x24,0x02,0x24,0x02,0x24,0x02,0x24,0x02,0xE4,0x07,0x04,0x00,   // U+53F3 右
            0xFE,0x03,0x02,0x01,0x02,0x01,0xFE,0x03,0x10,0x00,0x10,0x00,0x10,0x00,0xFF,0x07,0x10,0x00,0x10,0x00,0x10,0x00,0x00,0x00,   // U+53F6 叶
            0x20,0x00,0x20,0x00,0xAF,0x00,0xE5,0x00,0xA5,0x00,0xA5,0x04,0xA5,0x04,0xA5,0x04,0xA5,0x04,0xAF,0x03,0x20,0x00,0x20,0x00,   // U+53F7 号
            0xFE,0x01,0x82,0x00,0x82,0x00,0xFE,0x01,0x28,0x00,0x26,0x06,0x25,0x05,0xA4,0x04,0x64,0x04,0x24,0x04,0x84,0x03,0x00,0x00,   // U+5403 吃
            0x28,0x00,0x24,0x00,0xE2,0x07,0x47,0x02,0x5A,0x02,0x5A,0x02,0x5A,0x02,0x5A,0x02,0x66,0x02,0xE2,0x07,0x20,0x00,0x20,0x00,   // U+5404 各
            0x10,0x00,0x10,0x00,0xC8,0x07,0x5C,0x02,0x54,0x02,0x52,0x02,0x51,0x02,0x52,0x02,0x5C,0x02,0xD8,0x07,0x10,0x00,0x00,0x00,   // U+5408 合
            0x00,0x00,0xFF,0x07,0x01,0x00,0x09,0x00,0xE9,0x03,0x29,0x01,0x29,0x01,0x29,0x01,0xE9,0x05,0x09,0x04,0xFF,0x07,0x00,0x00,   // U+540C 同
            0x00,0x00,0x88,0x00,0x04,0x00,0xC4,0x07,0x4A,0x02,0x73,0x02,0x42,0x02,0x52,0x02,0x4A,0x02,0x46,0x02,0xC2,0x07,0x00,0x00,   // U+540D 名
            0x00,0x06,0xFE,0x01,0x0A,0x00,0xCA,0x07,0x4A,0x04,0x4A,0x04,0x49,0x04,0x49,0x04,0x49,0x04,0xC9,0x07,0x08,0x00,0x00,0x00,   // U+540E 后
            0xFE,0x03,0x02,0x01,0x02,0x01,0xFE,0x01,0x00,0x04,0x08,0x04,0x08,0x04,0xFF,0x07,0x08,0x04,0x08,0x04,0x08,0x04,0x00,0x00,   // U+5410 吐
            0x00,0x00,0xFC,0x07,0x04,0x00,0x04,0x00,0xF7,0x01,0x94,0x00,0x94,0x00,0xF4,0x04,0x04,0x04,0x04,0x04,0xFC,0x07,0x00,0x00,   // U+5411 向
            0x00,0x00,0xFE,0x01,0x82,0x00,0xFE,0x01,0x00,0x00,0xBD,0x00,0xA1,0x00,0xA1,0x04,0xA1,0x04,0x3F,0x04,0xE0,0x03,0x00,0x00,   // U+5417 吗
            0x48,0x00,0x49,0x00,0xE9,0x07,0x49,0x02,0x59,0x02,0x4F,0x02,0x49,0x02,0x59,0x02,0x49,0x02,0xE9,0x07,0x49,0x00,0x48,0x00,   // U+541E 吞
            0x11,0x00,0x11,0x00,0x89,0x07,0x89,0x02,0x85,0x02,0x87,0x02,0xBF,0x02,0x85,0x02,0x81,0x02,0x89,0x07,0x01,0x00,0x10,0x00,   // U+5426 否
            0xFE,0x01,0x82,0x00,0xFE,0x01,0x00,0x00,0xFF,0x03,0x21,0x04,0x3F,0x04,0x21,0x04,0x21,0x04,0x7F,0x04,0x00,0x03,0x00,0x00,   // U+5427 吧
            0x10,0x00,0x10,0x00,0x98,0x0F,0x94,0x04,0x94,0x04,0x96,0x04,0x99,0x04,0xD2,0x04,0xB4,0x04,0x88,0x0F,0x00,0x00,0x10,0x00,   // U+542B 含
            0xFE,0x03,0x02,0x01,0x02,0x01,0xFE,0x05,0x00,0x02,0xFE,0x01,0x12,0x00,0x10,0x00,0xF1,0x07,0x11,0x00,0x10,0x00,0x00,0x00,   // U+542C 听
            0x00,0x03,0xFF,0x00,0x09,0x00,0xE9,0x07,0x29,0x02,0x29,0x02,0x29,0x02,0x29,0x02,0x29,0x02,0x29,0x02,0xEF,0x07,0x00,0x00,   // U+542F 启
            0xFE,0x01,0x82,0x00,0xFE,0x00,0x20,0x04,0x18,0x02,0x04,0x02,0x3F,0x01,0x80,0x00,0x44,0x00,0x08,0x00,0x10,0x00,0x00,0x00,   // U+5435 吵
            0x00,0x00,0xFF,0x00,0x81,0x00,0xFF,0x04,0x01,0x03,0xFF,0x04,0x31,0x02,0xC1,0x02,0x99,0x01,0xD7,0x02,0x30,0x02,0x00,0x00,   // U+5438 吸
            0x00,0x00,0xFE,0x03,0x02,0x01,0xFE,0x03,0x10,0x01,0x8E,0x04,0x67,0x02,0x1C,0x01,0xE4,0x04,0x3C,0x04,0xFC,0x03,0x00,0x00,   // U+543B 吻
            0x00,0x00,0x80,0x04,0x9E,0x04,0x92,0x02,0x92,0x01,0x92,0x01,0x92,0x01,0x92,0x01,0x92,0x02,0x9E,0x04,0x80,0x04,0x00,0x00,   // U+5446 呆
            0x00,0x00,0x20,0x04,0xAF,0x04,0xA9,0x04,0xA9,0x04,0xA9,0x04,0xE9,0x07,0xA9,0x04,0xA9,0x04,0xAF,0x04,0x20,0x04,0x00,0x00,   // U+5448 呈
            0x28,0x00,0xA4,0x07,0xA6,0x04,0xA4,0x04,0xA4,0x04,0xBE,0x04,0xA4,0x04,0xA4,0x04,0xA4,0x07,0x24,0x00,0x20,0x00,0x00,0x00,   // U+544A 告
            0x00,0x04,0xF0,0x05,0x17,0x04,0x15,0x02,0x15,0x02,0xD5,0x01,0x15,0x01,0x15,0x02,0x15,0x02,0x17,0x02,0xF0,0x05,0x00,0x04,   // U+5458 员
            0xFF,0x00,0x81,0x00,0xFF,0x04,0x80,0x03,0x7F,0x00,0x09,0x00,0xE9,0x07,0x89,0x04,0x49,0x04,0x2F,0x04,0x00,0x03,0x00,0x00,   // U+5462 呢
            0x00,0x06,0xFF,0x01,0x11,0x00,0xD5,0x03,0x55,0x01,0x55,0x01,0x5F,0x01,0x55,0x01,0xD5,0x05,0x11,0x04,0xFF,0x07,0x00,0x00,   // U+5468 周
            0x00,0x00,0xFE,0x01,0x82,0x00,0xFE,0x02,0x40,0x00,0x44,0x01,0xC4,0x00,0xFF,0x07,0xC4,0x00,0x44,0x01,0x40,0x02,0x00,0x00,   // U+5473 味
            0x00,0x00,0xFE,0x03,0x02,0x01,0xFE,0x03,0x20,0x00,0x2A,0x04,0x2A,0x04,0xFE,0x07,0x20,0x00,0x29,0x00,0x25,0x00,0x00,0x00,   // U+547C 呼
            0x08,0x00,0xE8,0x03,0x24,0x01,0x2C,0x01,0xEA,0x03,0x0A,0x00,0xE9,0x07,0x2A,0x00,0x28,0x01,0x24,0x01,0xE8,0x01,0x08,0x00,   // U+547D 命
            0x92,0x00,0x72,0x00,0xFE,0x07,0x51,0x00,0x91,0x00,0x00,0x00,0xFE,0x07,0x02,0x02,0x02,0x02,0x02,0x02,0xFE,0x07,0x00,0x00,   // U+548C 和
            0xFE,0x01,0x82,0x00,0xFE,0x01,0x10,0x00,0x10,0x00,0x10,0x00,0xFF,0x0F,0x52,0x00,0x52,0x00,0x92,0x00,0x10,0x01,0x00,0x00,   // U+5494 咔
            0xFE,0x01,0x02,0x01,0xFE,0x01,0x20,0x04,0x28,0x04,0x38,0x02,0xD9,0x02,0x0E,0x01,0x98,0x02,0x68,0x04,0x48,0x04,0x00,0x00,   // U+54AC 咬
            0x00,0x00,0xE0,0x07,0x2F,0x02,0x29,0x02,0xE9,0x07,0x09,0x00,0x09,0x00,0xE9,0x07,0x29,0x02,0x2F,0x02,0xE0,0x07,0x00,0x00,   // U+54C1 品
            0xFE,0x03,0x02,0x01,0xFE,0x03,0x10,0x00,0xC8,0x07,0x5C,0x02,0x56,0x02,0x53,0x02,0x56,0x02,0xD8,0x07,0x10,0x00,0x00,0x00,   // U+54C8 哈
            0xFE,0x03,0x02,0x01,0xFE,0x03,0x00,0x00,0xFE,0x07,0x02,0x00,0xFB,0x00,0x8A,0x00,0xFA,0x04,0x02,0x04,0xFE,0x07,0x00,0x00,   // U+54CD 响
            0xFE,0x03,0x02,0x01,0xFE,0x01,0x08,0x06,0xFB,0x03,0x04,0x03,0x84,0x04,0x64,0x04,0x3F,0x04,0x64,0x04,0x84,0x05,0x00,0x00,   // U+54D2 哒
            0x00,0x00,0xFE,0x01,0x82,0x00,0xFE,0x01,0x00,0x00,0xFD,0x07,0xA6,0x00,0xA7,0x00,0xA4,0x04,0xA6,0x04,0xFD,0x07,0x00,0x00,   // U+54E8 哨
            0xFE,0x00,0x82,0x00,0xFE,0x04,0x49,0x02,0xFF,0x05,0x49,0x04,0xFF,0x03,0x00,0x00,0xFF,0x07,0x1D,0x01,0xE3,0x01,0x00,0x00,   // U+54EA 哪
            0xFE,0x07,0x02,0x02,0xFE,0x03,0x98,0x04,0xF6,0x04,0x93,0x02,0xF2,0x01,0x9A,0x01,0x96,0x02,0xF0,0x04,0x80,0x04,0x00,0x00,   // U+5524 唤
            0xFE,0x01,0x82,0x00,0xFE,0x01,0x18,0x00,0xFE,0x07,0x55,0x02,0x54,0x02,0x55,0x02,0xFE,0x03,0x54,0x02,0x54,0x02,0x00,0x00,   // U+552F 唯
            0x02,0x00,0xFA,0x07,0x4A,0x00,0x2E,0x00,0xDA,0x03,0x4A,0x01,0x4B,0x01,0x5A,0x01,0xEA,0x05,0x4A,0x04,0xFA,0x07,0x02,0x00,   // U+5546 商
            0x00,0x00,0x02,0x01,0x02,0x01,0x44,0x00,0x24,0x04,0xFF,0x03,0x24,0x00,0xFE,0x07,0x23,0x02,0x22,0x02,0x22,0x02,0x00,0x00,   // U+556A 啪
            0xFF,0x01,0x81,0x00,0xFF,0x01,0x40,0x00,0xDF,0x07,0x55,0x04,0xDF,0x02,0x55,0x01,0x55,0x03,0xDF,0x04,0x40,0x04,0x00,0x00,   // U+5582 喂
            0x00,0x00,0x44,0x01,0x54,0x07,0xD6,0x05,0x54,0x05,0x54,0x05,0xFC,0x05,0x54,0x05,0xD4,0x05,0x54,0x07,0x44,0x01,0x00,0x00,   // U+5584 善
            0xFE,0x03,0x02,0x01,0xFE,0x05,0x10,0x04,0xD2,0x05,0x7A,0x02,0xD2,0x01,0x57,0x02,0x7A,0x02,0xD2,0x05,0x10,0x04,0x00,0x00,   // U+55B7 喷
            0xFE,0x03,0x02,0x01,0xFE,0x03,0x08,0x00,0xE4,0x0F,0xAC,0x0C,0xEA,0x0F,0x09,0x00,0xCA,0x0F,0x04,0x08,0xE8,0x0F,0x08,0x00,   // U+55BB 喻
            0xFE,0x03,0x02,0x01,0xFE,0x01,0x64,0x02,0xAE,0x05,0xED,0x07,0x0A,0x00,0x6D,0x01,0xBA,0x05,0xE4,0x07,0x04,0x00,0x00,0x00,   // U+55E1 嗡
            0xFF,0x01,0x81,0x00,0xFF,0x00,0x00,0x03,0x9F,0x01,0xB5,0x03,0xAF,0x04,0x25,0x05,0x35,0x03,0x9F,0x01,0x00,0x03,0x00,0x00,   // U+55EF 嗯
            0xA0,0x00,0xAE,0x07,0xAA,0x05,0x2A,0x05,0x6E,0x07,0x20,0x00,0x20,0x00,0x6E,0x07,0x6A,0x05,0xAA,0x05,0xAE,0x07,0xA0,0x00,   // U+5668 器
            0xFE,0x01,0x02,0x01,0xFE,0x05,0x80,0x04,0xBF,0x02,0xA5,0x00,0xBD,0x00,0xC5,0x07,0xBD,0x01,0xA7,0x02,0xBC,0x00,0x80,0x04,   // U+566A 噪
            0x00,0x00,0xFF,0x07,0x81,0x02,0x41,0x02,0x3F,0x02,0x01,0x02,0x01,0x02,0x7F,0x02,0x41,0x02,0x41,0x02,0xFF,0x07,0x00,0x00,   // U+56DB 四
            0x00,0x00,0xFF,0x07,0x01,0x02,0x01,0x02,0xF9,0x02,0x49,0x02,0x49,0x02,0x49,0x02,0xF9,0x02,0x01,0x02,0xFF,0x07,0x00,0x00,   // U+56DE 回
            0x00,0x00,0xFF,0x07,0x81,0x02,0x89,0x02,0x49,0x02,0x69,0x02,0x3D,0x02,0x29,0x02,0x49,0x02,0x81,0x02,0xFF,0x07,0x00,0x00,   // U+56E0 因
            0x00,0x00,0xFE,0x07,0x82,0x04,0x92,0x04,0x52,0x04,0x12,0x05,0x32,0x05,0xFA,0x05,0x12,0x04,0x12,0x04,0xFE,0x07,0x00,0x00,   // U+56E2 团
            0x00,0x00,0xFE,0x07,0x0A,0x04,0x6A,0x04,0x4A,0x04,0x4A,0x04,0xFE,0x05,0x4A,0x05,0x6A,0x05,0x8A,0x04,0xFE,0x07,0x00,0x00,   // U+56E4 囤
            0x00,0x00,0xFF,0x07,0x01,0x02,0x89,0x02,0x49,0x02,0x19,0x02,0xFD,0x02,0x69,0x02,0x89,0x02,0x01,0x02,0xFF,0x07,0x00,0x00,   // U+56F0 困
            0x00,0x00,0xFE,0x07,0x82,0x04,0xAA,0x04,0xAA,0x04,0xFE,0x07,0xAA,0x04,0xAA,0x06,0xAA,0x07,0x02,0x04,0xFE,0x07,0x00,0x00,   // U+56F4 围
            0x00,0x00,0xFE,0x07,0x02,0x04,0x12,0x04,0xD2,0x05,0x52,0x05,0x7A,0x05,0x52,0x05,0xD2,0x05,0x12,0x04,0xFE,0x07,0x00,0x00,   // U+56FA 固
            0x00,0x00,0xFE,0x07,0x12,0x04,0x4A,0x06,0x9A,0x06,0xAA,0x06,0xAA,0x04,0x3A,0x04,0x4A,0x04,0x42,0x04,0xFE,0x07,0x00,0x00,   // U+56FE 图
            0x00,0x00,0xFF,0x07,0x01,0x02,0x77,0x02,0x95,0x02,0x95,0x02,0x75,0x02,0x95,0x02,0x77,0x02,0x01,0x02,0xFF,0x07,0x00,0x00,   // U+5706 圆
            0x00,0x00,0xFE,0x07,0xC2,0x04,0xD6,0x04,0xDA,0x07,0x72,0x04,0x56,0x05,0xD2,0x05,0xD2,0x06,0x52,0x04,0xFE,0x07,0x00,0x00,   // U+5708 圈
            0x00,0x04,0x10,0x04,0x10,0x04,0x10,0x04,0x10,0x04,0xFF,0x07,0x10,0x04,0x10,0x04,0x10,0x04,0x10,0x04,0x10,0x04,0x00,0x04,   // U+571F 土
            0x82,0x00,0x42,0x00,0xF2,0x07,0x0A,0x04,0x26,0x04,0x23,0x04,0x22,0x04,0xFA,0x07,0x22,0x04,0x22,0x04,0x22,0x04,0x02,0x04,   // U+5728 在
            0x08,0x02,0x08,0x02,0xFF,0x01,0x08,0x01,0x10,0x00,0xFE,0x03,0x08,0x04,0xFF,0x05,0x48,0x04,0x44,0x04,0x3C,0x06,0x80,0x03,   // U+5730 地
            0x04,0x01,0x04,0x01,0xFF,0x00,0x84,0x02,0x84,0x01,0x91,0x04,0x79,0x02,0x95,0x01,0x77,0x04,0x13,0x04,0xF1,0x07,0x00,0x00,   // U+573A 场
            0x08,0x01,0x08,0x01,0xFF,0x00,0x88,0x04,0x81,0x03,0x7F,0x04,0x31,0x04,0x81,0x02,0x9D,0x01,0xD3,0x02,0x30,0x04,0x00,0x04,   // U+573E 圾
            0x08,0x02,0x08,0x01,0xFF,0x01,0x08,0x05,0x80,0x04,0xFC,0x07,0x00,0x04,0x00,0x04,0xFF,0x07,0x10,0x04,0x10,0x04,0x10,0x04,   // U+5740 址
            0x08,0x02,0x08,0x01,0xFF,0x01,0x08,0x01,0x90,0x00,0x0E,0x01,0x87,0x00,0x94,0x04,0x84,0x04,0x44,0x04,0xFC,0x07,0x00,0x00,   // U+5747 均
            0x04,0x01,0x84,0x00,0xFF,0x00,0x84,0x00,0x41,0x03,0xC1,0x00,0x31,0x00,0xF7,0x07,0x01,0x00,0x11,0x00,0x61,0x00,0x81,0x01,   // U+574F 坏
            0x40,0x04,0xB8,0x04,0x8E,0x04,0x90,0x04,0xA0,0x04,0x80,0x04,0xFF,0x07,0xA0,0x04,0x98,0x04,0x8E,0x04,0x90,0x04,0x20,0x04,   // U+5750 坐
            0x08,0x01,0x08,0x01,0xFF,0x00,0x88,0x04,0x84,0x02,0xF4,0x01,0x14,0x00,0x15,0x00,0x16,0x00,0xF4,0x07,0x04,0x04,0x04,0x03,   // U+5751 坑
            0x08,0x01,0x08,0x01,0xFF,0x00,0x88,0x04,0xC8,0x00,0x44,0x02,0xC4,0x01,0xFF,0x00,0x44,0x01,0x44,0x02,0x7C,0x04,0x40,0x04,   // U+5757 块
            0x00,0x04,0x7F,0x05,0x11,0x05,0x17,0x05,0x59,0x05,0xA0,0x07,0x18,0x05,0x0F,0x05,0x18,0x05,0x20,0x05,0x40,0x04,0x00,0x00,   // U+5760 坠
            0x08,0x02,0x08,0x02,0xFF,0x01,0x08,0x01,0x00,0x05,0xFE,0x04,0x92,0x04,0x92,0x04,0x92,0x04,0x92,0x04,0xFE,0x04,0x00,0x04,   // U+5766 坦
            0x08,0x02,0x08,0x00,0xFF,0x01,0x08,0x01,0x88,0x00,0x0C,0x00,0xF4,0x07,0x85,0x04,0x46,0x04,0x44,0x04,0x24,0x04,0x8C,0x03,   // U+5768 坨
            0x28,0x01,0x2A,0x05,0xFA,0x05,0x2A,0x05,0x2A,0x05,0xFE,0x07,0x28,0x05,0x29,0x05,0xF9,0x05,0x29,0x05,0x28,0x01,0x00,0x00,   // U+5782 垂
            0x08,0x02,0x08,0x02,0xFF,0x01,0x08,0x01,0x00,0x05,0x74,0x04,0xC4,0x05,0x05,0x04,0x06,0x07,0xE4,0x04,0x34,0x04,0x04,0x04,   // U+5783 垃
            0x48,0x04,0x29,0x05,0x1F,0x05,0x09,0x05,0x09,0x05,0xFF,0x07,0x09,0x05,0x08,0x05,0x5F,0x05,0x40,0x05,0x7F,0x05,0x00,0x04,   // U+578B 型
            0x00,0x04,0xA0,0x04,0xB4,0x04,0xAE,0x04,0xB4,0x04,0xA5,0x04,0xA4,0x04,0xB4,0x04,0xA6,0x04,0xB4,0x04,0xA0,0x04,0x00,0x04,   // U+5792 垒
            0x4C,0x04,0x4C,0x05,0x7F,0x05,0x0C,0x05,0x54,0x05,0xE4,0x07,0x34,0x05,0x1F,0x05,0x24,0x05,0x3C,0x05,0x40,0x05,0x30,0x04,   // U+57AB 垫
            0x08,0x02,0x08,0x02,0xFF,0x01,0x08,0x01,0x08,0x05,0x9F,0x04,0x95,0x04,0xFF,0x07,0x95,0x04,0x95,0x04,0x9F,0x04,0x00,0x04,   // U+57CB 埋
            0x00,0x02,0x08,0x01,0xFF,0x01,0x88,0x02,0x74,0x02,0x54,0x01,0x74,0x05,0x04,0x02,0xFF,0x03,0x64,0x06,0x14,0x04,0x04,0x03,   // U+57DF 域
            0xA2,0x00,0xA2,0x04,0xFF,0x04,0x6A,0x05,0x2A,0x05,0xAA,0x07,0x2A,0x05,0x6A,0x05,0xFF,0x04,0xA2,0x04,0xA2,0x00,0x00,0x00,   // U+57FA 基
            0x08,0x01,0x08,0x01,0xFF,0x00,0x88,0x00,0x98,0x00,0xFE,0x07,0x55,0x02,0x54,0x02,0x55,0x02,0xFE,0x03,0x54,0x02,0x54,0x02,   // U+5806 堆
            0x08,0x02,0x08,0x02,0xFE,0x01,0x88,0x01,0x10,0x00,0xD4,0x07,0x54,0x05,0x5E,0x05,0x54,0x05,0x58,0x05,0xD0,0x07,0x14,0x00,   // U+5835 堵
            0x08,0x01,0x08,0x01,0xFF,0x00,0x88,0x00,0xC0,0x02,0x5F,0x05,0xD5,0x07,0x15,0x00,0xD5,0x01,0x55,0x05,0xDF,0x07,0x00,0x00,   // U+584C 塌
            0x1A,0x04,0x93,0x04,0x7E,0x05,0x13,0x05,0x5A,0x05,0xA2,0x07,0x1F,0x05,0x55,0x05,0x55,0x05,0x7F,0x05,0x00,0x04,0x00,0x00,   // U+5851 塑
            0x10,0x02,0xFE,0x03,0x10,0x01,0x54,0x01,0xAE,0x07,0x94,0x02,0x8C,0x02,0x9E,0x02,0xA4,0x07,0x24,0x00,0x40,0x00,0x00,0x00,   // U+5854 塔
            0x00,0x00,0x5C,0x00,0x54,0x04,0x54,0x04,0x7C,0x05,0xD4,0x07,0x56,0x05,0x7C,0x05,0x54,0x04,0xD4,0x04,0x5C,0x00,0x00,0x00,   // U+585E 塞
            0x08,0x02,0x08,0x00,0xFF,0x01,0x08,0x03,0x02,0x06,0xFA,0x03,0xAA,0x02,0xAF,0x02,0xAA,0x02,0xAA,0x02,0xFA,0x03,0x02,0x06,   // U+586B 填
            0x08,0x01,0xFF,0x00,0x88,0x04,0x00,0x04,0xFA,0x02,0xAE,0x01,0xAA,0x00,0xAB,0x03,0xAA,0x04,0xFA,0x04,0x08,0x03,0x00,0x00,   // U+5883 境
            0x00,0x00,0x08,0x01,0xFE,0x00,0x88,0x00,0xE0,0x03,0x2C,0x02,0xE4,0x02,0xBE,0x02,0xA4,0x02,0xEC,0x02,0xE0,0x03,0x00,0x00,   // U+5899 墙
            0x00,0x02,0x04,0x02,0xFF,0x01,0x04,0x01,0x1E,0x00,0xD2,0x03,0x56,0x05,0x5E,0x05,0x52,0x05,0x5B,0x05,0xD6,0x03,0x1E,0x00,   // U+589E 增
            0x00,0x00,0x20,0x04,0x2F,0x05,0x2B,0x05,0x6D,0x05,0x29,0x05,0xBF,0x07,0x6F,0x05,0x2B,0x05,0x29,0x05,0x6F,0x05,0x00,0x00,   // U+58A8 墨
            0x60,0x04,0x1F,0x05,0x75,0x05,0x55,0x05,0x55,0x05,0x77,0x05,0x88,0x07,0x2E,0x05,0x7B,0x05,0x2A,0x05,0x2A,0x05,0x0A,0x04,   // U+58C1 壁
            0x8C,0x00,0x40,0x00,0xFF,0x07,0x00,0x00,0x08,0x04,0x08,0x04,0x08,0x04,0xFF,0x07,0x08,0x04,0x08,0x04,0x08,0x00,0x00,0x00,   // U+58EE 壮
            0x02,0x04,0x02,0x02,0xEA,0x01,0xAA,0x00,0xAA,0x00,0xAA,0x00,0xEF,0x00,0xAA,0x00,0xAA,0x00,0xAA,0x00,0xEA,0x00,0x02,0x00,   // U+58F0 声
            0x62,0x04,0x2A,0x04,0x2A,0x02,0xAA,0x01,0xAA,0x00,0xAF,0x00,0xAA,0x07,0x2A,0x04,0x2A,0x04,0x2A,0x04,0x62,0x03,0x00,0x00,   // U+58F3 壳
            0x60,0x00,0x3C,0x02,0xC7,0x02,0x84,0x01,0xE4,0x02,0x1C,0x02,0x00,0x04,0xFF,0x05,0x08,0x04,0x10,0x04,0x10,0x04,0x20,0x04,   // U+5904 处
            0x28,0x00,0x28,0x00,0xE4,0x07,0x6E,0x05,0x5C,0x05,0x54,0x05,0xD4,0x07,0x5C,0x05,0x6C,0x05,0xE4,0x07,0x20,0x00,0x20,0x00,   // U+5907 备
            0x08,0x00,0x04,0x01,0xBF,0x04,0xEB,0x00,0xEA,0x00,0xAA,0x02,0xAA,0x00,0xAA,0x02,0xAA,0x03,0xAA,0x00,0xBE,0x04,0x02,0x04,   // U+590D 复
            0x01,0x00,0x81,0x04,0xFD,0x04,0xD5,0x00,0xD5,0x03,0x57,0x03,0x55,0x01,0x55,0x03,0xD5,0x02,0xD5,0x02,0x7D,0x04,0x01,0x04,   // U+590F 夏
            0x60,0x04,0x30,0x04,0x2E,0x02,0x27,0x01,0xC4,0x00,0x64,0x00,0x1C,0x00,0x00,0x00,0xFF,0x07,0x10,0x00,0x20,0x00,0x40,0x00,   // U+5916 外
            0x00,0x00,0x48,0x04,0x40,0x05,0x24,0x05,0xBA,0x00,0x52,0x03,0x53,0x02,0x6A,0x01,0x46,0x01,0xC2,0x00,0x40,0x00,0x00,0x00,   // U+591A 多
            0xC2,0x00,0x62,0x00,0xFA,0x07,0x4E,0x00,0x22,0x04,0x7B,0x04,0xCE,0x02,0x2A,0x01,0xAA,0x01,0x6A,0x02,0x1A,0x04,0x02,0x04,   // U+591C 夜
            0x08,0x00,0xFA,0x01,0x8B,0x04,0xFA,0x04,0x02,0x04,0xFE,0x03,0xA0,0x04,0xC2,0x04,0x7B,0x03,0x6A,0x01,0xC6,0x00,0x42,0x00,   // U+591F 够
            0x08,0x04,0x08,0x06,0x08,0x02,0x08,0x01,0xC8,0x00,0x3F,0x00,0xC8,0x00,0x08,0x01,0x08,0x02,0x08,0x04,0x08,0x04,0x00,0x00,   // U+5927 大
            0x10,0x04,0x11,0x06,0x11,0x02,0x11,0x01,0xF1,0x00,0x3F,0x00,0x91,0x00,0x11,0x01,0x11,0x02,0x11,0x04,0x10,0x04,0x00,0x00,   // U+5929 天
            0x08,0x04,0x08,0x02,0x08,0x02,0x88,0x01,0x68,0x02,0x3F,0x04,0x68,0x00,0x88,0x01,0x08,0x02,0x08,0x06,0x08,0x04,0x00,0x00,   // U+592A 太
            0x20,0x04,0x24,0x04,0x24,0x02,0x24,0x01,0xA4,0x00,0x7F,0x00,0xE4,0x00,0x24,0x01,0x24,0x02,0x24,0x04,0x20,0x04,0x00,0x00,   // U+592B 夫
            0x00,0x04,0x40,0x04,0x7C,0x00,0x44,0x02,0x44,0x01,0xFF,0x00,0xC4,0x00,0x44,0x01,0x44,0x02,0x7C,0x02,0x40,0x04,0x00,0x04,   // U+592E 央
            0x28,0x04,0x26,0x04,0x27,0x02,0x24,0x01,0xA4,0x00,0x7F,0x00,0xA4,0x00,0x24,0x01,0x24,0x02,0x24,0x04,0x20,0x04,0x00,0x00,   // U+5931 失
            0x40,0x04,0x44,0x04,0x49,0x02,0x56,0x02,0x40,0x01,0xFF,0x01,0x40,0x01,0x40,0x01,0x40,0x02,0x40,0x00,0x40,0x04,0x00,0x00,   // U+5934 头
            0x12,0x00,0x52,0x00,0x52,0x00,0xCA,0x01,0x5E,0x01,0x56,0x05,0x53,0x05,0x56,0x05,0x5E,0x05,0x4A,0x03,0x4A,0x00,0x0A,0x00,   // U+5938 夸
            0x44,0x04,0x4C,0x04,0x54,0x02,0x44,0x01,0xC4,0x00,0x7F,0x00,0x54,0x01,0x4C,0x02,0x4C,0x02,0x44,0x04,0x00,0x04,0x00,0x00,   // U+5939 夹
            0x52,0x00,0x52,0x00,0x42,0x01,0x4A,0x03,0x46,0x02,0x46,0x04,0x47,0x04,0x4A,0x04,0xEA,0x07,0x52,0x00,0x52,0x00,0x40,0x00,   // U+593A 夺
            0x2A,0x00,0xAA,0x07,0xAA,0x02,0xA6,0x02,0xA6,0x02,0xA7,0x03,0x26,0x04,0x22,0x04,0xEA,0x07,0x2A,0x00,0x20,0x00,0x00,0x00,   // U+5947 奇
            0xA0,0x00,0xAA,0x04,0xEA,0x04,0xAA,0x02,0xBA,0x01,0xEF,0x01,0xAA,0x01,0xAA,0x02,0xEA,0x02,0xAA,0x04,0xA2,0x00,0x00,0x00,   // U+594F 奏
            0x00,0x04,0xAA,0x04,0xAA,0x04,0xFF,0x02,0xAA,0x03,0xA2,0x01,0xA1,0x01,0x9F,0x03,0xA1,0x02,0xA1,0x04,0x9F,0x04,0x00,0x00,   // U+5951 契
            0x10,0x00,0x82,0x00,0x8A,0x04,0xFE,0x06,0xAE,0x01,0xAB,0x00,0xAA,0x02,0xAA,0x03,0xAE,0x02,0xA2,0x02,0x8A,0x04,0x88,0x00,   // U+5957 套
            0x54,0x01,0x54,0x01,0x44,0x01,0x5C,0x07,0xD4,0x05,0xFE,0x05,0x54,0x05,0x74,0x05,0x6C,0x05,0x54,0x07,0x54,0x00,0x54,0x00,   // U+5962 奢
            0x04,0x04,0x7C,0x02,0x87,0x01,0xC4,0x01,0x3C,0x02,0x21,0x00,0x21,0x04,0x21,0x04,0xFD,0x07,0x23,0x00,0x21,0x00,0x00,0x00,   // U+597D 好
            0x04,0x04,0x7C,0x02,0x87,0x01,0xC4,0x01,0x3C,0x01,0x00,0x02,0xFE,0x07,0x02,0x02,0x02,0x02,0x02,0x02,0xFE,0x07,0x00,0x00,   // U+5982 如
            0x04,0x04,0x7C,0x02,0x87,0x01,0xE4,0x00,0x1C,0x05,0x60,0x04,0x1C,0x02,0x00,0x02,0x7F,0x01,0x84,0x00,0x58,0x00,0x20,0x00,   // U+5999 妙
            0x40,0x04,0x4A,0x04,0x52,0x05,0x62,0x01,0x52,0x03,0x5E,0x02,0x40,0x01,0x51,0x03,0xC9,0x00,0x45,0x04,0x40,0x04,0x00,0x00,   // U+59A5 妥
            0x08,0x04,0xF8,0x02,0x8F,0x03,0xC8,0x01,0x38,0x02,0xC8,0x07,0x4E,0x02,0x41,0x02,0x50,0x02,0x54,0x02,0xD8,0x07,0x20,0x00,   // U+59CB 始
            0x04,0x04,0x7C,0x02,0x87,0x01,0xC4,0x01,0x3C,0x02,0x18,0x04,0x46,0x04,0x44,0x04,0xFF,0x07,0x44,0x04,0x44,0x04,0x44,0x04,   // U+59D3 姓
            0xA8,0x04,0xAA,0x04,0x8A,0x05,0x9A,0x04,0xCA,0x02,0xBE,0x02,0x8A,0x02,0x99,0x03,0x89,0x01,0xA9,0x04,0xA8,0x04,0x00,0x00,   // U+59D4 委
            0x41,0x04,0x48,0x04,0xCA,0x04,0x44,0x01,0x72,0x03,0x43,0x03,0x4A,0x03,0x46,0x03,0xCA,0x02,0x56,0x04,0x52,0x04,0x00,0x00,   // U+59FF 姿
            0x00,0x06,0xFC,0x01,0x54,0x04,0xD4,0x00,0x74,0x02,0x54,0x03,0xD4,0x06,0x3F,0x02,0xC4,0x03,0xC5,0x06,0x36,0x04,0x04,0x03,   // U+5A01 威
            0x00,0x04,0xF8,0x02,0x8E,0x01,0x78,0x06,0x44,0x01,0x66,0x03,0xFC,0x07,0x64,0x01,0xFE,0x07,0x64,0x03,0xE4,0x01,0x44,0x04,   // U+5ACC 嫌
            0x20,0x00,0x21,0x00,0x21,0x00,0x21,0x04,0x21,0x04,0x21,0x04,0xF9,0x07,0x25,0x00,0x23,0x00,0x23,0x00,0x21,0x00,0x20,0x00,   // U+5B50 子
            0x8C,0x00,0x84,0x00,0x94,0x00,0x94,0x08,0x95,0x08,0x96,0x0F,0xD4,0x00,0xB4,0x00,0x94,0x00,0x84,0x00,0x8C,0x00,0x00,0x00,   // U+5B57 字
            0x42,0x00,0x22,0x00,0xFA,0x07,0x06,0x00,0x4B,0x00,0x4A,0x04,0x4A,0x04,0xEA,0x07,0x5A,0x00,0x5A,0x00,0x4A,0x00,0x42,0x00,   // U+5B58 存
            0x41,0x04,0x21,0x04,0xFD,0x07,0x23,0x04,0x10,0x03,0xFE,0x01,0x02,0x00,0xFE,0x07,0x01,0x07,0x7F,0x06,0x81,0x03,0x00,0x04,   // U+5B64 孤
            0x00,0x00,0x84,0x00,0x85,0x00,0x96,0x00,0x94,0x04,0x95,0x04,0xD6,0x07,0xB4,0x00,0x96,0x00,0x85,0x00,0x8C,0x00,0x00,0x00,   // U+5B66 学
            0x92,0x00,0x8A,0x00,0xA6,0x00,0xA2,0x04,0xBE,0x04,0xA3,0x04,0xA3,0x07,0xFE,0x00,0xA2,0x00,0xA6,0x00,0x8A,0x00,0x92,0x00,   // U+5B6A 孪
            0x00,0x00,0x2C,0x00,0x24,0x00,0x24,0x04,0x24,0x04,0x25,0x04,0xE6,0x07,0x24,0x00,0x24,0x00,0x24,0x00,0x2C,0x00,0x00,0x00,   // U+5B81 宁
            0x00,0x00,0x0C,0x00,0x04,0x00,0xF4,0x07,0x84,0x04,0x87,0x04,0x46,0x04,0x44,0x04,0x24,0x04,0x24,0x04,0x0C,0x03,0x00,0x00,   // U+5B83 它
            0x00,0x00,0x2C,0x00,0x64,0x00,0xA4,0x00,0x24,0x01,0x25,0x04,0x26,0x04,0x24,0x04,0xF4,0x03,0x24,0x00,0x2C,0x00,0x00,0x00,   // U+5B88 守
            0x20,0x04,0x2C,0x04,0xA4,0x04,0xA4,0x02,0x34,0x03,0x25,0x03,0x26,0x03,0xA4,0x02,0x64,0x02,0x24,0x04,0x2C,0x04,0x20,0x00,   // U+5B89 安
            0x4C,0x04,0x54,0x04,0x54,0x02,0xD4,0x01,0x55,0x00,0x56,0x00,0xD4,0x03,0x54,0x04,0x54,0x04,0x54,0x04,0x4C,0x03,0x00,0x00,   // U+5B8C 完
            0x00,0x04,0x16,0x02,0x12,0x01,0x52,0x03,0x12,0x02,0x13,0x04,0xF2,0x07,0x92,0x04,0x92,0x04,0x92,0x04,0x96,0x04,0x10,0x04,   // U+5B9A 定
            0x00,0x00,0x0C,0x04,0x04,0x04,0xF4,0x07,0x54,0x05,0x55,0x05,0x56,0x05,0x54,0x05,0x54,0x05,0xF4,0x07,0x0C,0x04,0x00,0x00,   // U+5B9C 宜
            0x00,0x00,0x12,0x04,0x92,0x04,0x92,0x04,0x92,0x04,0xF3,0x07,0x93,0x04,0x92,0x04,0x92,0x04,0x92,0x04,0x12,0x04,0x00,0x00,   // U+5B9D 宝
            0x00,0x00,0x8E,0x04,0xA2,0x04,0x8A,0x00,0xD2,0x02,0x83,0x01,0xF2,0x01,0x82,0x02,0x82,0x02,0x82,0x04,0x8E,0x04,0x00,0x00,   // U+5B9E 实
            0x06,0x00,0xF2,0x03,0x52,0x01,0x52,0x01,0x52,0x01,0xFB,0x07,0x52,0x01,0x52,0x01,0x52,0x01,0xF2,0x03,0x06,0x00,0x00,0x00,   // U+5BA1 审
            0x80,0x00,0xAC,0x00,0xA4,0x07,0x14,0x05,0x34,0x05,0x56,0x05,0x54,0x05,0x54,0x05,0x34,0x05,0x94,0x07,0x8C,0x00,0x80,0x00,   // U+5BA2 客
            0x00,0x00,0x03,0x04,0xF5,0x05,0x55,0x05,0x55,0x05,0x55,0x05,0x55,0x05,0x55,0x05,0x55,0x05,0xF5,0x05,0x03,0x04,0x00,0x00,   // U+5BA3 宣
            0x00,0x00,0x06,0x04,0x4A,0x05,0x6A,0x05,0x5A,0x05,0xCB,0x07,0x4B,0x05,0x4A,0x05,0x6A,0x05,0x4A,0x05,0x46,0x05,0x00,0x00,   // U+5BA4 室
            0x0C,0x01,0x54,0x07,0x54,0x05,0x54,0x05,0x54,0x05,0xFC,0x05,0x56,0x05,0x54,0x05,0x54,0x05,0x54,0x07,0x0C,0x01,0x00,0x00,   // U+5BB3 害
            0x46,0x05,0x4A,0x05,0xAA,0x00,0xDA,0x06,0x7B,0x05,0x8A,0x04,0x4A,0x00,0xCA,0x00,0x2A,0x01,0x06,0x02,0x00,0x02,0x00,0x00,   // U+5BB6 家
            0x80,0x00,0x96,0x00,0xD2,0x07,0xCA,0x02,0xAA,0x02,0x92,0x02,0x93,0x02,0xAA,0x02,0x8A,0x02,0xD2,0x07,0x96,0x00,0x80,0x00,   // U+5BB9 容
            0x0E,0x04,0xEA,0x05,0x2A,0x00,0x3E,0x02,0xAA,0x01,0x2B,0x03,0x2A,0x04,0x3E,0x04,0xEA,0x05,0x0E,0x04,0x08,0x03,0x00,0x00,   // U+5BBD 宽
            0x80,0x00,0x4C,0x00,0xF4,0x07,0x0C,0x00,0xD4,0x07,0x56,0x05,0x54,0x05,0x74,0x05,0x54,0x05,0xD4,0x07,0x1C,0x00,0x00,0x00,   // U+5BBF 宿
            0x40,0x02,0x46,0x05,0x7A,0x04,0xE2,0x07,0x62,0x01,0x53,0x06,0x72,0x04,0x92,0x03,0x12,0x03,0xD2,0x02,0x36,0x04,0x00,0x04,   // U+5BC2 寂
            0x06,0x00,0xCA,0x03,0x02,0x02,0x3A,0x02,0x66,0x02,0xDB,0x03,0x4A,0x02,0x4A,0x02,0x26,0x02,0x92,0x07,0x26,0x00,0x00,0x00,   // U+5BC6 密
            0x00,0x00,0xC7,0x07,0x41,0x05,0x75,0x05,0x55,0x05,0xD5,0x07,0x55,0x05,0x75,0x05,0x45,0x05,0xC1,0x07,0x07,0x00,0x00,0x00,   // U+5BCC 富
            0x86,0x04,0xFA,0x04,0xAA,0x02,0xAE,0x02,0xAA,0x01,0xAA,0x01,0xAB,0x03,0xAE,0x02,0xAA,0x04,0xFA,0x04,0x86,0x04,0x00,0x00,   // U+5BDE 寞
            0xA6,0x04,0xBA,0x00,0x5E,0x03,0x2A,0x05,0x3A,0x05,0x2A,0x07,0x2F,0x01,0x1A,0x01,0x2A,0x03,0x5A,0x04,0x86,0x04,0x00,0x00,   // U+5BDF 察
            0x04,0x00,0x14,0x00,0x64,0x00,0x84,0x04,0x04,0x04,0x04,0x04,0x04,0x04,0xFF,0x03,0x04,0x00,0x04,0x00,0x04,0x00,0x00,0x00,   // U+5BF8 寸
            0x0A,0x04,0x32,0x03,0xE2,0x00,0xB2,0x00,0x0E,0x01,0x14,0x02,0x24,0x00,0x44,0x04,0x04,0x04,0xFF,0x07,0x04,0x00,0x00,0x00,   // U+5BF9 对
            0x40,0x00,0x51,0x00,0x55,0x00,0x55,0x02,0x55,0x02,0x55,0x00,0x55,0x04,0x55,0x04,0xF5,0x07,0x5F,0x00,0x40,0x00,0x00,0x00,   // U+5BFB 寻
            0x80,0x00,0x9F,0x00,0xA5,0x00,0xA5,0x02,0xA5,0x02,0xA5,0x00,0xA5,0x04,0xA5,0x04,0xE7,0x07,0xA0,0x00,0x98,0x00,0x00,0x00,   // U+5BFC 导
            0x20,0x02,0x2A,0x01,0x2A,0x01,0xEA,0x00,0xEA,0x01,0xBF,0x00,0xAA,0x04,0xAA,0x04,0xAA,0x04,0xEA,0x03,0xAA,0x00,0xA2,0x00,   // U+5BFF 寿
            0x92,0x04,0x92,0x04,0x92,0x00,0xFF,0x03,0x92,0x02,0x92,0x02,0x10,0x02,0x34,0x04,0x64,0x04,0x04,0x04,0xFF,0x03,0x04,0x00,   // U+5C01 封
            0x80,0x04,0xFE,0x00,0xAB,0x02,0xAA,0x05,0xAA,0x04,0xFE,0x07,0x14,0x00,0x24,0x04,0x44,0x04,0x04,0x04,0xFF,0x03,0x04,0x00,   // U+5C04 射
            0x04,0x01,0x58,0x00,0xFF,0x07,0x08,0x00,0x64,0x00,0xEA,0x00,0x5B,0x01,0x52,0x04,0x4A,0x04,0xE6,0x07,0x42,0x00,0x40,0x00,   // U+5C06 将
            0x80,0x00,0x60,0x00,0x30,0x00,0x08,0x04,0x00,0x04,0x00,0x04,0xFF,0x07,0x00,0x00,0x08,0x00,0x30,0x00,0x60,0x00,0x80,0x00,   // U+5C0F 小
            0x40,0x04,0x30,0x04,0x18,0x04,0x04,0x02,0x00,0x02,0x7F,0x02,0x00,0x01,0x80,0x01,0x82,0x00,0x4C,0x00,0x18,0x00,0x20,0x00,   // U+5C11 少
        };
        System.arraycopy(part, 0, DATA, 256 * BYTES_PER_GLYPH, part.length);
    }

    // 第 512..767 个字形的点阵（分块的原因见 DATA 的注释）。
    private static void fillGlyphs2() {
        int[] part = {
            0x10,0x02,0x08,0x01,0xCC,0x00,0x26,0x04,0x05,0x04,0x04,0x04,0xFC,0x07,0x04,0x00,0x24,0x00,0xC4,0x00,0x94,0x01,0x0C,0x02,   // U+5C14 尔
            0x48,0x04,0x44,0x04,0x44,0x02,0x42,0x02,0xC0,0x01,0x6F,0x00,0x40,0x01,0x42,0x02,0x44,0x02,0x44,0x04,0x48,0x04,0x00,0x00,   // U+5C16 尖
            0x00,0x00,0xF2,0x07,0x16,0x00,0xD4,0x03,0x50,0x01,0x5F,0x01,0x50,0x01,0x50,0x01,0xD4,0x05,0x12,0x04,0xF2,0x07,0x00,0x00,   // U+5C1A 尚
            0x00,0x00,0x4C,0x00,0x55,0x04,0x56,0x07,0xD4,0x04,0x57,0x04,0x54,0x00,0x54,0x01,0x56,0x03,0x55,0x04,0x4C,0x00,0x00,0x00,   // U+5C1D 尝
            0x10,0x04,0x10,0x02,0x10,0x03,0xD0,0x00,0x7F,0x00,0x10,0x00,0xF0,0x07,0x11,0x04,0x12,0x04,0x10,0x04,0x10,0x03,0x00,0x00,   // U+5C24 尤
            0x84,0x01,0xF4,0x04,0x55,0x04,0xD6,0x07,0xD4,0x04,0x74,0x03,0x88,0x01,0x7F,0x00,0x08,0x00,0xFA,0x07,0x08,0x04,0x08,0x03,   // U+5C31 就
            0x00,0x00,0x00,0x06,0xFE,0x01,0x22,0x00,0x22,0x00,0x22,0x00,0x22,0x00,0x22,0x00,0x22,0x00,0x22,0x00,0x7E,0x00,0x00,0x00,   // U+5C38 尸
            0x00,0x04,0x00,0x03,0xFF,0x00,0x11,0x00,0x11,0x00,0x71,0x00,0x91,0x00,0x11,0x01,0x11,0x02,0x3F,0x04,0x00,0x04,0x00,0x00,   // U+5C3A 尺
            0x00,0x02,0x80,0x01,0x3F,0x00,0x09,0x01,0x49,0x01,0x09,0x02,0x89,0x02,0x19,0x06,0x69,0x04,0x89,0x00,0x8F,0x01,0x00,0x01,   // U+5C3D 尽
            0x00,0x06,0xFF,0x01,0x55,0x01,0x55,0x01,0x55,0x01,0x55,0x01,0xF5,0x03,0x45,0x04,0x05,0x04,0x05,0x04,0x07,0x04,0x00,0x02,   // U+5C3E 尾
            0x00,0x00,0x00,0x06,0xFF,0x01,0x15,0x00,0xD5,0x01,0x55,0x01,0x55,0x01,0x55,0x05,0xD5,0x05,0x15,0x04,0xF7,0x03,0x00,0x00,   // U+5C40 局
            0x00,0x00,0x00,0x06,0xFF,0x01,0x85,0x00,0xA5,0x04,0xA5,0x06,0xA5,0x05,0xA5,0x04,0xA5,0x02,0xA5,0x06,0xAF,0x04,0x00,0x00,   // U+5C42 层
            0x00,0x06,0xFE,0x01,0x2A,0x00,0xAA,0x07,0xAA,0x04,0xAA,0x04,0xFA,0x04,0xAA,0x04,0xAA,0x04,0xAE,0x07,0x20,0x00,0x00,0x00,   // U+5C45 居
            0x00,0x06,0xFE,0x01,0x0A,0x00,0xCA,0x07,0x4A,0x06,0x4A,0x06,0xEA,0x07,0x4A,0x06,0x4A,0x06,0x4A,0x06,0xDE,0x07,0x00,0x00,   // U+5C4A 届
            0x00,0x06,0xFF,0x01,0x05,0x00,0x55,0x05,0x75,0x05,0x75,0x05,0x55,0x05,0x55,0x07,0x55,0x05,0x75,0x05,0x57,0x05,0x00,0x04,   // U+5C4B 屋
            0x00,0x06,0xFF,0x01,0xA5,0x04,0xA5,0x02,0xF5,0x01,0xA5,0x00,0xBD,0x00,0xED,0x07,0xA5,0x00,0xA7,0x00,0x80,0x00,0x00,0x00,   // U+5C4F 屏
            0x00,0x06,0xFF,0x01,0x05,0x00,0xFD,0x07,0x95,0x01,0x95,0x01,0x9D,0x01,0x95,0x01,0x95,0x05,0x9D,0x05,0xF7,0x07,0x00,0x00,   // U+5C51 屑
            0x00,0x06,0xFF,0x03,0xA5,0x00,0xA5,0x07,0xFD,0x04,0xA5,0x05,0xA5,0x01,0xA5,0x02,0xFD,0x02,0xA5,0x05,0xA7,0x05,0x80,0x00,   // U+5C55 展
            0x00,0x06,0xFF,0x01,0x05,0x00,0x05,0x07,0x75,0x01,0x55,0x05,0xFD,0x07,0x55,0x05,0x55,0x03,0x75,0x01,0x03,0x07,0x00,0x00,   // U+5C5E 属
            0xFC,0x03,0x00,0x02,0xFF,0x03,0x00,0x02,0xFC,0x03,0x00,0x00,0x9F,0x00,0x92,0x04,0x92,0x04,0x12,0x04,0xF2,0x03,0x02,0x00,   // U+5C7F 屿
            0x48,0x00,0x48,0x07,0x0C,0x04,0x2A,0x04,0x19,0x04,0xC8,0x07,0x48,0x04,0x49,0x04,0x4A,0x04,0x3C,0x04,0x88,0x07,0x08,0x00,   // U+5C94 岔
            0x00,0x00,0x00,0x03,0x7E,0x02,0x42,0x02,0xC2,0x03,0x43,0x02,0x52,0x02,0x52,0x07,0x52,0x04,0x4E,0x04,0xC0,0x03,0x00,0x00,   // U+5C9B 岛
            0x90,0x00,0x97,0x00,0xD4,0x07,0x74,0x02,0x54,0x02,0x54,0x02,0x57,0x02,0x54,0x02,0x54,0x02,0x54,0x02,0xD7,0x07,0x10,0x00,   // U+5CA9 岩
            0xFC,0x07,0x00,0x04,0xFE,0x07,0x00,0x04,0xFC,0x0F,0x10,0x00,0x48,0x01,0x4E,0x02,0x53,0x03,0xC4,0x05,0x48,0x00,0x10,0x00,   // U+5CAD 岭
            0xFC,0x03,0x00,0x02,0xFF,0x03,0x00,0x02,0xFC,0x07,0x50,0x00,0xD2,0x00,0x52,0x05,0x5F,0x04,0xF2,0x07,0x52,0x00,0x50,0x00,   // U+5CD9 峙
            0xFC,0x03,0x00,0x02,0xFF,0x03,0x00,0x02,0xFC,0x07,0x04,0x02,0xA6,0x02,0xAF,0x02,0xFA,0x03,0xAE,0x02,0xA2,0x02,0x10,0x02,   // U+5CF0 峰
            0x00,0x06,0xFE,0x01,0x4C,0x04,0x5C,0x05,0x5C,0x05,0x5F,0x05,0xFC,0x07,0x5C,0x05,0x5C,0x05,0x5E,0x05,0x48,0x04,0x00,0x00,   // U+5D16 崖
            0x00,0x06,0xFB,0x01,0xAA,0x04,0xAA,0x04,0xFA,0x03,0x02,0x04,0x03,0x02,0xFA,0x01,0xAA,0x04,0xAA,0x04,0xFB,0x07,0x00,0x00,   // U+5D29 崩
            0x10,0x00,0xFB,0x07,0x52,0x04,0x52,0x04,0xFA,0x07,0x13,0x04,0x72,0x02,0x1A,0x03,0xF2,0x01,0x12,0x01,0x57,0x02,0x30,0x04,   // U+5D4C 嵌
            0x00,0x04,0x01,0x04,0x01,0x04,0x01,0x04,0x01,0x04,0xFF,0x07,0x01,0x04,0x01,0x04,0x01,0x04,0x01,0x04,0x01,0x04,0x00,0x04,   // U+5DE5 工
            0x04,0x04,0x04,0x03,0x84,0x04,0x34,0x04,0x2E,0x04,0x25,0x04,0x24,0x04,0xE4,0x07,0x24,0x04,0x24,0x04,0x24,0x04,0x04,0x04,   // U+5DE6 左
            0x02,0x02,0x02,0x02,0xFE,0x01,0x02,0x01,0x00,0x01,0x01,0x00,0x1F,0x04,0x11,0x04,0x11,0x04,0x11,0x04,0xF1,0x03,0x01,0x00,   // U+5DE7 巧
            0xFF,0x07,0x49,0x04,0x49,0x04,0x49,0x04,0x49,0x04,0x49,0x04,0x49,0x04,0x49,0x04,0xF9,0x04,0x01,0x04,0x01,0x04,0x00,0x00,   // U+5DE8 巨
            0x20,0x02,0x2A,0x01,0xAA,0x05,0xEA,0x04,0xEB,0x04,0xBA,0x04,0xAE,0x04,0xAA,0x07,0xAA,0x04,0xAB,0x04,0xAA,0x04,0x22,0x04,   // U+5DEE 差
            0x00,0x00,0xF1,0x03,0x11,0x04,0x11,0x04,0x11,0x04,0x11,0x04,0x11,0x04,0x11,0x04,0x11,0x04,0x3F,0x04,0x00,0x03,0x00,0x00,   // U+5DF1 己
            0xFD,0x03,0x11,0x04,0x11,0x04,0x11,0x04,0x11,0x04,0x11,0x04,0x11,0x04,0x11,0x04,0x11,0x04,0x3F,0x06,0x80,0x03,0x00,0x00,   // U+5DF2 已
            0xFF,0x07,0x11,0x04,0x11,0x04,0x11,0x04,0x1F,0x04,0x11,0x04,0x11,0x04,0x11,0x04,0x11,0x04,0x3F,0x04,0x00,0x03,0x00,0x00,   // U+5DF4 巴
            0x84,0x00,0x64,0x00,0xF4,0x03,0x2C,0x00,0x27,0x00,0xF4,0x07,0x24,0x00,0x24,0x02,0x24,0x02,0xE4,0x03,0x04,0x00,0x00,0x00,   // U+5E03 布
            0x90,0x00,0x55,0x00,0xD5,0x03,0x72,0x00,0x5A,0x00,0xF2,0x07,0x52,0x00,0x52,0x02,0x55,0x02,0xD4,0x03,0x10,0x00,0x00,0x00,   // U+5E0C 希
            0x32,0x00,0xD2,0x03,0x57,0x00,0x52,0x00,0x52,0x00,0xF7,0x07,0x52,0x00,0x52,0x02,0x57,0x02,0xD2,0x03,0x32,0x00,0x00,0x00,   // U+5E26 带
            0xFC,0x00,0x04,0x00,0xFF,0x07,0x84,0x00,0xFC,0x04,0x00,0x04,0xF8,0x02,0x08,0x01,0xFF,0x01,0x0A,0x02,0xFA,0x02,0x02,0x04,   // U+5E27 帧
            0x00,0x06,0xFE,0x01,0x0A,0x00,0x8A,0x03,0xBE,0x00,0xAA,0x00,0xEA,0x07,0xAB,0x00,0xAA,0x04,0xBE,0x04,0x8A,0x03,0x0A,0x00,   // U+5E2D 席
            0x00,0x00,0x06,0x00,0x82,0x03,0xBB,0x00,0xAA,0x00,0xEB,0x07,0xAA,0x00,0xAA,0x02,0xAA,0x02,0xBA,0x03,0x06,0x00,0x00,0x00,   // U+5E38 常
            0x00,0x01,0x41,0x01,0xDD,0x03,0x55,0x01,0x75,0x01,0x55,0x01,0x55,0x01,0x55,0x05,0x55,0x05,0xDD,0x07,0x41,0x01,0x00,0x01,   // U+5E42 幂
            0xFC,0x00,0x04,0x00,0xFF,0x03,0x04,0x00,0xFC,0x01,0xC1,0x03,0x5D,0x05,0x55,0x05,0xD5,0x07,0x55,0x05,0x5D,0x05,0xC1,0x03,   // U+5E45 幅
            0x82,0x02,0x82,0x00,0xFA,0x01,0xAA,0x0F,0xAF,0x02,0xAA,0x02,0xAA,0x07,0xAF,0x0A,0xAA,0x0F,0xFA,0x01,0x82,0x02,0x80,0x02,   // U+5E55 幕
            0x10,0x00,0x11,0x00,0x11,0x00,0x11,0x00,0x11,0x00,0xFF,0x07,0x11,0x00,0x11,0x00,0x11,0x00,0x11,0x00,0x11,0x00,0x10,0x00,   // U+5E72 干
            0x21,0x00,0x25,0x00,0x25,0x00,0x29,0x00,0x21,0x00,0x21,0x00,0xFF,0x07,0x21,0x00,0x29,0x00,0x2D,0x00,0x25,0x00,0x21,0x00,   // U+5E73 平
            0x90,0x00,0x88,0x00,0xF2,0x00,0x93,0x00,0x92,0x00,0x92,0x00,0xFE,0x07,0x92,0x00,0x92,0x00,0x92,0x00,0x92,0x00,0x80,0x00,   // U+5E74 年
            0x40,0x04,0x44,0x06,0x45,0x03,0xFD,0x00,0x46,0x00,0x44,0x00,0x44,0x00,0x46,0x00,0xFE,0x07,0x45,0x00,0x44,0x00,0x44,0x00,   // U+5E76 并
            0x08,0x01,0x4A,0x01,0x4A,0x01,0x5A,0x01,0x6A,0x01,0x4A,0x01,0xCF,0x07,0x4A,0x01,0x7A,0x01,0x5A,0x01,0x4A,0x01,0x08,0x01,   // U+5E78 幸
            0x00,0x00,0xFC,0x07,0x98,0x04,0xB2,0x04,0xC8,0x04,0x80,0x05,0x98,0x04,0xDC,0x04,0xB2,0x04,0x88,0x05,0xFC,0x07,0x00,0x00,   // U+5E7D 幽
            0x00,0x06,0xFC,0x01,0x24,0x02,0x24,0x01,0xA4,0x00,0x65,0x00,0xFE,0x07,0x64,0x00,0xA4,0x00,0x24,0x01,0x24,0x02,0x00,0x00,   // U+5E8A 床
            0x00,0x06,0xFE,0x01,0x42,0x00,0x4A,0x00,0x4A,0x00,0x4A,0x04,0x6B,0x04,0xEA,0x07,0x5A,0x00,0x5A,0x00,0x4A,0x01,0xC2,0x00,   // U+5E8F 序
            0x00,0x06,0xFE,0x01,0x02,0x01,0x6A,0x01,0x5A,0x01,0x4E,0x01,0x4B,0x01,0xEA,0x07,0x4A,0x01,0x4A,0x01,0x4A,0x01,0x02,0x01,   // U+5E93 库
            0x00,0x06,0xFC,0x01,0x04,0x04,0x64,0x04,0x84,0x05,0x36,0x04,0xC4,0x04,0x04,0x07,0xC4,0x04,0x34,0x04,0x04,0x04,0x00,0x00,   // U+5E94 应
            0x00,0x06,0xFE,0x01,0x02,0x00,0xFA,0x07,0x2A,0x02,0x2A,0x01,0xAB,0x02,0xFA,0x04,0x2A,0x03,0x22,0x06,0x22,0x04,0x22,0x03,   // U+5E95 底
            0x00,0x06,0xFE,0x01,0x02,0x04,0x1A,0x02,0xD6,0x05,0x7A,0x04,0x53,0x03,0x52,0x02,0x52,0x03,0xD2,0x00,0x52,0x04,0x12,0x00,   // U+5E9F 废
            0x00,0x06,0xFE,0x05,0x0A,0x04,0x0A,0x05,0x7E,0x05,0x2A,0x07,0x2B,0x05,0x2A,0x07,0x7E,0x07,0x0A,0x05,0x0A,0x04,0x00,0x04,   // U+5EA6 度
            0x00,0x06,0xFE,0x01,0x22,0x04,0x92,0x04,0x9A,0x04,0xA2,0x04,0x83,0x04,0xFE,0x07,0xB2,0x04,0x9A,0x04,0x92,0x04,0x22,0x04,   // U+5EA7 座
            0x00,0x06,0xFF,0x01,0x11,0x02,0x55,0x02,0xD5,0x05,0x55,0x05,0xFF,0x07,0x55,0x01,0x55,0x03,0xD5,0x02,0xFD,0x06,0x11,0x04,   // U+5EB7 康
            0x00,0x0C,0xFE,0x03,0x8A,0x08,0xAA,0x02,0xAE,0x02,0xFE,0x0F,0xAB,0x02,0xFE,0x0F,0xAA,0x02,0xAA,0x02,0xEA,0x0B,0x8A,0x08,   // U+5EC9 廉
            0x00,0x06,0xFE,0x01,0x02,0x00,0xFA,0x07,0xAE,0x04,0xAA,0x06,0xFA,0x03,0x02,0x00,0xFA,0x07,0x6A,0x02,0x9A,0x03,0x00,0x00,   // U+5ECA 廊
            0x00,0x06,0xFE,0x01,0x8A,0x00,0xFA,0x04,0xCE,0x07,0xCA,0x01,0xFB,0x00,0x02,0x00,0xFA,0x07,0x6A,0x02,0x9A,0x03,0x00,0x00,   // U+5ED3 廓
            0x79,0x04,0x9D,0x03,0x97,0x01,0x71,0x02,0x00,0x00,0xFE,0x05,0x02,0x05,0x02,0x05,0xFE,0x05,0x11,0x05,0x11,0x05,0x01,0x05,   // U+5EF6 延
            0xF2,0x08,0x2A,0x05,0x26,0x07,0xE2,0x04,0x08,0x0A,0xAA,0x0A,0xAA,0x0A,0xFF,0x0F,0xAA,0x0A,0xAA,0x0A,0xBE,0x0A,0x08,0x08,   // U+5EFA 建
            0x20,0x04,0x21,0x04,0x21,0x03,0xFF,0x01,0x21,0x00,0x21,0x00,0x21,0x00,0x21,0x00,0xFF,0x07,0x21,0x00,0x21,0x00,0x21,0x00,   // U+5F00 开
            0x80,0x00,0x9F,0x04,0xA5,0x02,0xE5,0x01,0xA5,0x00,0xA5,0x00,0xA5,0x00,0xE5,0x07,0xA7,0x00,0xA0,0x00,0x90,0x00,0x00,0x00,   // U+5F02 异
            0x82,0x00,0x82,0x04,0x92,0x02,0xDA,0x03,0x96,0x00,0x92,0x00,0x93,0x00,0x92,0x00,0xDA,0x07,0x92,0x00,0xA2,0x00,0x82,0x00,   // U+5F03 弃
            0xA0,0x00,0xA5,0x04,0xA5,0x02,0xE5,0x01,0xA5,0x00,0xA5,0x00,0xBF,0x00,0xA5,0x00,0xE5,0x07,0xA5,0x00,0xA5,0x00,0xA1,0x00,   // U+5F04 弄
            0x24,0x04,0x24,0x04,0x24,0x04,0xE4,0x03,0x24,0x02,0x24,0x02,0x24,0x02,0x3F,0x00,0x84,0x01,0x05,0x06,0x04,0x04,0x04,0x03,   // U+5F0F 式
            0x00,0x00,0x79,0x00,0x49,0x04,0x49,0x04,0x49,0x04,0x49,0x04,0xDF,0x03,0x00,0x00,0x00,0x00,0x00,0x00,0xFF,0x07,0x00,0x00,   // U+5F15 引
            0x00,0x04,0xF4,0x04,0x94,0x00,0x95,0x02,0x96,0x01,0x94,0x00,0xFC,0x07,0x96,0x00,0x95,0x02,0x94,0x02,0x9C,0x02,0x80,0x03,   // U+5F1F 弟
            0x79,0x04,0x49,0x04,0x49,0x04,0xCF,0x03,0x10,0x00,0xFF,0x07,0x10,0x04,0x74,0x02,0x92,0x01,0x12,0x02,0x11,0x04,0x00,0x00,   // U+5F20 张
            0x79,0x04,0x49,0x04,0x49,0x04,0xDF,0x03,0x04,0x00,0x64,0x04,0x54,0x06,0xCD,0x05,0x46,0x00,0x24,0x03,0x14,0x03,0x04,0x04,   // U+5F26 弦
            0x79,0x04,0x49,0x04,0x49,0x04,0xCF,0x03,0x00,0x06,0xFE,0x01,0x02,0x00,0xFE,0x07,0x02,0x07,0x7E,0x06,0x81,0x03,0x01,0x04,   // U+5F27 弧
            0x01,0x02,0x3D,0x06,0x25,0x05,0x25,0x05,0xE7,0x03,0x00,0x00,0x3D,0x01,0x25,0x05,0xA5,0x04,0xA5,0x04,0xE7,0x03,0x00,0x00,   // U+5F31 弱
            0x79,0x04,0x49,0x04,0xCF,0x03,0x00,0x00,0x7C,0x01,0x55,0x01,0x56,0x01,0xFC,0x07,0x56,0x01,0x55,0x01,0x7C,0x01,0x00,0x01,   // U+5F39 弹
            0x79,0x04,0x49,0x04,0x49,0x04,0xDF,0x03,0xE0,0x04,0xAF,0x04,0xA5,0x04,0xFD,0x07,0xA5,0x02,0xA5,0x02,0xAF,0x03,0xE0,0x06,   // U+5F3A 强
            0x00,0x00,0xFE,0x04,0x00,0x03,0xFF,0x00,0x00,0x02,0x22,0x02,0x22,0x02,0x22,0x02,0x22,0x02,0x22,0x02,0xFE,0x07,0x00,0x00,   // U+5F52 归
            0x08,0x02,0x49,0x02,0x4B,0x02,0x4A,0x02,0x48,0x02,0x4F,0x02,0x48,0x02,0x48,0x02,0x4A,0x02,0x4B,0x02,0xF9,0x07,0x00,0x00,   // U+5F53 当
            0x10,0x04,0x51,0x02,0x55,0x02,0x95,0x05,0x95,0x04,0xF5,0x07,0x95,0x00,0x15,0x01,0x9F,0x02,0x50,0x04,0x10,0x04,0x00,0x00,   // U+5F55 录
            0x10,0x04,0x11,0x03,0xFF,0x00,0x11,0x00,0x11,0x00,0xFF,0x07,0x11,0x04,0x48,0x02,0x24,0x02,0x22,0x01,0x91,0x00,0x48,0x00,   // U+5F62 形
            0x2A,0x02,0x32,0x01,0xE2,0x00,0xF4,0x07,0xA9,0x00,0x31,0x00,0x09,0x05,0x44,0x06,0x22,0x02,0x22,0x01,0x91,0x00,0x48,0x00,   // U+5F69 彩
            0x40,0x04,0xDF,0x05,0x55,0x07,0x75,0x07,0x55,0x01,0x55,0x03,0xDF,0x05,0x04,0x04,0x40,0x00,0x22,0x02,0x11,0x01,0x88,0x00,   // U+5F71 影
            0x40,0x00,0x24,0x00,0xF2,0x07,0x09,0x00,0x08,0x00,0xFF,0x05,0x88,0x02,0x89,0x01,0x7F,0x04,0x01,0x04,0xFF,0x03,0x00,0x00,   // U+5F7B 彻
            0x18,0x01,0xCC,0x00,0xE6,0x0F,0x31,0x0C,0xF8,0x03,0x48,0x08,0xC8,0x0D,0x7E,0x06,0x48,0x07,0xD8,0x08,0x08,0x08,0x00,0x00,   // U+5F7C 彼
            0xC8,0x00,0x64,0x00,0xF2,0x03,0x09,0x00,0x04,0x04,0x44,0x04,0x44,0x04,0x45,0x04,0xFC,0x07,0x44,0x04,0x44,0x04,0x04,0x04,   // U+5F80 往
            0x80,0x00,0x4C,0x00,0xF6,0x03,0x09,0x00,0x01,0x04,0xF1,0x07,0x01,0x04,0x01,0x04,0xFF,0x07,0x21,0x04,0x21,0x04,0x21,0x04,   // U+5F81 征
            0x84,0x00,0x42,0x00,0xF2,0x03,0x29,0x00,0x61,0x04,0x51,0x04,0x51,0x04,0xC9,0x07,0x4D,0x04,0x53,0x04,0x51,0x04,0x20,0x04,   // U+5F84 径
            0x48,0x00,0x24,0x00,0xF2,0x07,0x09,0x00,0x52,0x00,0x52,0x01,0x52,0x00,0x5F,0x04,0x52,0x04,0xF2,0x07,0x52,0x00,0x50,0x00,   // U+5F85 待
            0x48,0x00,0x24,0x00,0xF2,0x07,0x09,0x00,0x00,0x00,0xFF,0x07,0x25,0x02,0x65,0x01,0xA5,0x01,0xA5,0x03,0xBF,0x02,0x40,0x04,   // U+5F88 很
            0x88,0x00,0x64,0x00,0xF2,0x07,0x09,0x00,0x88,0x02,0xAA,0x02,0xAA,0x02,0xFF,0x07,0xAA,0x02,0xAA,0x02,0xBE,0x02,0x08,0x02,   // U+5F8B 律
            0x88,0x00,0x64,0x00,0xF2,0x03,0x09,0x04,0x24,0x03,0xE4,0x03,0x24,0x04,0xFF,0x07,0xA4,0x04,0xA4,0x04,0x20,0x04,0x00,0x00,   // U+5F92 徒
            0x48,0x00,0x24,0x00,0xF2,0x07,0x09,0x00,0x40,0x01,0x5F,0x01,0x55,0x03,0x55,0x05,0x55,0x05,0xD5,0x07,0x5F,0x01,0x40,0x01,   // U+5F97 得
            0x40,0x00,0x64,0x00,0x1B,0x02,0x14,0x02,0xD3,0x03,0xFE,0x03,0x52,0x01,0x52,0x01,0xFF,0x07,0x01,0x01,0xFF,0x01,0x00,0x00,   // U+5FA1 御
            0x44,0x00,0xE2,0x07,0x09,0x06,0xFF,0x01,0x05,0x00,0xF5,0x03,0x55,0x05,0x5F,0x05,0x55,0x05,0xF5,0x03,0x04,0x00,0x00,0x00,   // U+5FAA 循
            0x4C,0x00,0xF6,0x07,0x11,0x04,0xAE,0x03,0xA8,0x00,0xAF,0x00,0xAE,0x03,0x10,0x04,0x7C,0x02,0xC5,0x01,0x3C,0x02,0x04,0x04,   // U+5FAE 微
            0xC0,0x00,0x30,0x00,0x00,0x00,0xF8,0x03,0x00,0x04,0x01,0x04,0x06,0x04,0x08,0x04,0x00,0x06,0x98,0x03,0x70,0x00,0xC0,0x00,   // U+5FC3 心
            0xC0,0x04,0x30,0x04,0x00,0x02,0xFC,0x07,0x00,0x05,0xC3,0x04,0x66,0x04,0x10,0x04,0x0C,0x04,0x02,0x03,0x30,0x00,0xC0,0x00,   // U+5FC5 必
            0x20,0x00,0x10,0x00,0xFF,0x03,0x08,0x00,0x10,0x02,0x82,0x05,0x42,0x04,0x32,0x04,0x1A,0x04,0x0E,0x04,0x06,0x04,0x80,0x03,   // U+5FC6 忆
            0x00,0x03,0xB9,0x01,0x49,0x00,0xC9,0x03,0x49,0x04,0xC9,0x04,0x49,0x05,0x49,0x04,0x49,0x03,0xCF,0x00,0x20,0x01,0x00,0x02,   // U+5FCC 忌
            0x08,0x03,0xA1,0x01,0x25,0x00,0x91,0x03,0x09,0x04,0x87,0x04,0x21,0x05,0x21,0x04,0x21,0x02,0x31,0x01,0x1F,0x01,0x00,0x02,   // U+5FCD 忍
            0x04,0x03,0xA4,0x01,0x24,0x00,0xA4,0x07,0x24,0x04,0x7F,0x04,0xA4,0x05,0x24,0x04,0x24,0x03,0x24,0x00,0xA4,0x00,0x04,0x03,   // U+5FD7 志
            0x04,0x03,0x84,0x01,0x3C,0x00,0xA4,0x03,0x24,0x04,0x67,0x04,0xA6,0x04,0x24,0x04,0x24,0x04,0xA4,0x03,0x24,0x01,0x04,0x02,   // U+5FD8 忘
            0x30,0x00,0x0C,0x00,0xFF,0x07,0x04,0x04,0x48,0x04,0x44,0x02,0x44,0x01,0xFF,0x00,0xC4,0x01,0x44,0x02,0x7C,0x04,0x40,0x04,   // U+5FEB 快
            0x10,0x06,0x00,0x03,0x28,0x00,0x24,0x07,0x24,0x04,0xAA,0x04,0x31,0x05,0xA2,0x04,0x64,0x03,0x88,0x00,0x00,0x01,0x10,0x02,   // U+5FF5 念
            0x08,0x02,0x84,0x01,0x23,0x00,0x93,0x07,0x5A,0x04,0xA6,0x04,0x12,0x05,0x4E,0x04,0x42,0x03,0xC2,0x00,0x3E,0x01,0x00,0x02,   // U+5FFD 忽
            0x20,0x00,0x18,0x00,0xFF,0x07,0x04,0x01,0xC9,0x00,0x61,0x00,0x19,0x00,0xF7,0x07,0x01,0x00,0x11,0x00,0x61,0x00,0x81,0x00,   // U+6000 怀
            0x44,0x02,0x44,0x01,0x24,0x00,0x84,0x03,0x14,0x04,0x6F,0x04,0x84,0x04,0x04,0x04,0x04,0x02,0x84,0x00,0x24,0x01,0x24,0x02,   // U+6001 态
            0x08,0x03,0x84,0x01,0x03,0x00,0x83,0x03,0x3E,0x04,0xEA,0x04,0xAA,0x05,0x2A,0x04,0x2A,0x03,0xAA,0x00,0x0A,0x01,0x02,0x02,   // U+600E 怎
            0x10,0x00,0x08,0x00,0xFF,0x07,0x0C,0x00,0xFE,0x07,0x22,0x02,0x22,0x02,0x23,0x02,0x22,0x02,0x22,0x02,0xFE,0x07,0x00,0x00,   // U+6015 怕
            0x00,0x03,0xBF,0x01,0x25,0x00,0xA5,0x03,0x25,0x04,0xA5,0x04,0x3F,0x05,0x25,0x04,0x25,0x03,0xA5,0x00,0x3F,0x01,0x00,0x02,   // U+601D 思
            0x08,0x00,0x8C,0x01,0xAC,0x00,0xAA,0x07,0xAB,0x04,0xAA,0x05,0xAE,0x04,0xAA,0x04,0xA8,0x02,0xA8,0x00,0xF8,0x01,0x00,0x02,   // U+6025 急
            0x20,0x00,0x18,0x00,0xFF,0x03,0x04,0x00,0x18,0x04,0x4C,0x04,0x4A,0x04,0x48,0x04,0xFF,0x07,0x48,0x04,0x48,0x04,0x08,0x04,   // U+6027 性
            0x20,0x00,0x18,0x00,0xFF,0x03,0x04,0x00,0x28,0x04,0xA3,0x04,0x95,0x04,0x99,0x07,0x99,0x04,0x85,0x04,0xA3,0x04,0x20,0x04,   // U+602A 怪
            0x00,0x02,0x00,0x01,0x3C,0x00,0x25,0x07,0x26,0x04,0xA4,0x04,0x24,0x05,0x26,0x04,0x25,0x02,0x24,0x01,0x3C,0x01,0x00,0x02,   // U+603B 总
            0x20,0x00,0x18,0x00,0xFF,0x03,0x04,0x00,0x09,0x04,0xFD,0x05,0x25,0x05,0x25,0x05,0x25,0x05,0x25,0x05,0xFD,0x05,0x01,0x04,   // U+6052 恒
            0x20,0x00,0x18,0x00,0xFF,0x07,0x04,0x01,0xC4,0x00,0x3F,0x04,0x24,0x02,0x44,0x01,0xF4,0x00,0x04,0x01,0x44,0x02,0x24,0x04,   // U+6062 恢
            0x00,0x06,0x00,0x03,0xFE,0x00,0xAA,0x07,0xAA,0x08,0xAB,0x0A,0xAA,0x0A,0xAA,0x08,0xAA,0x06,0xFE,0x00,0x00,0x03,0x00,0x06,   // U+606F 息
            0x20,0x00,0x18,0x00,0xFF,0x07,0x10,0x00,0x08,0x00,0xC4,0x07,0x53,0x02,0x53,0x02,0x56,0x02,0x58,0x02,0xC8,0x07,0x10,0x00,   // U+6070 恰
            0x20,0x03,0xA3,0x01,0x2D,0x00,0xA1,0x03,0x3F,0x04,0xA1,0x04,0xA1,0x04,0x3F,0x04,0x29,0x03,0xA5,0x00,0x23,0x01,0x20,0x02,   // U+6076 恶
            0x20,0x00,0x18,0x00,0xFF,0x07,0x08,0x00,0xFB,0x07,0xAE,0x00,0xA8,0x00,0xAF,0x00,0xA8,0x04,0xAE,0x04,0xFB,0x07,0x00,0x00,   // U+6084 悄
            0x50,0x03,0xD2,0x01,0x16,0x00,0xBA,0x03,0x12,0x04,0x92,0x04,0x7E,0x05,0x10,0x04,0x39,0x03,0x15,0x00,0xD1,0x00,0x50,0x02,   // U+6089 悉
            0x00,0x04,0xEE,0x02,0xAA,0x00,0xAA,0x06,0xAA,0x04,0xAA,0x05,0xFF,0x06,0xAA,0x04,0xAA,0x02,0xAA,0x00,0xEE,0x00,0x00,0x02,   // U+60A3 患
            0x40,0x04,0x40,0x03,0x7F,0x01,0xD5,0x07,0x55,0x05,0x55,0x05,0x55,0x07,0x55,0x05,0xD5,0x05,0x7F,0x01,0x40,0x03,0x40,0x02,   // U+60AC 悬
            0x38,0x00,0x00,0x00,0xFF,0x0F,0x28,0x00,0xEA,0x0F,0xAA,0x02,0xAA,0x02,0xBF,0x0A,0xAA,0x0A,0xAA,0x0A,0xEA,0x07,0x22,0x00,   // U+60C5 情
            0x22,0x03,0xAE,0x00,0x2A,0x00,0xAA,0x03,0x2A,0x04,0xAE,0x04,0x42,0x05,0x2F,0x04,0x32,0x02,0x5B,0x00,0x46,0x01,0x22,0x02,   // U+60D1 惑
            0x30,0x00,0x08,0x00,0xFF,0x07,0x88,0x00,0x40,0x02,0x75,0x01,0xD5,0x04,0x55,0x02,0xD5,0x05,0x55,0x04,0xDF,0x07,0x00,0x00,   // U+60D5 惕
            0x10,0x03,0x84,0x01,0x3E,0x00,0xC5,0x03,0x41,0x04,0x79,0x05,0x41,0x05,0x41,0x04,0x7F,0x02,0x49,0x00,0xC9,0x00,0x41,0x03,   // U+60E9 惩
            0x10,0x00,0x0C,0x00,0xFF,0x07,0x0C,0x00,0x9F,0x07,0x95,0x04,0x95,0x02,0x9F,0x03,0x95,0x02,0x95,0x00,0x9F,0x07,0x04,0x04,   // U+60EF 惯
            0x3C,0x00,0xFF,0x0F,0x10,0x00,0x1C,0x00,0xFE,0x0F,0xAE,0x02,0xAB,0x02,0xBA,0x0A,0xAA,0x0A,0xEA,0x07,0x22,0x00,0x00,0x00,   // U+60F0 惰
            0x32,0x03,0x8A,0x01,0x7F,0x00,0x8A,0x03,0x12,0x04,0xFF,0x04,0x55,0x05,0x55,0x04,0x55,0x03,0x55,0x00,0x7F,0x01,0x00,0x02,   // U+60F3 想
            0x08,0x04,0x0A,0x02,0xFA,0x00,0xAE,0x06,0xAE,0x04,0xAA,0x05,0xAB,0x05,0xAA,0x04,0xAE,0x02,0xFA,0x00,0x0A,0x01,0x08,0x02,   // U+610F 意
            0xC0,0x04,0x3E,0x02,0x02,0x00,0xEA,0x06,0xAA,0x04,0xAA,0x04,0xEA,0x05,0x9F,0x04,0x62,0x02,0xB2,0x00,0x8B,0x00,0x62,0x02,   // U+611F 感
            0x00,0x06,0xFF,0x01,0x41,0x02,0x1D,0x01,0x35,0x03,0x55,0x04,0x57,0x05,0x35,0x05,0x15,0x04,0x35,0x02,0x1D,0x01,0x41,0x02,   // U+613F 愿
            0x10,0x00,0x08,0x00,0xFF,0x07,0x08,0x00,0xF0,0x04,0x9F,0x04,0xF5,0x03,0x95,0x02,0x95,0x02,0xF5,0x05,0x9F,0x04,0x70,0x04,   // U+6162 慢
            0x38,0x00,0xFF,0x0F,0x0C,0x00,0x3A,0x0A,0xEA,0x0B,0xAF,0x0A,0xAA,0x0A,0xFA,0x0F,0xAA,0x0A,0xAF,0x0A,0xEA,0x0B,0x22,0x08,   // U+61C2 懂
            0x10,0x00,0xFF,0x07,0x00,0x02,0xFA,0x00,0x8A,0x00,0xFF,0x07,0x8A,0x00,0xFE,0x05,0x0B,0x02,0xFE,0x01,0x0A,0x02,0xF8,0x04,   // U+61D2 懒
            0x0A,0x04,0x32,0x02,0xE2,0x01,0xFE,0x01,0x08,0x06,0x08,0x04,0x08,0x02,0x3F,0x01,0x88,0x01,0x45,0x06,0x14,0x04,0x04,0x03,   // U+620F 戏
            0x00,0x06,0xFC,0x01,0x24,0x02,0x24,0x02,0xE4,0x03,0x04,0x04,0x7F,0x02,0x84,0x01,0x84,0x02,0x64,0x04,0x14,0x04,0x04,0x03,   // U+6210 成
            0x4A,0x04,0x4A,0x04,0x4A,0x04,0xFE,0x03,0x29,0x00,0x29,0x02,0x28,0x00,0x3F,0x01,0xC8,0x01,0x69,0x02,0x1A,0x04,0x08,0x03,   // U+6211 我
            0x04,0x04,0xF4,0x05,0x94,0x04,0x94,0x04,0xF4,0x01,0x04,0x0A,0x04,0x04,0x7F,0x02,0x84,0x03,0xC5,0x04,0x34,0x0C,0x04,0x07,   // U+6216 或
            0xE0,0x07,0x20,0x02,0x3F,0x02,0x24,0x02,0xE4,0x07,0x10,0x02,0x7F,0x01,0x98,0x03,0xC9,0x06,0x2A,0x04,0x00,0x03,0x00,0x00,   // U+6218 战
            0x41,0x04,0x5D,0x04,0x55,0x04,0x75,0x00,0xD7,0x02,0x55,0x03,0x55,0x03,0xF5,0x04,0x55,0x04,0x5D,0x04,0x41,0x03,0x00,0x00,   // U+621B 戛
            0x88,0x00,0xEA,0x03,0xBA,0x02,0xAF,0x02,0xFA,0x03,0xAA,0x02,0xA8,0x02,0x7F,0x02,0x88,0x03,0xC9,0x06,0x2A,0x04,0x08,0x03,   // U+622A 截
            0x13,0x01,0xCD,0x07,0x69,0x05,0x5F,0x05,0xF5,0x07,0x4D,0x05,0x5F,0x05,0x04,0x02,0xFF,0x01,0x85,0x03,0x65,0x04,0x16,0x07,   // U+6233 戳
            0x00,0x00,0x00,0x06,0xFC,0x01,0x24,0x00,0x24,0x00,0x25,0x00,0x26,0x00,0x24,0x00,0x24,0x00,0x24,0x00,0x3C,0x00,0x00,0x00,   // U+6237 户
            0x00,0x06,0xFE,0x01,0x4A,0x00,0x4A,0x00,0x79,0x04,0x01,0x03,0xFE,0x00,0x12,0x00,0x12,0x00,0xF0,0x07,0x11,0x00,0x11,0x00,   // U+6240 所
            0x00,0x06,0xFE,0x01,0xEA,0x07,0x2A,0x01,0x2A,0x01,0xEA,0x07,0x2B,0x01,0xEA,0x07,0x2A,0x05,0x2A,0x05,0xEE,0x07,0x00,0x00,   // U+6241 扁
            0x00,0x06,0xFE,0x01,0x0A,0x02,0x6A,0x05,0xAA,0x05,0xEA,0x07,0x0B,0x00,0xEA,0x02,0xAA,0x07,0x2A,0x06,0xEE,0x07,0x00,0x00,   // U+6247 扇
            0x80,0x00,0x92,0x00,0x92,0x00,0x92,0x04,0x92,0x04,0x92,0x04,0xFE,0x07,0x90,0x00,0x91,0x00,0x91,0x00,0x91,0x00,0x80,0x00,   // U+624B 手
            0x04,0x02,0x04,0x01,0x04,0x01,0x84,0x00,0x44,0x04,0x24,0x04,0x0C,0x04,0xFF,0x07,0x04,0x00,0x04,0x00,0x04,0x00,0x00,0x00,   // U+624D 才
            0x44,0x04,0x44,0x04,0xFF,0x07,0x24,0x00,0x24,0x00,0x00,0x00,0xFF,0x03,0x00,0x04,0x00,0x04,0x00,0x04,0x80,0x03,0x00,0x00,   // U+624E 扎
            0x88,0x04,0x48,0x04,0xFF,0x07,0x48,0x00,0x28,0x00,0x00,0x00,0xFF,0x07,0x10,0x00,0x30,0x00,0x20,0x00,0x40,0x00,0x00,0x00,   // U+6251 扑
            0x44,0x04,0x44,0x04,0xFF,0x07,0x24,0x00,0x24,0x00,0x02,0x00,0x02,0x04,0x02,0x04,0x02,0x04,0xFE,0x07,0x02,0x00,0x02,0x00,   // U+6253 打
            0x44,0x04,0x44,0x04,0xFF,0x07,0x24,0x04,0x02,0x03,0xFE,0x00,0x02,0x00,0x02,0x04,0x1A,0x04,0x16,0x04,0xF0,0x03,0x00,0x00,   // U+6254 扔
            0x44,0x04,0x44,0x04,0xFF,0x07,0x24,0x00,0x04,0x00,0x22,0x00,0x22,0x00,0xFE,0x03,0x00,0x04,0x11,0x04,0x11,0x04,0x90,0x03,   // U+6258 托
            0x44,0x00,0x44,0x04,0xFF,0x07,0x24,0x00,0x24,0x04,0x01,0x04,0x01,0x04,0x01,0x04,0xFF,0x07,0x01,0x04,0x01,0x04,0x00,0x04,   // U+625B 扛
            0x44,0x04,0x44,0x04,0xFF,0x07,0x24,0x00,0x00,0x00,0xFE,0x07,0x02,0x02,0x02,0x02,0x02,0x02,0x02,0x02,0xFE,0x07,0x00,0x00,   // U+6263 扣
            0x44,0x04,0x24,0x04,0xFF,0x07,0x14,0x00,0x24,0x04,0xA4,0x03,0xFF,0x00,0x84,0x00,0x04,0x00,0xFC,0x03,0x00,0x06,0x00,0x03,   // U+6267 执
            0x44,0x04,0x44,0x04,0xFF,0x07,0x24,0x04,0x00,0x03,0xFC,0x01,0x04,0x00,0x05,0x00,0x06,0x00,0x04,0x00,0x04,0x00,0x00,0x00,   // U+6269 扩
            0x44,0x04,0x44,0x04,0xFF,0x07,0x24,0x00,0x24,0x02,0x22,0x02,0x22,0x02,0x22,0x02,0x22,0x02,0x22,0x02,0xFE,0x07,0x00,0x00,   // U+626B 扫
            0x44,0x04,0x24,0x04,0xFF,0x07,0x14,0x01,0x90,0x00,0xD9,0x04,0x35,0x02,0x95,0x01,0x73,0x04,0x13,0x04,0xF1,0x03,0x00,0x00,   // U+626C 扬
            0x44,0x04,0x44,0x04,0xFF,0x07,0x24,0x00,0x00,0x04,0xFC,0x07,0x00,0x04,0x00,0x04,0xFF,0x07,0x08,0x04,0x08,0x04,0x08,0x04,   // U+626F 扯
            0x44,0x04,0x44,0x04,0xFF,0x07,0x24,0x00,0x08,0x06,0x88,0x03,0x7F,0x00,0x08,0x00,0xF9,0x07,0x08,0x04,0x0A,0x04,0x08,0x03,   // U+6270 扰
            0x44,0x04,0x44,0x04,0xFF,0x07,0x24,0x04,0x00,0x03,0xFE,0x05,0x72,0x04,0x92,0x02,0x12,0x01,0xD0,0x02,0x31,0x04,0x01,0x04,   // U+6273 扳
            0x44,0x04,0x44,0x04,0xFF,0x07,0x24,0x00,0x00,0x00,0xFF,0x07,0x08,0x02,0x08,0x01,0xFF,0x07,0x10,0x04,0x08,0x04,0x84,0x03,   // U+6279 批
            0x44,0x04,0x44,0x04,0xFF,0x07,0x24,0x00,0x2C,0x02,0x08,0x01,0x3F,0x01,0xC8,0x01,0x44,0x02,0x25,0x04,0x14,0x04,0x04,0x03,   // U+627E 找
            0x08,0x02,0x89,0x01,0x79,0x00,0x41,0x05,0x51,0x05,0xFD,0x07,0x53,0x01,0x53,0x01,0x79,0x00,0xD1,0x01,0x08,0x02,0x00,0x00,   // U+627F 承
            0x44,0x04,0x44,0x04,0xFF,0x07,0x24,0x00,0x20,0x04,0x64,0x04,0xA4,0x02,0x24,0x03,0x3F,0x03,0xA4,0x02,0x24,0x04,0x04,0x04,   // U+6280 技
            0x44,0x04,0x44,0x04,0xFF,0x07,0x24,0x00,0x24,0x04,0x18,0x04,0x04,0x00,0x00,0x02,0x7F,0x02,0x00,0x01,0x84,0x00,0x58,0x00,   // U+6284 抄
            0x44,0x04,0x44,0x04,0xFF,0x07,0x24,0x00,0x04,0x00,0xFF,0x07,0x11,0x04,0x1F,0x04,0x11,0x04,0x11,0x04,0x3F,0x04,0x00,0x03,   // U+628A 把
            0x44,0x04,0x44,0x04,0xFF,0x07,0x24,0x00,0xFF,0x03,0x01,0x01,0x81,0x00,0xFE,0x07,0x02,0x01,0x02,0x01,0xFE,0x01,0x00,0x00,   // U+6291 抑
            0x44,0x04,0x44,0x04,0xFF,0x07,0x24,0x00,0x00,0x06,0xFE,0x01,0x02,0x00,0xFE,0x07,0x01,0x00,0xFF,0x00,0x81,0x03,0x00,0x04,   // U+6293 抓
            0x44,0x04,0x44,0x04,0xFF,0x07,0x24,0x00,0x00,0x04,0x68,0x00,0xA7,0x03,0x21,0x01,0x21,0x03,0xAF,0x00,0x68,0x04,0x08,0x04,   // U+6295 投
            0x44,0x04,0x44,0x04,0xFF,0x07,0x24,0x00,0x84,0x00,0x82,0x00,0x90,0x00,0x84,0x00,0x40,0x00,0xFF,0x07,0x40,0x00,0x40,0x00,   // U+6296 抖
            0x48,0x04,0x48,0x04,0xFF,0x07,0x28,0x04,0x04,0x02,0xF4,0x01,0x14,0x00,0x15,0x00,0x16,0x00,0xF4,0x07,0x04,0x04,0x00,0x03,   // U+6297 抗
            0x44,0x04,0x44,0x04,0xFF,0x07,0x24,0x00,0x00,0x06,0xFE,0x01,0x12,0x00,0x12,0x00,0x12,0x00,0xF1,0x07,0x11,0x00,0x11,0x00,   // U+6298 折
            0x44,0x04,0xFF,0x07,0x24,0x00,0x08,0x06,0xFF,0x01,0x08,0x00,0xF8,0x03,0x84,0x05,0x7F,0x04,0x04,0x05,0xFC,0x05,0x00,0x03,   // U+629B 抛
            0x44,0x04,0x44,0x04,0xFF,0x07,0x24,0x00,0x08,0x00,0xF0,0x03,0x14,0x04,0x93,0x04,0x93,0x04,0x96,0x04,0x74,0x04,0x08,0x03,   // U+62A2 抢
            0x44,0x04,0x44,0x04,0xFF,0x07,0x24,0x04,0x00,0x03,0xFC,0x01,0x44,0x00,0x45,0x00,0x46,0x00,0x44,0x00,0x7C,0x00,0x00,0x00,   // U+62A4 护
            0x44,0x04,0x44,0x04,0xFF,0x07,0x24,0x00,0x24,0x00,0xFF,0x07,0x61,0x04,0xB1,0x03,0x31,0x03,0xB1,0x03,0x6F,0x04,0x00,0x04,   // U+62A5 报
            0x44,0x04,0x44,0x04,0xFF,0x07,0x24,0x00,0x10,0x00,0xD8,0x07,0x56,0x02,0x51,0x02,0x50,0x02,0x54,0x02,0xD8,0x07,0x20,0x00,   // U+62AC 抬
            0x44,0x04,0xFF,0x07,0x14,0x00,0x00,0x00,0xFE,0x07,0x12,0x02,0x12,0x03,0x7E,0x04,0x10,0x03,0x11,0x04,0x11,0x07,0x00,0x00,   // U+62B5 抵
            0x44,0x04,0x44,0x04,0xFF,0x07,0x24,0x02,0x24,0x01,0x24,0x00,0x24,0x00,0xFF,0x07,0x24,0x00,0x24,0x01,0x24,0x02,0x00,0x00,   // U+62B9 抹
            0x44,0x04,0x44,0x04,0xFF,0x07,0x24,0x00,0xFC,0x07,0x44,0x02,0x44,0x02,0xFF,0x03,0x44,0x02,0x44,0x02,0xFC,0x07,0x00,0x00,   // U+62BD 抽
            0x44,0x04,0x44,0x04,0xFF,0x07,0x24,0x00,0x20,0x04,0xFF,0x05,0x89,0x04,0x89,0x04,0x89,0x04,0x89,0x04,0xFF,0x05,0x00,0x04,   // U+62C5 担
            0x44,0x04,0x44,0x04,0xFF,0x07,0x24,0x04,0x00,0x03,0xFE,0x01,0x12,0x00,0x52,0x00,0x12,0x00,0xF1,0x07,0x11,0x00,0x11,0x01,   // U+62C6 拆
            0x44,0x04,0x44,0x04,0xFF,0x07,0x24,0x00,0x00,0x04,0x14,0x04,0xE4,0x04,0x85,0x05,0x06,0x07,0xE4,0x04,0x34,0x04,0x04,0x04,   // U+62C9 拉
            0x44,0x04,0x44,0x04,0xFF,0x07,0x24,0x00,0x00,0x00,0xFC,0x07,0x47,0x04,0x44,0x04,0x44,0x04,0x44,0x04,0xFC,0x07,0x00,0x00,   // U+62CD 拍
            0x44,0x04,0x44,0x04,0xFF,0x07,0x24,0x00,0x10,0x00,0xC8,0x00,0x42,0x01,0x4B,0x01,0x76,0x03,0xC8,0x04,0x48,0x00,0x10,0x00,   // U+62CE 拎
            0x44,0x04,0x44,0x04,0xFF,0x07,0x24,0x00,0x00,0x04,0x5F,0x00,0x49,0x02,0xF9,0x05,0x49,0x04,0x49,0x04,0xCF,0x07,0x00,0x00,   // U+62D0 拐
            0x44,0x04,0x44,0x04,0xFF,0x07,0x24,0x00,0x24,0x00,0xFF,0x07,0x49,0x04,0x49,0x04,0x49,0x04,0x49,0x04,0xF9,0x04,0x01,0x04,   // U+62D2 拒
            0x44,0x04,0xFF,0x07,0x24,0x00,0x88,0x00,0xE6,0x07,0x47,0x04,0xF4,0x05,0xA4,0x04,0xA4,0x04,0xE4,0x04,0x04,0x03,0x00,0x00,   // U+62D6 拖
            0x44,0x04,0x64,0x04,0xFF,0x03,0x24,0x00,0xCE,0x07,0x10,0x04,0x10,0x04,0xFF,0x07,0x10,0x04,0x10,0x04,0x9E,0x07,0x00,0x00,   // U+62D9 拙
            0x44,0x04,0x44,0x04,0xFF,0x07,0x24,0x00,0x00,0x00,0xFE,0x00,0x81,0x04,0x42,0x04,0x04,0x02,0x80,0x01,0x7F,0x03,0x00,0x04,   // U+62DF 拟
            0x44,0x04,0x44,0x04,0xFF,0x07,0x24,0x04,0x00,0x02,0xC4,0x01,0x7F,0x02,0x04,0x01,0xFC,0x07,0x45,0x04,0x36,0x04,0x04,0x03,   // U+62E2 拢
            0x44,0x04,0x44,0x04,0xFF,0x07,0x24,0x06,0xFF,0x01,0x49,0x00,0x49,0x00,0xFF,0x07,0x49,0x04,0x49,0x04,0xFF,0x07,0x00,0x00,   // U+62E5 拥
            0x44,0x04,0x44,0x04,0xFF,0x07,0x24,0x00,0x20,0x04,0x45,0x04,0x44,0x04,0x44,0x04,0x44,0x04,0x46,0x04,0x45,0x04,0x04,0x04,   // U+62E6 拦
            0x44,0x04,0x44,0x04,0xFF,0x07,0x24,0x02,0x0C,0x01,0x6B,0x04,0x7C,0x04,0xAB,0x03,0x28,0x03,0xA9,0x02,0x6A,0x04,0x08,0x04,   // U+62E8 拨
            0x44,0x04,0x44,0x04,0xFF,0x07,0x24,0x00,0x11,0x01,0x53,0x01,0x4D,0x01,0xE9,0x07,0x4D,0x01,0x47,0x01,0x51,0x01,0x10,0x01,   // U+62E9 择
            0x44,0x04,0x44,0x04,0xFF,0x07,0x24,0x00,0x0A,0x00,0xCA,0x07,0x4A,0x02,0x7E,0x02,0x48,0x02,0x49,0x02,0xC9,0x07,0x09,0x00,   // U+62EC 括
            0x90,0x00,0x14,0x01,0x55,0x01,0x37,0x01,0x76,0x05,0x5E,0x05,0xD7,0x03,0x54,0x01,0x76,0x01,0x55,0x01,0x94,0x01,0x90,0x01,   // U+62F3 拳
            0x44,0x04,0x44,0x04,0xFF,0x07,0xA4,0x00,0x00,0x00,0x0A,0x00,0xAA,0x00,0xFF,0x04,0xAA,0x04,0xAE,0x04,0xAA,0x03,0x09,0x00,   // U+62F7 拷
            0x44,0x04,0x24,0x04,0xFF,0x07,0x14,0x00,0x40,0x04,0x45,0x02,0xFE,0x01,0x44,0x00,0x46,0x00,0xFE,0x07,0x45,0x00,0x44,0x00,   // U+62FC 拼
            0x44,0x04,0x44,0x04,0xFF,0x07,0x24,0x00,0x08,0x00,0xD0,0x07,0x54,0x02,0x52,0x02,0x51,0x02,0x52,0x02,0xD4,0x07,0x08,0x00,   // U+62FE 拾
            0x00,0x01,0x50,0x01,0x5C,0x01,0x54,0x01,0x54,0x05,0x54,0x05,0xF5,0x03,0x55,0x01,0x56,0x01,0x5E,0x01,0x54,0x01,0x04,0x01,   // U+62FF 拿
            0x48,0x04,0x48,0x04,0xFF,0x07,0x28,0x00,0x98,0x00,0x94,0x00,0x94,0x00,0x94,0x04,0x9F,0x04,0xD4,0x07,0x94,0x00,0x90,0x00,   // U+6301 持
            0x44,0x04,0x44,0x04,0xFF,0x07,0x24,0x00,0x10,0x04,0x92,0x04,0x92,0x04,0xFF,0x07,0x92,0x04,0x92,0x04,0x10,0x04,0x00,0x00,   // U+6302 挂
            0x44,0x04,0x44,0x04,0xFF,0x07,0x24,0x00,0x04,0x00,0xE7,0x07,0xAA,0x02,0xAA,0x02,0xAA,0x02,0xA8,0x02,0xE9,0x07,0x06,0x00,   // U+6307 指
            0x48,0x04,0x48,0x04,0xFF,0x07,0x28,0x00,0x08,0x04,0xEC,0x04,0x24,0x00,0x35,0x03,0x26,0x03,0xA4,0x03,0xE4,0x02,0x2C,0x04,   // U+6309 按
            0x44,0x04,0x44,0x04,0xFF,0x07,0x24,0x04,0x86,0x02,0x6C,0x03,0xFF,0x00,0x00,0x00,0xFF,0x07,0x2C,0x04,0x42,0x04,0x40,0x03,   // U+6311 挑
            0x44,0x04,0xFF,0x07,0x24,0x00,0x04,0x00,0x34,0x07,0xAC,0x05,0xA5,0x04,0x64,0x04,0x2C,0x04,0x14,0x04,0x04,0x03,0x00,0x00,   // U+6316 挖
            0x44,0x04,0x44,0x04,0xFF,0x07,0x24,0x00,0x12,0x04,0x94,0x04,0x90,0x04,0x9F,0x04,0x90,0x04,0x94,0x04,0xF2,0x07,0x00,0x00,   // U+6321 挡
            0x00,0x00,0x48,0x04,0xFE,0x07,0x28,0x04,0x44,0x02,0xCC,0x01,0x34,0x00,0x26,0x00,0x34,0x00,0xCC,0x07,0x44,0x00,0x00,0x00,   // U+6324 挤
            0x44,0x04,0x44,0x04,0xFF,0x07,0x24,0x00,0x00,0x02,0x6B,0x02,0x59,0x02,0x4D,0x02,0xF9,0x07,0x49,0x02,0x49,0x02,0x0B,0x02,   // U+6325 挥
            0x44,0x04,0x44,0x04,0xFF,0x07,0x24,0x00,0xC4,0x04,0xA8,0x04,0xBE,0x02,0xA9,0x01,0xE8,0x01,0xAA,0x02,0xAC,0x04,0xA8,0x04,   // U+6328 挨
            0x44,0x04,0xFF,0x07,0x24,0x00,0x49,0x04,0xFF,0x03,0x49,0x04,0xFF,0x07,0x00,0x00,0xFF,0x07,0x01,0x01,0x3D,0x01,0xE3,0x00,   // U+632A 挪
            0x44,0x04,0x64,0x04,0xFF,0x03,0x24,0x06,0xFF,0x01,0x21,0x00,0xE9,0x07,0x29,0x02,0xE9,0x00,0xA9,0x01,0x69,0x02,0x00,0x00,   // U+632F 振
            0x44,0x04,0x44,0x04,0xFF,0x07,0x24,0x00,0x00,0x04,0xBF,0x04,0x95,0x04,0xD5,0x07,0x95,0x04,0x95,0x04,0x9F,0x04,0x00,0x04,   // U+634F 捏
            0x48,0x04,0xFE,0x07,0x28,0x00,0x20,0x00,0xF4,0x07,0x54,0x01,0x54,0x01,0xFE,0x07,0x54,0x05,0x54,0x05,0xF4,0x07,0x00,0x00,   // U+6355 捕
            0x44,0x04,0x44,0x04,0xFF,0x07,0x24,0x00,0x24,0x04,0xF7,0x05,0x15,0x02,0xD5,0x01,0x15,0x01,0x15,0x02,0xF7,0x05,0x00,0x04,   // U+635F 损
            0x44,0x04,0x44,0x04,0xFF,0x07,0x24,0x00,0x08,0x04,0x84,0x07,0x12,0x04,0xD1,0x04,0x92,0x05,0x94,0x07,0x68,0x04,0x08,0x04,   // U+6361 捡
            0x44,0x04,0xFF,0x07,0x24,0x00,0x98,0x04,0xF6,0x04,0x93,0x02,0xF2,0x01,0x9A,0x01,0x96,0x02,0xF0,0x04,0x80,0x04,0x00,0x00,   // U+6362 换
            0x44,0x04,0x44,0x04,0xFF,0x07,0x24,0x04,0x00,0x03,0xFF,0x07,0xA5,0x04,0xA5,0x04,0xF5,0x04,0xA5,0x04,0xA7,0x07,0x20,0x00,   // U+636E 据
            0x44,0x04,0xFF,0x07,0x24,0x04,0x0A,0x02,0xAA,0x03,0x2A,0x00,0xFF,0x07,0x2A,0x05,0x2A,0x05,0x3E,0x05,0x0A,0x04,0x00,0x00,   // U+6377 捷
            0x44,0x04,0xFF,0x07,0x24,0x00,0x30,0x04,0x56,0x04,0xDA,0x00,0x56,0x03,0x58,0x03,0x59,0x03,0xD5,0x04,0x35,0x04,0x00,0x00,   // U+6388 授
            0x44,0x04,0x44,0x04,0xFF,0x07,0x24,0x00,0x00,0x02,0xF8,0x02,0x88,0x02,0x8F,0x07,0x8A,0x02,0x8A,0x02,0xFA,0x02,0x02,0x02,   // U+6389 掉
            0x4C,0x01,0x44,0x01,0x5D,0x01,0x56,0x05,0x54,0x05,0xD7,0x03,0x54,0x01,0x57,0x01,0x5D,0x01,0x44,0x01,0x04,0x01,0x00,0x00,   // U+638C 掌
            0x00,0x00,0x44,0x04,0xFF,0x07,0x04,0x00,0xF2,0x01,0x2F,0x01,0xFA,0x01,0x2A,0x05,0xE2,0x05,0x02,0x04,0xFE,0x03,0x00,0x00,   // U+638F 掏
            0x44,0x04,0x44,0x04,0xFF,0x07,0x24,0x00,0xE8,0x07,0x96,0x02,0x93,0x02,0x02,0x02,0xAA,0x02,0xA6,0x02,0xE2,0x07,0x00,0x00,   // U+6390 掐
            0x44,0x04,0xFF,0x07,0x14,0x00,0x24,0x01,0x24,0x01,0xFF,0x07,0x00,0x00,0xFF,0x07,0x24,0x01,0x24,0x01,0x24,0x01,0x00,0x00,   // U+6392 排
            0x44,0x04,0xFF,0x07,0x14,0x06,0xFF,0x01,0x05,0x00,0x05,0x07,0x75,0x04,0xFD,0x07,0x45,0x04,0x45,0x04,0x77,0x07,0x00,0x00,   // U+6398 掘
            0x44,0x04,0x44,0x04,0xFF,0x07,0x24,0x00,0x02,0x06,0x7A,0x07,0x4A,0x04,0x4A,0x04,0xCB,0x03,0x4A,0x00,0x7A,0x01,0x02,0x02,   // U+63A0 掠
            0x44,0x04,0x44,0x04,0xFF,0x07,0x24,0x00,0x00,0x02,0x33,0x01,0xA9,0x00,0x65,0x00,0xF1,0x07,0xE5,0x00,0x29,0x01,0x33,0x02,   // U+63A2 探
            0x44,0x04,0x44,0x04,0xFF,0x07,0x24,0x00,0x54,0x04,0xD2,0x04,0x5E,0x05,0x73,0x03,0x53,0x03,0x5A,0x03,0xD6,0x02,0x52,0x04,   // U+63A5 接
            0x44,0x04,0x44,0x04,0xFF,0x07,0x24,0x00,0x20,0x04,0x6C,0x04,0x54,0x04,0x4D,0x04,0xC6,0x07,0x54,0x04,0x54,0x04,0x6C,0x04,   // U+63A7 控
            0x44,0x04,0xFF,0x07,0x24,0x00,0x3C,0x00,0xFE,0x07,0x55,0x02,0x55,0x02,0xFE,0x03,0x54,0x02,0x54,0x02,0x54,0x02,0x00,0x00,   // U+63A8 推
            0x44,0x04,0x44,0x04,0xFF,0x07,0x24,0x00,0x0C,0x00,0xFA,0x01,0x16,0x01,0xFB,0x03,0x16,0x05,0x16,0x05,0xFA,0x05,0x0A,0x02,   // U+63A9 掩
            0x48,0x04,0x48,0x04,0xFF,0x07,0x28,0x00,0x10,0x00,0xD4,0x07,0x5F,0x05,0x54,0x05,0x54,0x05,0x5F,0x05,0xD4,0x07,0x14,0x00,   // U+63AA 措
            0x44,0x04,0xFF,0x07,0x24,0x00,0x40,0x00,0x34,0x04,0x36,0x05,0x9D,0x02,0x94,0x02,0x35,0x01,0x16,0x00,0x54,0x00,0x00,0x00,   // U+63BA 掺
            0x04,0x04,0xFF,0x07,0x14,0x00,0xF2,0x07,0x52,0x02,0x57,0x02,0xF2,0x03,0x52,0x02,0x57,0x02,0xF2,0x07,0x02,0x00,0x00,0x00,   // U+63CF 描
            0x44,0x04,0x24,0x04,0xFF,0x07,0x14,0x04,0x40,0x02,0x5F,0x03,0x55,0x02,0x55,0x04,0xD5,0x07,0x55,0x05,0x5F,0x05,0x40,0x04,   // U+63D0 提
            0x44,0x04,0xFF,0x07,0x24,0x00,0x14,0x00,0xEA,0x07,0xAA,0x02,0xAA,0x02,0xFE,0x03,0xA8,0x02,0xA9,0x02,0xE9,0x07,0x09,0x00,   // U+63D2 插
            0x44,0x04,0xFF,0x07,0x14,0x06,0xFF,0x01,0x05,0x04,0x65,0x05,0x65,0x05,0xE5,0x07,0x65,0x05,0x25,0x05,0x2F,0x05,0x00,0x00,   // U+63E1 握
            0x44,0x04,0xFF,0x07,0xA4,0x00,0x6A,0x00,0xFE,0x07,0x29,0x00,0x4C,0x04,0x98,0x03,0xFF,0x00,0x30,0x03,0x0C,0x04,0x00,0x00,   // U+63EA 揪
            0x44,0x04,0xFF,0x07,0x24,0x04,0x00,0x06,0xAA,0x05,0xFA,0x05,0xAA,0x03,0xAC,0x02,0xA9,0x07,0xA9,0x04,0x28,0x04,0x00,0x00,   // U+63F4 援
            0x44,0x04,0x44,0x04,0xFF,0x07,0x24,0x00,0xBE,0x04,0xA9,0x05,0xA9,0x07,0xFF,0x02,0xA2,0x03,0xAA,0x04,0x3E,0x04,0x00,0x04,   // U+641C 搜
            0x44,0x04,0x44,0x04,0xFF,0x07,0x24,0x00,0xE2,0x07,0x2E,0x00,0xAA,0x03,0xAB,0x02,0xAB,0x07,0x2E,0x04,0xE2,0x07,0x00,0x00,   // U+641E 搞
            0x44,0x04,0xFF,0x07,0x04,0x06,0xFE,0x03,0x6F,0x04,0xBA,0x04,0xFE,0x07,0x68,0x04,0xA7,0x03,0xA1,0x03,0x6F,0x02,0x08,0x04,   // U+642C 搬
            0x44,0x04,0xFF,0x07,0x04,0x00,0x22,0x00,0xA2,0x07,0xB7,0x02,0xAA,0x02,0xA6,0x02,0xBF,0x02,0x92,0x07,0x22,0x00,0x00,0x00,   // U+642D 搭
            0x44,0x04,0x44,0x04,0xFF,0x07,0x24,0x00,0x82,0x04,0xBF,0x02,0xAA,0x01,0xAA,0x00,0xBE,0x04,0xAA,0x05,0x2A,0x03,0x00,0x00,   // U+643A 携
            0x44,0x04,0x44,0x04,0xFF,0x07,0x24,0x00,0xAF,0x04,0xA9,0x06,0xAF,0x05,0xF9,0x00,0xAF,0x03,0xA9,0x02,0xAF,0x04,0x00,0x00,   // U+6446 摆
            0x44,0x08,0xFF,0x0F,0x24,0x04,0x1A,0x03,0xF2,0x00,0x9E,0x01,0x10,0x02,0xFE,0x0F,0x97,0x04,0xFE,0x07,0x94,0x04,0x94,0x04,   // U+644A 摊
            0x44,0x04,0x44,0x04,0xFF,0x07,0x24,0x00,0x46,0x01,0x1A,0x01,0x6E,0x01,0x5B,0x01,0xCB,0x07,0x76,0x01,0x0A,0x01,0x26,0x01,   // U+6454 摔
        };
        System.arraycopy(part, 0, DATA, 512 * BYTES_PER_GLYPH, part.length);
    }

    // 第 768..1023 个字形的点阵（分块的原因见 DATA 的注释）。
    private static void fillGlyphs3() {
        int[] part = {
            0x44,0x04,0x44,0x04,0xFF,0x07,0x24,0x00,0xFA,0x07,0x0A,0x00,0xAE,0x03,0xFB,0x02,0xAF,0x07,0x0E,0x04,0xFA,0x07,0x00,0x00,   // U+6458 摘
            0x44,0x04,0xFF,0x07,0x04,0x00,0x30,0x00,0xFB,0x07,0xAE,0x02,0xAB,0x02,0xFE,0x03,0xAA,0x02,0xAB,0x02,0xA8,0x02,0x00,0x00,   // U+6467 摧
            0x44,0x08,0x44,0x08,0xFF,0x0F,0x24,0x00,0x02,0x0A,0xFA,0x0A,0xAF,0x06,0xAA,0x03,0xAA,0x02,0xAF,0x02,0xFA,0x0A,0x02,0x0A,   // U+6478 摸
            0x22,0x04,0x22,0x04,0xFF,0x07,0x12,0x00,0x26,0x02,0xA2,0x02,0xBB,0x06,0xAA,0x06,0xEB,0x07,0xAA,0x02,0xAA,0x02,0x26,0x02,   // U+6491 撑
            0x24,0x04,0xFF,0x07,0x24,0x00,0xEA,0x07,0x2F,0x02,0x2A,0x0A,0xEF,0x0F,0x02,0x04,0x7C,0x02,0xC7,0x01,0x3C,0x02,0x04,0x04,   // U+6492 撒
            0x44,0x04,0xFF,0x07,0xA4,0x04,0xFF,0x02,0xAA,0x01,0xAA,0x01,0xFF,0x02,0x02,0x06,0xFE,0x01,0x12,0x00,0xF1,0x07,0x11,0x00,   // U+6495 撕
            0x44,0x04,0x44,0x04,0xFF,0x07,0x24,0x00,0x08,0x04,0xFA,0x04,0xAE,0x04,0xFA,0x07,0xAF,0x04,0xAE,0x04,0xFA,0x04,0x0A,0x04,   // U+649E 撞
            0x24,0x04,0xFF,0x07,0x24,0x00,0xFA,0x07,0x57,0x01,0x52,0x05,0xFA,0x07,0x12,0x04,0x78,0x02,0xC7,0x01,0x3C,0x02,0x04,0x04,   // U+64A4 撤
            0x42,0x04,0x22,0x04,0xFF,0x07,0x22,0x00,0xE4,0x07,0x25,0x02,0x25,0x02,0xFF,0x03,0x25,0x02,0x2D,0x02,0xF5,0x07,0x14,0x00,   // U+64AD 播
            0x04,0x04,0xFF,0x07,0x14,0x00,0x70,0x05,0x57,0x01,0x75,0x01,0x85,0x07,0x75,0x01,0x57,0x01,0x70,0x05,0x00,0x01,0x00,0x00,   // U+64CD 操
            0x08,0x02,0x9E,0x02,0xAF,0x02,0xAA,0x02,0xBA,0x0A,0xBF,0x0A,0x8A,0x07,0xA6,0x02,0x9B,0x02,0x9A,0x02,0xA6,0x02,0x22,0x02,   // U+64CE 擎
            0x84,0x04,0xFF,0x07,0x24,0x00,0x86,0x04,0xD2,0x02,0xAA,0x01,0xAB,0x04,0xA3,0x07,0xBA,0x01,0xFA,0x02,0x4E,0x04,0x00,0x00,   // U+64E6 擦
            0x44,0x04,0xFF,0x07,0x24,0x00,0x2A,0x00,0x9B,0x07,0xAF,0x04,0x9A,0x02,0xAA,0x03,0x9B,0x02,0x8F,0x00,0xBA,0x07,0x28,0x04,   // U+6512 攒
            0x40,0x00,0x44,0x04,0xFF,0x07,0x24,0x00,0x26,0x00,0x3B,0x01,0xEE,0x08,0x28,0x07,0x2B,0x00,0xEB,0x00,0xBE,0x01,0x02,0x00,   // U+6525 攥
            0x02,0x04,0x12,0x04,0x12,0x04,0x32,0x02,0xD2,0x02,0x92,0x03,0x1F,0x01,0x92,0x02,0x52,0x02,0x32,0x04,0x02,0x04,0x02,0x04,   // U+652F 支
            0xFC,0x01,0x80,0x00,0xFF,0x07,0x10,0x04,0x1E,0x02,0x45,0x02,0x84,0x01,0xC4,0x03,0x3C,0x02,0x04,0x04,0x00,0x04,0x00,0x00,   // U+6536 收
            0xE2,0x07,0x22,0x02,0x22,0x02,0x7E,0x05,0x38,0x04,0x7F,0x02,0x84,0x01,0xC4,0x01,0x3C,0x02,0x04,0x04,0x00,0x04,0x00,0x00,   // U+6539 改
            0x02,0x01,0x82,0x00,0xFE,0x00,0x82,0x00,0x52,0x04,0x08,0x04,0x3E,0x02,0xC5,0x01,0x84,0x01,0x64,0x02,0x1C,0x04,0x04,0x04,   // U+653B 攻
            0x04,0x04,0x04,0x03,0xFD,0x04,0x24,0x04,0xE4,0x07,0x04,0x00,0x14,0x04,0x1C,0x02,0xC5,0x01,0xC4,0x01,0x3C,0x02,0x04,0x04,   // U+653E 放
            0xC4,0x03,0x44,0x02,0x7F,0x02,0x44,0x02,0xC4,0x03,0x14,0x04,0x1C,0x02,0xC5,0x01,0xC4,0x01,0x3C,0x02,0x04,0x04,0x00,0x00,   // U+6545 故
            0x24,0x04,0x54,0x02,0x85,0x03,0x86,0x01,0x54,0x01,0x24,0x02,0x10,0x04,0x1C,0x02,0x47,0x01,0xC4,0x01,0x3C,0x02,0x04,0x04,   // U+6548 效
            0x48,0x00,0xCE,0x01,0x4B,0x05,0x5A,0x05,0x6A,0x05,0xFA,0x03,0x0A,0x05,0x1E,0x02,0xC7,0x01,0xC4,0x01,0x3C,0x02,0x04,0x04,   // U+654F 敏
            0x94,0x04,0xC4,0x04,0xFF,0x03,0xA5,0x00,0x14,0x04,0x30,0x02,0x7E,0x03,0x84,0x01,0x64,0x03,0x1C,0x02,0x04,0x00,0x00,0x00,   // U+6551 救
            0xD0,0x01,0x54,0x05,0xFF,0x07,0xD4,0x01,0x5C,0x05,0x62,0x00,0x3C,0x02,0xC7,0x01,0xC4,0x01,0x3C,0x02,0x04,0x04,0x00,0x00,   // U+6559 教
            0x50,0x02,0x98,0x02,0x14,0x02,0xD2,0x01,0xC4,0x01,0x18,0x05,0x3C,0x02,0xCA,0x03,0xC8,0x01,0x78,0x02,0x08,0x04,0x00,0x00,   // U+655B 敛
            0x04,0x02,0xFD,0x03,0x55,0x00,0x55,0x01,0xFF,0x07,0x10,0x05,0x18,0x04,0x06,0x02,0x87,0x01,0x64,0x01,0x1C,0x02,0x04,0x04,   // U+6562 敢
            0x0A,0x00,0xFA,0x07,0xAF,0x00,0xAA,0x04,0xAF,0x04,0xFA,0x03,0x08,0x04,0x1E,0x02,0xC7,0x01,0xC4,0x01,0x3C,0x02,0x04,0x04,   // U+6563 散
            0x94,0x04,0x95,0x05,0xCE,0x02,0xBF,0x02,0x94,0x03,0x96,0x00,0x11,0x04,0x3C,0x02,0xC7,0x01,0xC4,0x01,0x3C,0x02,0x04,0x04,   // U+6570 数
            0xE2,0x07,0xAE,0x03,0xAB,0x02,0xAA,0x07,0x2E,0x04,0xE2,0x03,0x70,0x04,0x9F,0x03,0x94,0x03,0x74,0x00,0x04,0x04,0x00,0x00,   // U+6572 敲
            0x20,0x04,0x47,0x04,0xCB,0x07,0x7F,0x04,0x4B,0x04,0x57,0x04,0xC4,0x07,0x66,0x05,0x7B,0x05,0x52,0x05,0x7E,0x05,0x22,0x04,   // U+6574 整
            0x04,0x04,0x04,0x04,0x04,0x02,0x1C,0x02,0x64,0x00,0x85,0x01,0x86,0x01,0x64,0x02,0x1C,0x02,0x04,0x04,0x04,0x04,0x00,0x00,   // U+6587 文
            0x22,0x02,0x22,0x01,0xFE,0x01,0xA2,0x04,0x28,0x02,0x48,0x01,0xC8,0x00,0x38,0x05,0x22,0x04,0xFE,0x07,0x22,0x04,0x22,0x04,   // U+6591 斑
            0x00,0x01,0x08,0x01,0x12,0x01,0x14,0x01,0x24,0x01,0x08,0x01,0x80,0x00,0xFF,0x07,0x80,0x00,0x80,0x00,0x80,0x00,0x00,0x00,   // U+6597 斗
            0x96,0x01,0x5C,0x00,0xFF,0x07,0x5C,0x00,0x96,0x00,0x90,0x00,0x82,0x00,0xA4,0x00,0xC0,0x00,0xFF,0x07,0x40,0x00,0x40,0x00,   // U+6599 料
            0x48,0x02,0x4C,0x05,0x4A,0x04,0xF9,0x07,0x4A,0x01,0xCC,0x02,0x92,0x00,0x22,0x00,0x44,0x00,0xFF,0x07,0x40,0x00,0x40,0x00,   // U+659C 斜
            0x00,0x04,0x00,0x03,0xFE,0x00,0x12,0x00,0x52,0x00,0x52,0x00,0x90,0x00,0xF1,0x07,0x91,0x00,0x91,0x00,0x11,0x01,0x10,0x01,   // U+65A5 斥
            0xFF,0x03,0x52,0x02,0x74,0x02,0xFF,0x03,0x54,0x02,0x92,0x06,0xFE,0x01,0x12,0x00,0x10,0x00,0xF1,0x07,0x11,0x00,0x00,0x00,   // U+65AD 断
            0xA4,0x02,0xAC,0x09,0xB5,0x08,0xE6,0x0F,0xBC,0x01,0xA4,0x02,0x00,0x0C,0xFC,0x03,0x24,0x00,0xE4,0x0F,0x22,0x00,0x22,0x00,   // U+65B0 新
            0x04,0x04,0x04,0x02,0x84,0x01,0x7C,0x00,0x25,0x00,0x26,0x04,0x24,0x04,0x24,0x04,0xE4,0x03,0x04,0x00,0x04,0x00,0x00,0x00,   // U+65B9 方
            0x04,0x06,0xFD,0x05,0x26,0x04,0xE4,0x03,0x28,0x00,0xF6,0x03,0x27,0x04,0x04,0x04,0xFC,0x05,0x14,0x05,0xF4,0x04,0x04,0x02,   // U+65BD 施
            0x00,0x00,0x3A,0x04,0x2A,0x04,0x2E,0x03,0xEE,0x00,0xBA,0x00,0xAA,0x04,0xAA,0x04,0xAE,0x04,0xAA,0x03,0x3A,0x00,0x00,0x00,   // U+65C1 旁
            0x04,0x00,0xFC,0x05,0x27,0x04,0xE4,0x03,0x10,0x02,0xDE,0x01,0x17,0x03,0x14,0x06,0xF4,0x07,0x94,0x04,0xB4,0x04,0x14,0x04,   // U+65CB 旋
            0x04,0x06,0xFD,0x01,0x16,0x04,0xF4,0x07,0x08,0x04,0x56,0x00,0x5B,0x02,0xDE,0x01,0xF2,0x00,0x52,0x01,0x52,0x02,0x52,0x04,   // U+65CF 族
            0x10,0x04,0x12,0x02,0x12,0x01,0xD2,0x00,0x3A,0x00,0x16,0x00,0xD2,0x03,0x12,0x04,0x12,0x04,0x12,0x04,0x10,0x03,0x00,0x00,   // U+65E0 无
            0xFF,0x07,0x15,0x02,0x55,0x01,0x9F,0x00,0x00,0x05,0x3D,0x02,0x21,0x01,0xFF,0x00,0xE1,0x07,0x21,0x04,0x21,0x03,0x00,0x00,   // U+65E2 既
            0x00,0x00,0x00,0x00,0xFF,0x07,0x11,0x02,0x11,0x02,0x11,0x02,0x11,0x02,0x11,0x02,0x11,0x02,0xFF,0x07,0x00,0x00,0x00,0x00,   // U+65E5 日
            0x00,0x00,0x00,0x04,0xFF,0x05,0x89,0x04,0x89,0x04,0x89,0x04,0x89,0x04,0x89,0x04,0x89,0x04,0xFF,0x05,0x00,0x04,0x00,0x00,   // U+65E6 旦
            0x00,0x00,0xFF,0x07,0x00,0x00,0x00,0x00,0xFF,0x07,0x11,0x02,0x11,0x02,0x11,0x02,0x11,0x02,0x11,0x02,0xFF,0x07,0x00,0x00,   // U+65E7 旧
            0x80,0x00,0xBF,0x00,0x95,0x00,0x95,0x00,0x95,0x00,0xF5,0x07,0x95,0x00,0x95,0x00,0x95,0x00,0xBF,0x00,0x80,0x00,0x00,0x00,   // U+65E9 早
            0xFE,0x03,0x12,0x01,0x12,0x01,0xFE,0x03,0x04,0x00,0x14,0x00,0x64,0x04,0x04,0x04,0xFF,0x07,0x04,0x00,0x04,0x00,0x00,0x00,   // U+65F6 时
            0x00,0x00,0xFC,0x03,0x24,0x02,0xFC,0x03,0x00,0x06,0xFC,0x01,0x04,0x00,0x04,0x00,0x06,0x00,0x04,0x00,0x04,0x00,0x00,0x00,   // U+65F7 旷
            0x00,0x00,0xFE,0x03,0x12,0x01,0x12,0x01,0xFE,0x05,0x00,0x03,0xFF,0x00,0x49,0x00,0x49,0x04,0x49,0x04,0xFF,0x07,0x00,0x00,   // U+660E 明
            0x1F,0x00,0xD5,0x03,0x55,0x05,0x55,0x05,0x55,0x05,0x47,0x05,0x4D,0x05,0x54,0x05,0xD4,0x03,0x14,0x00,0x0C,0x00,0x00,0x00,   // U+660F 昏
            0x00,0x00,0x80,0x02,0xDF,0x02,0x55,0x05,0x75,0x05,0xD5,0x02,0x55,0x05,0xD5,0x04,0x55,0x04,0x55,0x04,0xDF,0x03,0x00,0x00,   // U+6613 易
            0x80,0x04,0x5F,0x04,0x75,0x05,0x55,0x05,0x55,0x05,0xF5,0x07,0x55,0x05,0x55,0x05,0x55,0x05,0x5F,0x05,0x40,0x04,0x00,0x00,   // U+661F 星
            0xFE,0x07,0x22,0x02,0xFE,0x03,0x40,0x04,0x7C,0x02,0x44,0x01,0xFF,0x00,0xC4,0x00,0x44,0x02,0x7C,0x04,0x40,0x04,0x00,0x00,   // U+6620 映
            0xFE,0x07,0x22,0x02,0x22,0x02,0xFE,0x07,0x10,0x00,0x0E,0x00,0xFF,0x07,0x24,0x01,0x24,0x01,0x24,0x01,0x24,0x01,0x00,0x00,   // U+6628 昨
            0x40,0x04,0x40,0x04,0x5F,0x02,0x55,0x03,0x55,0x04,0x55,0x04,0xD5,0x07,0x55,0x05,0x55,0x05,0x5F,0x05,0x40,0x05,0x40,0x04,   // U+662F 是
            0x80,0x04,0x40,0x04,0x3E,0x04,0xEA,0x05,0x2A,0x05,0x2A,0x05,0x2A,0x05,0x2A,0x05,0x3A,0x05,0xEA,0x05,0x0E,0x04,0x40,0x04,   // U+663C 昼
            0x00,0x04,0x40,0x04,0x9F,0x04,0x15,0x05,0xD5,0x07,0x15,0x04,0x15,0x04,0xD5,0x07,0x15,0x05,0x9F,0x04,0x40,0x04,0x00,0x04,   // U+663E 显
            0x80,0x04,0x9F,0x04,0xB5,0x02,0xD5,0x01,0x95,0x00,0xF5,0x00,0x95,0x03,0xD5,0x04,0xB5,0x04,0x9F,0x04,0x80,0x02,0x00,0x00,   // U+6643 晃
            0xFE,0x03,0x12,0x01,0xFE,0x01,0x08,0x04,0x7A,0x00,0x4B,0x02,0xFA,0x01,0xCE,0x07,0x4A,0x04,0x78,0x04,0x00,0x03,0x00,0x00,   // U+665A 晚
            0x44,0x00,0xD4,0x07,0x64,0x05,0x46,0x05,0x7C,0x05,0x44,0x05,0x7C,0x05,0x46,0x05,0x64,0x05,0xD4,0x07,0x44,0x00,0x00,0x00,   // U+666E 普
            0x40,0x04,0xDF,0x05,0x55,0x03,0x55,0x07,0x55,0x05,0x75,0x07,0x55,0x01,0x55,0x03,0x55,0x03,0xDF,0x05,0x40,0x04,0x00,0x00,   // U+666F 景
            0xFE,0x07,0x22,0x02,0xFE,0x07,0xC0,0x00,0x34,0x00,0xFF,0x07,0x24,0x00,0x40,0x06,0xFE,0x01,0x12,0x00,0xF1,0x07,0x11,0x00,   // U+6670 晰
            0x00,0x00,0xE0,0x07,0xBE,0x04,0xAA,0x04,0xEA,0x07,0x2A,0x00,0xEA,0x07,0xAA,0x04,0xAA,0x04,0xBE,0x04,0xE0,0x07,0x00,0x00,   // U+6676 晶
            0x4C,0x00,0x0A,0x00,0xFB,0x07,0x5E,0x05,0x5A,0x05,0x6A,0x05,0x68,0x05,0x5E,0x05,0x52,0x05,0xD2,0x07,0x1E,0x00,0x00,0x00,   // U+667A 智
            0x2E,0x00,0xEB,0x03,0x7E,0x05,0x6A,0x05,0x6A,0x05,0x50,0x05,0x4F,0x05,0x45,0x05,0xDD,0x03,0x05,0x00,0x05,0x00,0x00,0x00,   // U+6682 暂
            0xFF,0x03,0x09,0x01,0xFF,0x05,0x20,0x02,0x2B,0x05,0xFD,0x04,0xAB,0x01,0xAD,0x02,0xAD,0x03,0xAB,0x04,0x28,0x04,0x00,0x00,   // U+6696 暖
            0xFC,0x03,0x24,0x02,0xFC,0x03,0x10,0x00,0xD4,0x07,0x5C,0x05,0x56,0x05,0x54,0x05,0x54,0x05,0xD4,0x07,0x14,0x00,0x00,0x00,   // U+6697 暗
            0x00,0x00,0x80,0x00,0xBE,0x00,0xAA,0x01,0xEA,0x01,0xAA,0x06,0xAA,0x07,0xEA,0x03,0xAA,0x01,0xBE,0x00,0xA0,0x00,0x00,0x00,   // U+66B4 暴
            0xFF,0x03,0x11,0x01,0xFF,0x01,0x40,0x07,0x5F,0x07,0x75,0x04,0xD5,0x07,0x55,0x01,0x75,0x03,0xDF,0x02,0x40,0x05,0x00,0x00,   // U+66DD 曝
            0x00,0x00,0xFC,0x07,0x24,0x02,0x24,0x02,0xFF,0x03,0x24,0x02,0x24,0x02,0xFF,0x03,0x24,0x02,0x24,0x02,0xFC,0x07,0x00,0x00,   // U+66F2 曲
            0x7E,0x04,0x52,0x04,0x52,0x00,0x52,0x02,0x7F,0x02,0xD2,0x01,0x52,0x03,0x52,0x05,0xFE,0x04,0x00,0x06,0x00,0x01,0x00,0x00,   // U+66F3 曳
            0x01,0x04,0xFD,0x04,0xD5,0x05,0x55,0x03,0x55,0x03,0xFF,0x03,0x55,0x00,0x55,0x04,0x55,0x04,0x7D,0x04,0x01,0x04,0x00,0x00,   // U+66F4 更
            0x00,0x00,0x3C,0x00,0xC4,0x07,0x56,0x05,0x64,0x05,0x44,0x05,0x7C,0x05,0x64,0x05,0x54,0x05,0xC4,0x07,0x3C,0x00,0x00,0x00,   // U+66FE 曾
            0x2A,0x00,0x2A,0x00,0xDA,0x03,0x5F,0x05,0x4A,0x05,0x6A,0x05,0x6A,0x05,0x5A,0x05,0x4F,0x05,0xCA,0x03,0x2A,0x00,0x08,0x00,   // U+66FF 替
            0x10,0x02,0xF0,0x03,0x5F,0x00,0x55,0x00,0x55,0x01,0xF5,0x07,0x55,0x05,0xD5,0x04,0x55,0x03,0x5F,0x03,0xD0,0x04,0x10,0x04,   // U+6700 最
            0x00,0x00,0x00,0x04,0x00,0x03,0xFF,0x00,0x49,0x00,0x49,0x00,0x49,0x00,0x49,0x04,0x49,0x04,0x49,0x04,0xFF,0x03,0x00,0x00,   // U+6708 月
            0x44,0x00,0x24,0x00,0xF4,0x07,0x5C,0x01,0x57,0x01,0x54,0x01,0x54,0x05,0x54,0x05,0x54,0x05,0xF4,0x07,0x04,0x00,0x00,0x00,   // U+6709 有
            0x00,0x04,0xFF,0x03,0x49,0x04,0xFF,0x07,0x00,0x00,0xFF,0x07,0x21,0x04,0xE9,0x00,0x29,0x03,0xA9,0x03,0x67,0x04,0x00,0x04,   // U+670D 服
            0x02,0x04,0x4E,0x05,0x4B,0x05,0x4A,0x05,0x62,0x05,0xF0,0x07,0x5F,0x05,0x55,0x05,0x55,0x05,0x55,0x05,0x7F,0x04,0x00,0x04,   // U+671B 望
            0x02,0x02,0xFA,0x02,0x8A,0x02,0x8F,0x07,0x8A,0x02,0xFA,0x06,0x00,0x03,0xFF,0x01,0x49,0x04,0x49,0x04,0xFF,0x07,0x00,0x00,   // U+671D 朝
            0x82,0x04,0xFF,0x02,0xAA,0x01,0xAA,0x01,0xFF,0x02,0x82,0x04,0x00,0x03,0xFF,0x01,0x49,0x04,0x49,0x04,0xFF,0x07,0x00,0x00,   // U+671F 期
            0x10,0x04,0x10,0x02,0x10,0x01,0x90,0x00,0x30,0x00,0xFF,0x0F,0x30,0x00,0x90,0x00,0x10,0x01,0x10,0x02,0x10,0x04,0x00,0x00,   // U+6728 木
            0x20,0x02,0x24,0x00,0x24,0x01,0xA4,0x00,0x64,0x00,0xFF,0x07,0x64,0x00,0xA4,0x00,0x24,0x01,0x24,0x02,0x20,0x02,0x00,0x00,   // U+672A 未
            0x04,0x02,0x24,0x00,0x24,0x01,0xA4,0x00,0x64,0x00,0xFF,0x07,0x24,0x00,0xA4,0x00,0x24,0x01,0x24,0x00,0x04,0x02,0x00,0x00,   // U+672B 末
            0x04,0x01,0x84,0x00,0x44,0x01,0x24,0x01,0x0C,0x01,0xFF,0x07,0x0C,0x01,0x24,0x01,0x44,0x01,0x84,0x00,0x04,0x01,0x00,0x00,   // U+672C 本
            0x08,0x01,0x88,0x00,0x08,0x00,0x08,0x00,0x08,0x00,0xFF,0x07,0x08,0x00,0x09,0x00,0x88,0x00,0x8A,0x00,0x08,0x01,0x00,0x00,   // U+672F 术
            0x84,0x00,0x64,0x00,0x3C,0x00,0xFF,0x07,0x24,0x00,0x04,0x00,0x00,0x00,0xFF,0x07,0x08,0x00,0x10,0x00,0x20,0x00,0x00,0x00,   // U+6734 朴
            0x40,0x02,0x50,0x02,0x48,0x01,0x47,0x00,0xC1,0x00,0xF1,0x07,0xC1,0x00,0x41,0x00,0x4F,0x01,0x48,0x00,0x48,0x02,0x48,0x02,   // U+6735 朵
            0x44,0x00,0x34,0x00,0xFF,0x03,0x14,0x02,0xA0,0x01,0x7F,0x00,0x01,0x00,0x01,0x00,0x01,0x00,0xFF,0x07,0x00,0x04,0x80,0x03,   // U+673A 机
            0x20,0x02,0x20,0x01,0x25,0x01,0xA4,0x04,0x26,0x04,0xF6,0x07,0x26,0x00,0xA6,0x00,0x21,0x01,0x21,0x01,0x20,0x02,0x00,0x00,   // U+6740 杀
            0x00,0x04,0x52,0x02,0x52,0x01,0xCA,0x04,0x47,0x04,0x42,0x04,0xE2,0x07,0x42,0x00,0x5E,0x01,0x50,0x01,0x50,0x02,0x0C,0x02,   // U+6742 杂
            0x44,0x00,0x34,0x00,0xFF,0x07,0x14,0x00,0x21,0x04,0x1F,0x02,0x61,0x03,0x81,0x01,0xC1,0x01,0x39,0x02,0x07,0x04,0x00,0x04,   // U+6743 权
            0x84,0x00,0x34,0x00,0xFF,0x07,0x34,0x00,0x44,0x00,0x21,0x00,0x21,0x00,0x21,0x00,0xFF,0x07,0x21,0x00,0x21,0x00,0x21,0x00,   // U+6746 杆
            0x44,0x00,0x34,0x00,0xFF,0x07,0x14,0x00,0x44,0x02,0x04,0x01,0x84,0x04,0x64,0x04,0x14,0x04,0xFF,0x03,0x04,0x00,0x04,0x00,   // U+6750 材
            0x02,0x00,0xFA,0x02,0x8A,0x00,0x8A,0x00,0x8A,0x01,0x8A,0x00,0xFF,0x07,0x8A,0x00,0x8A,0x01,0x8A,0x00,0xFA,0x02,0x02,0x02,   // U+675F 束
            0xC4,0x00,0x34,0x00,0xFF,0x07,0x24,0x00,0x44,0x04,0x01,0x04,0x01,0x04,0x01,0x04,0xFF,0x07,0x01,0x04,0x01,0x04,0x01,0x04,   // U+6760 杠
            0x20,0x04,0xA8,0x04,0xA4,0x02,0x83,0x06,0x87,0x04,0x9A,0x04,0xD2,0x07,0x9A,0x00,0x86,0x02,0xA2,0x02,0xA0,0x04,0x20,0x04,   // U+6761 条
            0x20,0x02,0x24,0x02,0x2C,0x01,0xB4,0x00,0xA4,0x00,0x64,0x00,0xFF,0x07,0x24,0x00,0xB4,0x00,0x2C,0x01,0x24,0x02,0x20,0x02,   // U+6765 来
            0xC4,0x00,0x34,0x00,0xFF,0x07,0x34,0x00,0x70,0x04,0x0C,0x07,0x63,0x00,0x10,0x02,0x03,0x02,0x8E,0x03,0x18,0x06,0x30,0x00,   // U+677E 松
            0x44,0x00,0x34,0x00,0xFF,0x07,0x14,0x04,0x24,0x02,0xFE,0x05,0x72,0x04,0x92,0x02,0x12,0x01,0xD2,0x02,0x32,0x04,0x00,0x04,   // U+677F 板
            0x44,0x00,0x34,0x00,0xFF,0x07,0x24,0x04,0x81,0x03,0x7F,0x04,0x31,0x02,0xC1,0x03,0x8D,0x01,0xEB,0x02,0x18,0x02,0x00,0x04,   // U+6781 极
            0xC4,0x00,0x74,0x00,0xFF,0x07,0x04,0x00,0x48,0x00,0x86,0x01,0x67,0x01,0x14,0x05,0xC4,0x05,0x04,0x05,0xFC,0x03,0x00,0x00,   // U+6784 构
            0x44,0x00,0x34,0x00,0xFF,0x07,0x14,0x04,0x20,0x03,0xFE,0x00,0x12,0x00,0x12,0x00,0x10,0x00,0xF1,0x07,0x11,0x00,0x10,0x00,   // U+6790 析
            0x84,0x00,0x34,0x00,0xFF,0x07,0x14,0x00,0x24,0x01,0xC4,0x00,0x04,0x00,0xFF,0x07,0x04,0x00,0x44,0x00,0x04,0x01,0x00,0x02,   // U+6797 林
            0xC4,0x00,0x34,0x00,0xFF,0x07,0x24,0x00,0x50,0x04,0x1E,0x04,0x65,0x02,0x84,0x01,0xC4,0x01,0x3C,0x02,0x04,0x04,0x04,0x04,   // U+679A 枚
            0x40,0x02,0x5F,0x02,0x55,0x01,0xD5,0x00,0x55,0x00,0xFF,0x07,0x55,0x00,0x55,0x00,0x55,0x01,0x5F,0x02,0x40,0x02,0x00,0x00,   // U+679C 果
            0xC4,0x00,0x34,0x00,0xFF,0x07,0x04,0x00,0x2C,0x00,0xF8,0x07,0x14,0x04,0x92,0x04,0x91,0x04,0x92,0x04,0x74,0x04,0x08,0x03,   // U+67AA 枪
            0x44,0x00,0x34,0x00,0xFF,0x07,0x14,0x00,0x00,0x00,0xE4,0x07,0x24,0x02,0x24,0x02,0x3F,0x02,0x24,0x02,0xE4,0x07,0x04,0x00,   // U+67AF 枯
            0x52,0x02,0x4A,0x02,0x47,0x01,0x52,0x00,0x52,0x00,0xEE,0x07,0x40,0x00,0x5F,0x00,0x49,0x01,0x49,0x00,0x4F,0x02,0x40,0x02,   // U+67B6 架
            0x44,0x00,0x34,0x00,0xFF,0x07,0x14,0x00,0x24,0x00,0xF9,0x07,0x89,0x01,0xC9,0x00,0x3F,0x00,0x49,0x04,0x89,0x04,0xF9,0x07,   // U+67C4 柄
            0x82,0x04,0x82,0x04,0xBF,0x02,0xAA,0x00,0xAA,0x00,0xEA,0x07,0xAA,0x00,0xAA,0x00,0xBF,0x02,0x82,0x04,0x82,0x04,0x00,0x00,   // U+67D0 某
            0xA4,0x04,0xA5,0x04,0x92,0x02,0xA4,0x01,0x94,0x00,0x8F,0x07,0x84,0x00,0x84,0x00,0xBC,0x02,0xA0,0x04,0x98,0x04,0x00,0x00,   // U+67D3 染
            0x02,0x04,0x02,0x04,0xF2,0x05,0x52,0x05,0x52,0x05,0x52,0x05,0x5F,0x05,0x52,0x05,0x56,0x05,0xFA,0x05,0x0A,0x04,0x0A,0x04,   // U+67E5 查
            0xC4,0x00,0x34,0x00,0xFF,0x07,0x24,0x00,0x40,0x04,0x44,0x04,0x44,0x04,0x45,0x04,0xFE,0x07,0x44,0x04,0x44,0x04,0x04,0x04,   // U+67F1 柱
            0x44,0x00,0x34,0x00,0xFF,0x07,0x34,0x06,0xFF,0x01,0x11,0x04,0xFF,0x07,0x10,0x06,0xFF,0x05,0x11,0x04,0xFF,0x03,0x10,0x00,   // U+6805 栅
            0x44,0x00,0x34,0x00,0xFF,0x07,0x14,0x00,0x24,0x02,0x11,0x01,0x91,0x04,0x11,0x04,0xF1,0x07,0x51,0x00,0x91,0x01,0x10,0x02,   // U+6807 标
            0x64,0x00,0x34,0x00,0xFF,0x07,0x14,0x00,0x24,0x02,0x28,0x02,0x28,0x00,0x7F,0x01,0xE8,0x01,0xA5,0x06,0x66,0x06,0x24,0x03,   // U+6808 栈
            0x44,0x00,0x34,0x00,0xFF,0x07,0x14,0x00,0x24,0x04,0x45,0x04,0x45,0x04,0x46,0x04,0x44,0x04,0x46,0x04,0x45,0x04,0x04,0x04,   // U+680F 栏
            0x44,0x00,0x34,0x00,0xFF,0x07,0x14,0x00,0x2A,0x02,0x92,0x01,0x72,0x00,0xDE,0x00,0x14,0x01,0x64,0x04,0xFF,0x07,0x04,0x00,   // U+6811 树
            0x48,0x00,0x28,0x00,0xFF,0x07,0x18,0x00,0x28,0x04,0x14,0x04,0xD4,0x02,0x05,0x03,0x86,0x03,0x54,0x02,0x14,0x04,0x24,0x04,   // U+6821 校
            0xC4,0x00,0x34,0x00,0xFF,0x07,0x14,0x00,0x28,0x02,0x26,0x01,0x64,0x00,0xFF,0x07,0x24,0x00,0xA4,0x00,0x24,0x01,0x00,0x02,   // U+682A 株
            0x84,0x00,0x74,0x00,0xFF,0x07,0x24,0x00,0x44,0x01,0x24,0x01,0x25,0x01,0x26,0x01,0xFC,0x07,0x26,0x01,0x25,0x01,0x04,0x01,   // U+6837 样
            0xC8,0x00,0x28,0x00,0xFF,0x07,0x28,0x00,0x28,0x05,0x24,0x05,0xB4,0x02,0x6C,0x02,0x25,0x01,0x96,0x01,0x4C,0x02,0x24,0x04,   // U+6838 核
            0x44,0x00,0x34,0x00,0xFF,0x07,0x14,0x00,0x20,0x00,0xFF,0x07,0x25,0x02,0x65,0x02,0xA5,0x01,0xA5,0x03,0xBF,0x02,0x40,0x04,   // U+6839 根
            0xC8,0x00,0x68,0x00,0xFE,0x07,0x28,0x00,0x68,0x00,0xD8,0x07,0xAE,0x04,0xB4,0x04,0xB4,0x04,0xAC,0x04,0xC4,0x07,0x40,0x00,   // U+683C 格
            0x90,0x04,0x94,0x02,0x94,0x01,0xFF,0x07,0x94,0x01,0x94,0x01,0x90,0x06,0x7F,0x02,0x90,0x03,0xD2,0x06,0x34,0x04,0x10,0x03,   // U+683D 栽
            0xC4,0x00,0x34,0x00,0xFF,0x07,0x34,0x00,0xAC,0x04,0x78,0x03,0xFF,0x01,0x00,0x00,0xFF,0x07,0x28,0x04,0x48,0x04,0x04,0x02,   // U+6843 桃
            0x44,0x00,0x34,0x00,0xFF,0x03,0x14,0x00,0x24,0x00,0xFF,0x07,0x01,0x05,0x25,0x05,0xFD,0x05,0x25,0x05,0x05,0x05,0x00,0x00,   // U+6846 框
            0x00,0x01,0x4E,0x05,0x4A,0x01,0x5A,0x01,0x6E,0x01,0x2A,0x01,0xAB,0x07,0x2A,0x01,0x1A,0x01,0x4A,0x01,0x4E,0x05,0x00,0x01,   // U+6848 案
            0x00,0x02,0xF8,0x0A,0xA8,0x02,0xA8,0x06,0xA8,0x02,0xAF,0x0F,0xAA,0x02,0xAA,0x06,0xAA,0x02,0xFA,0x0A,0x02,0x0A,0x00,0x0A,   // U+684C 桌
            0x88,0x00,0x68,0x00,0xFE,0x07,0x28,0x00,0x44,0x04,0xA4,0x04,0xA8,0x04,0xA0,0x04,0xBE,0x04,0xA0,0x04,0xA8,0x04,0xE4,0x07,   // U+6863 档
            0xC4,0x00,0x34,0x00,0xFF,0x07,0x54,0x00,0x24,0x04,0x2A,0x02,0xDA,0x01,0x0E,0x00,0x1A,0x00,0xAA,0x07,0x4A,0x00,0x4A,0x00,   // U+6865 桥
            0x44,0x00,0x34,0x00,0xFF,0x07,0x14,0x00,0x00,0x03,0xFE,0x00,0x22,0x04,0x22,0x04,0xFB,0x07,0x22,0x04,0x22,0x04,0x02,0x04,   // U+6869 桩
            0xC4,0x00,0x34,0x00,0xFF,0x07,0x14,0x00,0x24,0x00,0xF9,0x07,0xAB,0x00,0xFD,0x07,0xAD,0x04,0xAB,0x04,0xF9,0x07,0x00,0x00,   // U+6876 桶
            0xC4,0x00,0x34,0x00,0xFF,0x07,0x14,0x02,0x7E,0x00,0x4A,0x01,0x4A,0x00,0xFE,0x07,0x4A,0x01,0x4A,0x01,0x4E,0x01,0xC0,0x01,   // U+68AF 梯
            0x44,0x00,0x34,0x00,0xFF,0x07,0x04,0x04,0xF4,0x01,0x44,0x00,0xF4,0x07,0x44,0x02,0xFF,0x01,0xC4,0x03,0x64,0x04,0x14,0x03,   // U+68B0 械
            0xC8,0x00,0x28,0x00,0xFE,0x07,0x48,0x00,0x90,0x04,0x28,0x05,0xA4,0x04,0x22,0x05,0x24,0x07,0xC8,0x04,0x10,0x04,0x00,0x00,   // U+68C0 检
            0xC4,0x00,0x34,0x00,0xFF,0x07,0x24,0x00,0x04,0x00,0xDF,0x07,0x95,0x04,0x95,0x02,0xF5,0x07,0x95,0x04,0x1F,0x04,0x40,0x03,   // U+68CD 棍
            0xC4,0x00,0x34,0x00,0xFF,0x07,0xC4,0x00,0x20,0x02,0xEA,0x02,0xAA,0x02,0xFF,0x07,0xAA,0x02,0xAA,0x02,0x2A,0x02,0xA2,0x00,   // U+68D2 棒
            0x00,0x00,0x48,0x02,0x4A,0x00,0xF6,0x07,0x46,0x00,0x1F,0x02,0x46,0x00,0xF2,0x07,0x4A,0x00,0x40,0x00,0x00,0x02,0x00,0x00,   // U+68EE 森
            0x44,0x00,0x34,0x00,0xFF,0x07,0x14,0x00,0x28,0x04,0xAA,0x04,0xEA,0x02,0x4A,0x03,0x4A,0x03,0xDA,0x02,0x6A,0x04,0x08,0x04,   // U+68F1 棱
            0x84,0x00,0x34,0x00,0xFF,0x07,0x24,0x00,0xA0,0x02,0xA5,0x02,0xA5,0x01,0xFF,0x07,0xA5,0x01,0xA5,0x01,0xBF,0x02,0x80,0x00,   // U+68F5 棵
            0x84,0x00,0x74,0x00,0xFF,0x0F,0x24,0x00,0x42,0x08,0xFA,0x0F,0xAA,0x0A,0xAF,0x0A,0xAA,0x0A,0xAA,0x0A,0xFA,0x0F,0x02,0x08,   // U+690D 植
            0x1A,0x04,0x46,0x02,0x5F,0x03,0x46,0x02,0x4A,0x04,0xD8,0x07,0x4E,0x05,0x5F,0x05,0x42,0x05,0xCA,0x05,0x52,0x04,0x00,0x00,   // U+695A 楚
            0xC4,0x00,0x34,0x00,0xFF,0x07,0x14,0x00,0x84,0x04,0xA5,0x05,0x8E,0x06,0xFF,0x02,0x84,0x02,0x96,0x03,0x95,0x04,0xA4,0x04,   // U+697C 楼
            0x44,0x00,0x34,0x00,0xFF,0x07,0x34,0x00,0xFF,0x03,0x25,0x02,0xA5,0x05,0x3F,0x01,0x21,0x00,0xFF,0x07,0x21,0x04,0xA1,0x03,   // U+6982 概
            0x44,0x00,0x34,0x00,0xFF,0x07,0x24,0x04,0x0F,0x04,0xE0,0x03,0x3F,0x03,0xE8,0x00,0xA6,0x07,0x27,0x04,0xEA,0x04,0x02,0x03,   // U+6984 榄
            0xC4,0x00,0x34,0x00,0xFF,0x07,0x24,0x04,0xFE,0x07,0x80,0x04,0xBF,0x07,0x90,0x04,0x8C,0x07,0x97,0x04,0xA4,0x07,0x04,0x04,   // U+69DB 槛
            0x84,0x00,0x74,0x00,0xFF,0x0F,0x24,0x00,0x46,0x00,0xFA,0x0F,0xAA,0x0A,0xFF,0x0A,0xAA,0x0A,0xFF,0x0A,0xAA,0x0F,0x7A,0x00,   // U+69FD 槽
            0xC4,0x00,0x34,0x00,0xFF,0x07,0x14,0x00,0x26,0x05,0x7A,0x05,0x4F,0x03,0xCA,0x01,0x4A,0x01,0x4F,0x01,0x7A,0x05,0x02,0x01,   // U+6A21 模
            0x44,0x00,0x34,0x00,0xFF,0x07,0x14,0x00,0x20,0x04,0xEA,0x03,0xAF,0x02,0xFA,0x03,0xAA,0x02,0xAF,0x02,0xEA,0x07,0x08,0x04,   // U+6A2A 横
            0x48,0x00,0xFE,0x07,0x28,0x02,0xFA,0x03,0xAA,0x02,0xFA,0x07,0x08,0x04,0x30,0x02,0xCE,0x01,0x78,0x02,0x08,0x04,0x00,0x00,   // U+6A44 橄
            0x44,0x00,0x34,0x00,0xFF,0x07,0x04,0x00,0x15,0x04,0xED,0x04,0xAD,0x07,0xAB,0x04,0xA9,0x06,0xAE,0x05,0xED,0x04,0x12,0x04,   // U+6A59 橙
            0x44,0x00,0x34,0x00,0xFF,0x07,0x14,0x00,0xBC,0x05,0xEB,0x03,0xEB,0x07,0xFA,0x05,0xAE,0x07,0xAA,0x01,0x78,0x02,0x00,0x04,   // U+6A61 橡
            0x00,0x04,0x18,0x04,0x04,0x02,0x03,0x03,0x82,0x01,0xE2,0x00,0x7A,0x00,0x82,0x00,0x02,0x01,0x0A,0x02,0x06,0x06,0x00,0x00,   // U+6B20 欠
            0x02,0x02,0x84,0x00,0x68,0x04,0x10,0x04,0x0E,0x02,0x07,0x01,0xC4,0x00,0x74,0x00,0xC4,0x00,0x14,0x01,0x0C,0x02,0x00,0x04,   // U+6B21 次
            0xFE,0x07,0x0A,0x05,0xF2,0x04,0xFA,0x04,0x0E,0x05,0x38,0x02,0x0F,0x01,0x74,0x00,0x84,0x01,0x14,0x02,0x0C,0x04,0x00,0x00,   // U+6B27 欧
            0x82,0x04,0xFF,0x03,0xAA,0x00,0xAA,0x01,0xFF,0x02,0x98,0x04,0x07,0x03,0xFE,0x00,0x82,0x01,0x1A,0x02,0x06,0x04,0x00,0x00,   // U+6B3A 欺
            0x8A,0x02,0xAA,0x05,0xAA,0x04,0xAF,0x07,0xAA,0x01,0xAA,0x06,0x18,0x02,0x87,0x01,0xF4,0x00,0x84,0x01,0x14,0x02,0x0C,0x04,   // U+6B3E 款
            0x40,0x00,0xFF,0x07,0x75,0x05,0xD5,0x04,0x55,0x05,0x4F,0x04,0xC8,0x07,0x06,0x03,0xF7,0x00,0x04,0x01,0x14,0x02,0x0C,0x04,   // U+6B47 歇
            0x41,0x00,0x5D,0x07,0x55,0x05,0x5D,0x07,0x41,0x04,0xDF,0x07,0x51,0x04,0x0E,0x03,0xF7,0x00,0x84,0x01,0x14,0x02,0x0C,0x04,   // U+6B4C 歌
            0x00,0x04,0x00,0x04,0xFC,0x07,0x00,0x04,0x00,0x04,0x00,0x04,0xFF,0x07,0x08,0x04,0x08,0x04,0x08,0x04,0x08,0x04,0x00,0x04,   // U+6B62 止
            0x00,0x04,0x01,0x04,0xF9,0x07,0x01,0x04,0x01,0x04,0x01,0x04,0xFF,0x07,0x11,0x04,0x11,0x04,0x11,0x04,0x11,0x04,0x01,0x04,   // U+6B63 正
            0x00,0x04,0xFC,0x07,0x00,0x04,0xFF,0x07,0x10,0x02,0x10,0x02,0x10,0x02,0xFF,0x07,0x10,0x04,0x08,0x04,0x08,0x04,0x84,0x03,   // U+6B64 此
            0x10,0x05,0x90,0x04,0x9E,0x04,0x50,0x00,0x10,0x02,0x10,0x02,0xFF,0x00,0x14,0x01,0x94,0x00,0x94,0x00,0x54,0x00,0x10,0x00,   // U+6B65 步
            0x10,0x04,0xD2,0x07,0x12,0x04,0xF2,0x03,0x52,0x02,0x50,0x02,0xFF,0x02,0x10,0x03,0x12,0x04,0x14,0x04,0x10,0x03,0x00,0x00,   // U+6B66 武
            0xFC,0x03,0x00,0x01,0xFF,0x01,0x08,0x01,0x02,0x04,0x72,0x02,0x92,0x03,0x1F,0x01,0xD2,0x02,0x32,0x06,0x02,0x00,0x00,0x00,   // U+6B67 歧
            0x00,0x04,0x29,0x04,0xA9,0x07,0x25,0x04,0x25,0x04,0x27,0x04,0xE1,0x07,0xA5,0x04,0xA5,0x04,0xA9,0x04,0x29,0x04,0x00,0x04,   // U+6B6A 歪
            0x41,0x04,0x39,0x02,0x2F,0x02,0xC9,0x01,0x49,0x00,0x19,0x00,0xFF,0x03,0x21,0x04,0x11,0x04,0x11,0x04,0x89,0x03,0x00,0x00,   // U+6B7B 死
            0x81,0x04,0x71,0x03,0xCF,0x01,0x39,0x00,0x41,0x02,0x4C,0x01,0x47,0x01,0xC4,0x00,0xFF,0x07,0xC4,0x00,0x44,0x01,0x40,0x02,   // U+6B8A 殊
            0x82,0x04,0x62,0x02,0x4E,0x01,0xCA,0x00,0x3A,0x04,0x30,0x04,0x30,0x02,0xFF,0x02,0xB0,0x03,0xA9,0x04,0x6A,0x04,0x28,0x06,   // U+6B8B 残
            0x00,0x02,0xFE,0x07,0x4A,0x00,0x49,0x01,0x49,0x05,0x50,0x04,0xCE,0x00,0x42,0x03,0x42,0x02,0x5E,0x03,0xD0,0x04,0x10,0x04,   // U+6BB5 段
            0xBE,0x04,0xA9,0x04,0xA1,0x03,0xAA,0x02,0xBE,0x06,0x50,0x04,0xCE,0x00,0x42,0x03,0x42,0x03,0xDE,0x04,0x10,0x04,0x00,0x00,   // U+6BC1 毁
            0x10,0x00,0xF0,0x01,0x1F,0x01,0x11,0x01,0x31,0x01,0x57,0x01,0x9D,0x05,0x11,0x05,0x11,0x05,0xFF,0x07,0x10,0x01,0x10,0x00,   // U+6BCD 母
            0x28,0x00,0xE4,0x01,0x3B,0x01,0x2B,0x01,0x2A,0x01,0x3A,0x01,0x2A,0x05,0x2A,0x05,0x2A,0x05,0xFA,0x03,0x22,0x01,0x22,0x01,   // U+6BCF 每
            0xFF,0x07,0x10,0x02,0x10,0x02,0x10,0x01,0x00,0x00,0xFF,0x07,0x20,0x04,0x10,0x04,0x18,0x04,0x08,0x04,0x84,0x03,0x00,0x00,   // U+6BD4 比
            0x00,0x01,0x1F,0x01,0x14,0x01,0x14,0x01,0x14,0x01,0xC0,0x07,0x3F,0x01,0x24,0x01,0x24,0x01,0x22,0x01,0x1A,0x01,0x00,0x00,   // U+6BD5 毕
            0x82,0x00,0x92,0x00,0x92,0x00,0x02,0x00,0xFE,0x03,0x48,0x04,0x49,0x04,0x49,0x04,0x49,0x04,0x49,0x04,0x40,0x03,0x00,0x00,   // U+6BDB 毛
            0x00,0x00,0x3A,0x04,0x4E,0x01,0x0A,0x00,0x0A,0x00,0xCA,0x07,0xAB,0x0A,0xAA,0x0A,0xAA,0x0A,0xAE,0x0A,0x3A,0x0A,0x00,0x00,   // U+6BEB 毫
            0xFE,0x07,0x22,0x00,0x22,0x02,0x22,0x02,0x22,0x01,0xFE,0x00,0x21,0x03,0x21,0x06,0x21,0x04,0x21,0x04,0x20,0x03,0x00,0x00,   // U+6C0F 氏
            0xFF,0x07,0x49,0x04,0x49,0x02,0x49,0x02,0x49,0x00,0xF9,0x00,0xC9,0x01,0x49,0x02,0x49,0x04,0x47,0x04,0x40,0x03,0x00,0x00,   // U+6C11 民
            0x30,0x00,0x38,0x00,0x26,0x00,0x2B,0x00,0x2A,0x00,0x2A,0x00,0x2A,0x00,0x2A,0x00,0x2A,0x00,0xEA,0x03,0x0A,0x06,0x00,0x03,   // U+6C14 气
            0x08,0x00,0xDC,0x04,0xD7,0x02,0xB6,0x01,0x96,0x04,0xB6,0x04,0xD6,0x07,0xD6,0x00,0x16,0x00,0xF6,0x03,0x02,0x04,0x00,0x03,   // U+6C1B 氛
            0x08,0x02,0x88,0x01,0xE8,0x00,0x18,0x04,0x00,0x04,0xFF,0x07,0x18,0x00,0x70,0x00,0x88,0x00,0x04,0x01,0x00,0x02,0x00,0x00,   // U+6C34 水
            0x00,0x01,0x28,0x01,0xA8,0x00,0x69,0x04,0x09,0x04,0xFA,0x07,0x32,0x00,0x70,0x00,0x90,0x00,0x08,0x00,0x00,0x01,0x00,0x00,   // U+6C38 永
            0x04,0x02,0x0C,0x01,0x14,0x01,0xA4,0x04,0x44,0x04,0xFF,0x07,0x34,0x00,0x45,0x00,0xE4,0x00,0x26,0x01,0x14,0x02,0x04,0x02,   // U+6C42 求
            0x09,0x06,0x92,0x01,0x00,0x00,0xFE,0x07,0x02,0x04,0x02,0x04,0x02,0x04,0x02,0x04,0x02,0x04,0x02,0x04,0x02,0x04,0x00,0x00,   // U+6C47 汇
            0x09,0x06,0xD0,0x01,0x02,0x04,0x02,0x04,0x1E,0x02,0x62,0x01,0x82,0x01,0xC2,0x01,0x32,0x02,0x0E,0x04,0x00,0x04,0x00,0x00,   // U+6C49 汉
            0x09,0x07,0xD1,0x01,0x02,0x00,0x10,0x00,0xFE,0x03,0x08,0x04,0x08,0x04,0xFF,0x05,0x40,0x04,0x44,0x04,0x3C,0x06,0x80,0x03,   // U+6C60 池
            0x09,0x06,0xD1,0x01,0x02,0x00,0x10,0x00,0xF2,0x00,0x92,0x04,0x92,0x04,0x92,0x04,0x92,0x04,0x92,0x03,0x10,0x00,0x00,0x00,   // U+6C61 污
            0x09,0x04,0x19,0x03,0xD2,0x04,0x08,0x02,0x08,0x02,0x88,0x00,0x48,0x01,0x3F,0x02,0xC8,0x00,0x08,0x01,0x08,0x02,0x08,0x04,   // U+6C70 汰
            0x09,0x06,0xD0,0x01,0x02,0x04,0x06,0x02,0xF2,0x01,0x12,0x00,0x12,0x00,0x12,0x00,0xF2,0x07,0x06,0x04,0x00,0x03,0x00,0x00,   // U+6C89 沉
            0x09,0x07,0xD0,0x01,0x02,0x04,0x30,0x04,0x0C,0x02,0x00,0x02,0x7F,0x01,0x80,0x00,0x44,0x00,0x28,0x00,0x10,0x00,0x00,0x00,   // U+6C99 沙
            0x09,0x04,0x88,0x03,0xD2,0x00,0x10,0x04,0x48,0x04,0xC7,0x04,0x41,0x03,0x41,0x03,0x41,0x03,0xC1,0x04,0x4F,0x04,0x08,0x04,   // U+6CA1 没
            0x09,0x04,0x81,0x03,0xD2,0x00,0x10,0x00,0xD8,0x07,0x56,0x02,0x51,0x02,0x50,0x02,0x50,0x02,0x52,0x02,0xDC,0x07,0x30,0x00,   // U+6CBB 治
            0x09,0x06,0xD0,0x01,0x22,0x00,0x10,0x00,0xCF,0x07,0x41,0x02,0x41,0x02,0x41,0x02,0x4F,0x02,0xD0,0x07,0x10,0x00,0x00,0x00,   // U+6CBF 沿
            0x01,0x07,0xC0,0x01,0x02,0x00,0x08,0x00,0xFE,0x07,0x08,0x04,0xFF,0x05,0x88,0x04,0x88,0x04,0xFF,0x05,0x08,0x04,0x08,0x04,   // U+6CC4 泄
            0x00,0x00,0x09,0x06,0xD0,0x01,0x02,0x00,0xFC,0x07,0x24,0x02,0x24,0x02,0x27,0x02,0x24,0x02,0x24,0x02,0xFC,0x07,0x00,0x00,   // U+6CCA 泊
            0x09,0x04,0x80,0x03,0xD2,0x00,0x00,0x00,0x24,0x04,0x24,0x06,0xA4,0x04,0x7F,0x02,0x24,0x02,0xA4,0x02,0x24,0x03,0x20,0x04,   // U+6CD5 法
            0x09,0x07,0xD1,0x01,0x02,0x04,0x10,0x02,0x12,0x02,0x12,0x03,0x92,0x04,0x9C,0x04,0x51,0x04,0x31,0x04,0x11,0x04,0x00,0x04,   // U+6CDB 泛
            0x09,0x06,0xC1,0x01,0x1A,0x00,0xFE,0x03,0x4B,0x04,0x4A,0x04,0x4A,0x05,0x7A,0x05,0x02,0x05,0xFE,0x04,0x00,0x03,0x00,0x00,   // U+6CE1 泡
            0x09,0x06,0xC1,0x01,0x12,0x04,0x00,0x03,0xFE,0x04,0x12,0x04,0x72,0x02,0x9F,0x03,0x12,0x01,0xD2,0x02,0x32,0x04,0x06,0x04,   // U+6CE2 波
            0x09,0x06,0xD2,0x07,0x00,0x03,0xFF,0x00,0x09,0x00,0xE9,0x03,0x89,0x04,0x09,0x04,0x49,0x04,0x0F,0x04,0x20,0x03,0x00,0x00,   // U+6CE5 泥
            0x01,0x07,0xE0,0x00,0x02,0x00,0x44,0x04,0x44,0x04,0x44,0x04,0x45,0x04,0xFE,0x07,0x44,0x04,0x44,0x04,0x44,0x04,0x04,0x04,   // U+6CE8 注
            0x09,0x07,0xD0,0x01,0x02,0x02,0xD4,0x01,0x74,0x00,0x05,0x04,0xFC,0x07,0x22,0x00,0xB0,0x00,0x08,0x01,0x00,0x02,0x00,0x00,   // U+6CF3 泳
            0x09,0x06,0xD0,0x01,0x82,0x00,0x83,0x00,0xB9,0x00,0xA9,0x00,0xA9,0x04,0xA9,0x04,0xA9,0x04,0x29,0x04,0xE1,0x03,0x00,0x00,   // U+6CFB 泻
            0x09,0x06,0xD2,0x01,0x04,0x00,0xD4,0x07,0x54,0x02,0x54,0x02,0x5F,0x02,0x54,0x02,0x54,0x02,0xD4,0x07,0x04,0x00,0x00,0x00,   // U+6D01 洁
            0x09,0x06,0xD1,0x01,0x02,0x00,0xFF,0x07,0x01,0x00,0xF5,0x01,0x95,0x00,0x95,0x04,0xF5,0x04,0x01,0x04,0xFF,0x07,0x00,0x00,   // U+6D1E 洞
            0x09,0x06,0xD0,0x01,0x02,0x00,0xCA,0x07,0x4A,0x02,0x4A,0x02,0x7E,0x02,0x48,0x02,0x49,0x02,0xC9,0x07,0x09,0x00,0x00,0x00,   // U+6D3B 活
            0x09,0x06,0xD0,0x01,0x0A,0x00,0xC8,0x07,0x54,0x02,0x52,0x02,0x51,0x02,0x52,0x02,0x54,0x02,0xC0,0x07,0x08,0x00,0x00,0x00,   // U+6D3D 洽
            0x09,0x07,0xC8,0x01,0x12,0x04,0x00,0x03,0xFE,0x00,0x02,0x00,0xF2,0x07,0x12,0x04,0x70,0x02,0xC9,0x01,0x49,0x02,0x29,0x04,   // U+6D3E 派
            0x09,0x06,0xD2,0x01,0x02,0x04,0x12,0x02,0xDE,0x01,0x17,0x00,0xF2,0x07,0x12,0x00,0xD6,0x07,0x1A,0x04,0x12,0x03,0x00,0x00,   // U+6D41 流
            0x09,0x06,0x93,0x01,0x42,0x04,0x48,0x04,0x48,0x04,0x48,0x02,0xFF,0x02,0xE0,0x03,0x25,0x05,0xA6,0x04,0x24,0x06,0x00,0x00,   // U+6D45 浅
            0x09,0x06,0xD3,0x00,0x02,0x04,0xFF,0x02,0x01,0x03,0xFD,0x01,0x01,0x01,0xFF,0x02,0x00,0x04,0xFE,0x04,0x00,0x04,0xFF,0x07,   // U+6D4B 测
            0x09,0x06,0x92,0x01,0x00,0x00,0xFE,0x07,0x4A,0x04,0xCA,0x02,0x4B,0x01,0x4A,0x03,0x4A,0x01,0xFE,0x04,0x80,0x04,0x00,0x00,   // U+6D6A 浪
            0x09,0x06,0xD1,0x01,0x82,0x00,0x96,0x00,0x9A,0x00,0x92,0x04,0x96,0x04,0xD8,0x07,0xB1,0x00,0xB9,0x00,0x95,0x00,0x80,0x00,   // U+6D6E 浮
            0x09,0x06,0xD0,0x01,0x02,0x00,0xF1,0x07,0x52,0x01,0x54,0x01,0x50,0x01,0x5F,0x05,0x50,0x05,0x56,0x05,0xF3,0x07,0x00,0x00,   // U+6D88 消
            0x09,0x06,0xD0,0x01,0x12,0x04,0x90,0x05,0xDE,0x02,0x10,0x02,0xFF,0x02,0x14,0x01,0x94,0x00,0x54,0x00,0x14,0x00,0x00,0x00,   // U+6D89 涉
            0x09,0x06,0x92,0x01,0x79,0x04,0x49,0x04,0xCF,0x03,0x00,0x00,0x20,0x04,0xFF,0x07,0x28,0x02,0xE6,0x03,0x21,0x03,0x20,0x04,   // U+6DA8 涨
            0x09,0x06,0xD0,0x01,0x02,0x00,0x14,0x00,0xF5,0x07,0x5D,0x01,0x5A,0x01,0x52,0x05,0x52,0x05,0x55,0x05,0xF5,0x07,0x10,0x00,   // U+6DC6 淆
            0x09,0x06,0xD2,0x01,0x08,0x00,0x24,0x00,0xFA,0x01,0x2F,0x01,0xFA,0x01,0x2A,0x05,0xEA,0x05,0x22,0x04,0xFE,0x03,0x00,0x00,   // U+6DD8 淘
            0x09,0x07,0xD3,0x01,0x02,0x00,0x50,0x04,0xD1,0x04,0x8A,0x02,0x0C,0x01,0xE7,0x00,0x88,0x01,0x8A,0x02,0x51,0x04,0x00,0x04,   // U+6DE1 淡
            0x09,0x06,0x90,0x01,0x02,0x00,0x53,0x04,0x49,0x02,0x49,0x01,0xC5,0x00,0xF1,0x07,0x45,0x00,0x49,0x02,0x53,0x04,0x00,0x00,   // U+6DF1 深
            0x09,0x07,0xD0,0x01,0x02,0x00,0x1F,0x00,0xD5,0x07,0x95,0x00,0x95,0x02,0xD5,0x07,0x95,0x04,0x95,0x04,0x5F,0x04,0x40,0x03,   // U+6DF7 混
            0x09,0x06,0xD0,0x01,0x02,0x00,0x48,0x02,0x29,0x05,0xB9,0x04,0x19,0x04,0xCF,0x07,0x99,0x01,0xA9,0x03,0x49,0x01,0x48,0x02,   // U+6DFB 添
            0x09,0x06,0x91,0x01,0x22,0x00,0xE2,0x0F,0xAA,0x02,0xAA,0x02,0xBF,0x02,0xAA,0x0A,0xAA,0x0A,0xEA,0x0F,0x22,0x00,0x00,0x00,   // U+6E05 清
            0x12,0x06,0xA2,0x01,0x04,0x01,0x78,0x01,0x4E,0x01,0xF8,0x07,0x48,0x05,0x08,0x03,0xFC,0x01,0x24,0x00,0xE0,0x07,0x22,0x00,   // U+6E10 渐
            0x09,0x06,0xD0,0x01,0x42,0x00,0x54,0x00,0xB6,0x05,0x94,0x05,0x5D,0x01,0xD4,0x02,0x96,0x02,0x36,0x01,0x54,0x01,0x50,0x00,   // U+6E17 渗
            0x09,0x07,0xD0,0x01,0x02,0x04,0x00,0x03,0xFE,0x04,0x8A,0x04,0xBE,0x05,0xAA,0x02,0xAB,0x02,0xBE,0x07,0x8A,0x04,0x0A,0x04,   // U+6E21 渡
            0x09,0x06,0xC1,0x01,0x12,0x00,0x00,0x04,0xF2,0x05,0x52,0x05,0x5F,0x05,0x52,0x05,0x52,0x05,0xF6,0x05,0x00,0x04,0x00,0x00,   // U+6E23 渣
            0x09,0x06,0xD2,0x01,0x00,0x04,0xBF,0x07,0x95,0x04,0x95,0x07,0x95,0x04,0x95,0x07,0x95,0x04,0xBF,0x07,0x00,0x04,0x00,0x00,   // U+6E29 温
            0x09,0x06,0xD0,0x01,0x02,0x00,0x06,0x04,0xFA,0x05,0x2A,0x05,0x2B,0x05,0x2A,0x05,0x2A,0x05,0xFA,0x05,0x06,0x04,0x00,0x00,   // U+6E32 渲
            0x09,0x07,0xD2,0x07,0x04,0x03,0xFD,0x04,0x26,0x04,0xE4,0x03,0x4C,0x00,0x4B,0x04,0x4A,0x04,0xEA,0x07,0x5A,0x00,0x00,0x00,   // U+6E38 游
            0x09,0x06,0xD1,0x01,0x22,0x00,0x20,0x04,0xAE,0x05,0xAA,0x04,0xAA,0x02,0xBF,0x03,0xAA,0x02,0xAA,0x00,0xAE,0x05,0x20,0x04,   // U+6E83 溃
            0x09,0x06,0xD2,0x01,0xFF,0x04,0x01,0x02,0xFD,0x01,0x01,0x03,0xFF,0x04,0x24,0x02,0xFF,0x01,0x85,0x03,0x76,0x04,0x04,0x03,   // U+6E85 溅
            0x09,0x07,0xD0,0x01,0x02,0x06,0xFF,0x01,0x01,0x02,0x7D,0x01,0xD5,0x04,0x55,0x04,0xD5,0x03,0xD5,0x00,0x7D,0x03,0x01,0x04,   // U+6E90 源
            0x09,0x07,0xD0,0x01,0x02,0x00,0x24,0x04,0xD5,0x07,0x56,0x04,0xCC,0x07,0x44,0x04,0xCE,0x07,0x55,0x04,0xD5,0x07,0x24,0x04,   // U+6EA2 溢
            0x09,0x0E,0xD2,0x01,0xFC,0x08,0x87,0x06,0xFC,0x03,0x86,0x00,0xF5,0x08,0x00,0x06,0xFF,0x03,0x91,0x08,0xFF,0x0F,0x00,0x00,   // U+6EAF 溯
            0x09,0x07,0xD0,0x01,0x02,0x00,0x30,0x00,0xFF,0x07,0x55,0x01,0x55,0x01,0x5D,0x05,0x51,0x05,0xFF,0x03,0x30,0x00,0x00,0x00,   // U+6ED1 滑
            0x09,0x07,0xD0,0x01,0x02,0x02,0x10,0x02,0x4A,0x01,0x66,0x07,0xD2,0x04,0x4B,0x04,0x36,0x01,0x2A,0x03,0xCA,0x04,0x12,0x04,   // U+6EDA 滚
            0x09,0x06,0xD2,0x01,0x32,0x00,0x92,0x03,0x93,0x00,0x92,0x00,0xD3,0x07,0x92,0x02,0x92,0x02,0x93,0x03,0x32,0x00,0x00,0x00,   // U+6EDE 滞
            0x09,0x06,0xD2,0x01,0x12,0x00,0xD2,0x07,0x52,0x03,0xF7,0x01,0x52,0x03,0x52,0x01,0xF7,0x05,0x52,0x05,0xD2,0x07,0x00,0x00,   // U+6EE1 满
            0x09,0x06,0xD0,0x05,0x02,0x02,0xF8,0x01,0x08,0x02,0x28,0x01,0x28,0x07,0x7F,0x04,0xAA,0x05,0xAA,0x03,0xFA,0x01,0x0A,0x03,   // U+6EE4 滤
            0x08,0x00,0x91,0x07,0x02,0x00,0x9D,0x02,0xB5,0x02,0xB5,0x04,0xBF,0x04,0xB5,0x03,0xBF,0x00,0xB5,0x01,0x9D,0x02,0x00,0x00,   // U+6F02 漂
            0x09,0x06,0xD2,0x01,0x00,0x06,0xFF,0x01,0x15,0x00,0xD5,0x07,0x55,0x01,0xD5,0x02,0xF5,0x07,0x55,0x05,0x55,0x06,0xD7,0x07,   // U+6F0F 漏
            0x09,0x07,0xD1,0x01,0x02,0x00,0xE6,0x07,0xAA,0x02,0xAA,0x02,0xFA,0x03,0xAB,0x02,0xAA,0x02,0xE2,0x07,0x06,0x00,0x00,0x00,   // U+6F14 演
            0x09,0x06,0xD1,0x01,0x02,0x00,0xF0,0x04,0x9F,0x04,0xF5,0x03,0x95,0x02,0x95,0x02,0xF5,0x01,0x9F,0x04,0x70,0x04,0x00,0x04,   // U+6F2B 漫
            0x09,0x03,0xD3,0x00,0x22,0x00,0xDA,0x03,0x5F,0x05,0x6A,0x05,0x60,0x05,0x5A,0x05,0x4F,0x05,0xDA,0x03,0x2A,0x00,0x00,0x00,   // U+6F5C 潜
            0x09,0x06,0x90,0x05,0x82,0x02,0xBE,0x03,0xEB,0x05,0xAA,0x05,0xBE,0x03,0x18,0x04,0x7F,0x02,0xC4,0x01,0x3C,0x02,0x04,0x04,   // U+6FC0 激
            0x09,0x06,0x91,0x01,0x02,0x01,0xDA,0x00,0xF2,0x07,0x57,0x05,0x7A,0x05,0xFA,0x07,0x57,0x05,0x52,0x05,0x5A,0x05,0x42,0x04,   // U+704C 灌
            0x00,0x04,0x04,0x04,0x18,0x02,0x20,0x02,0x00,0x01,0xC0,0x00,0x7F,0x00,0xC0,0x00,0x20,0x01,0x18,0x02,0x04,0x04,0x00,0x04,   // U+706B 火
            0x01,0x04,0x09,0x04,0x11,0x02,0x21,0x01,0xC1,0x00,0x3F,0x00,0x61,0x00,0x81,0x01,0x21,0x01,0x11,0x02,0x09,0x04,0x01,0x04,   // U+706D 灭
            0x0C,0x04,0x18,0x03,0x7F,0x00,0xD8,0x00,0x0C,0x01,0x01,0x04,0x01,0x04,0x01,0x04,0xFF,0x07,0x01,0x00,0x01,0x00,0x01,0x00,   // U+706F 灯
        };
        System.arraycopy(part, 0, DATA, 768 * BYTES_PER_GLYPH, part.length);
    }

    // 第 1024..1279 个字形的点阵（分块的原因见 DATA 的注释）。
    private static void fillGlyphs4() {
        int[] part = {
            0x04,0x04,0x04,0x03,0xE4,0x00,0x1F,0x04,0x24,0x00,0x44,0x02,0x04,0x01,0x74,0x00,0x84,0x01,0x44,0x02,0x24,0x04,0x00,0x04,   // U+7070 灰
            0x00,0x04,0x51,0x04,0xD5,0x04,0x95,0x02,0x15,0x02,0x15,0x01,0xD5,0x00,0x95,0x01,0x95,0x02,0xD5,0x02,0x5F,0x04,0x00,0x04,   // U+7075 灵
            0x10,0x04,0x17,0x02,0x94,0x05,0x7C,0x04,0x94,0x00,0x17,0x02,0x14,0x01,0xF4,0x00,0x14,0x01,0x94,0x02,0x57,0x04,0x00,0x04,   // U+70AD 炭
            0x18,0x04,0x60,0x03,0xFE,0x01,0xB0,0x00,0x18,0x01,0xFC,0x03,0x56,0x04,0x54,0x05,0x74,0x05,0x04,0x05,0xFC,0x06,0x00,0x03,   // U+70AE 炮
            0x0C,0x04,0x18,0x03,0xFF,0x00,0x98,0x01,0x1C,0x02,0x0E,0x00,0x07,0x00,0xFC,0x07,0x24,0x01,0x24,0x01,0x24,0x01,0x24,0x01,   // U+70B8 炸
            0x00,0x04,0x00,0x03,0x78,0x00,0x48,0x00,0x48,0x03,0x48,0x06,0x4F,0x00,0x4A,0x03,0x4A,0x06,0x4A,0x00,0x7A,0x01,0x02,0x06,   // U+70B9 点
            0x0C,0x04,0x18,0x03,0xFF,0x00,0xD8,0x00,0x0C,0x03,0xBA,0x01,0x6E,0x04,0x2B,0x04,0xFA,0x07,0x22,0x00,0xA2,0x00,0x22,0x02,   // U+70BC 炼
            0x0C,0x04,0x18,0x03,0xFF,0x00,0x98,0x00,0x0C,0x05,0x70,0x03,0xCE,0x04,0x42,0x04,0xFA,0x07,0x40,0x00,0x41,0x01,0x41,0x02,   // U+70C1 烁
            0x0C,0x04,0x30,0x03,0xFF,0x00,0x90,0x00,0x0C,0x05,0x49,0x04,0x4A,0x04,0x4C,0x04,0x48,0x04,0x4E,0x04,0x4B,0x04,0x08,0x04,   // U+70C2 烂
            0x91,0x04,0x89,0x02,0x55,0x00,0x67,0x02,0x25,0x06,0x15,0x04,0x0D,0x00,0x00,0x02,0x3E,0x04,0x80,0x00,0x80,0x02,0xFF,0x04,   // U+70C8 烈
            0x0C,0x04,0x18,0x03,0xFF,0x00,0x98,0x00,0x0C,0x05,0x44,0x02,0x7F,0x01,0x44,0x00,0x44,0x00,0x7F,0x01,0x44,0x02,0x40,0x04,   // U+70D8 烘
            0x0C,0x04,0x18,0x03,0xFF,0x00,0x98,0x00,0x44,0x01,0x4A,0x00,0xAA,0x01,0x7F,0x05,0x3A,0x05,0x2E,0x05,0x2A,0x03,0x09,0x00,   // U+70E4 烤
            0x0C,0x04,0x18,0x03,0xFF,0x00,0x98,0x01,0x06,0x07,0xFD,0x04,0x05,0x03,0xF7,0x01,0x05,0x01,0x05,0x02,0xFD,0x02,0x01,0x04,   // U+70E6 烦
            0x04,0x04,0x18,0x03,0xFE,0x01,0x18,0x01,0x0C,0x06,0xA8,0x02,0xA6,0x01,0xBC,0x00,0xB4,0x03,0xB0,0x04,0xA2,0x04,0x80,0x02,   // U+70E7 烧
            0xA4,0x04,0xA4,0x02,0xFF,0x00,0x14,0x02,0x94,0x04,0x74,0x00,0x3F,0x02,0x44,0x04,0x44,0x00,0x7C,0x02,0x80,0x00,0x60,0x04,   // U+70ED 热
            0x0C,0x00,0x10,0x06,0xFF,0x01,0x10,0x01,0x0C,0x02,0x5F,0x01,0x55,0x01,0xD5,0x07,0x55,0x01,0x55,0x01,0x5F,0x01,0x00,0x00,   // U+710A 焊
            0x18,0x04,0x60,0x03,0xFE,0x00,0xB0,0x00,0x38,0x01,0xAC,0x07,0xB4,0x02,0xA6,0x02,0xB6,0x02,0xA4,0x02,0xAC,0x07,0x24,0x00,   // U+7119 焙
            0x08,0x06,0xFE,0x03,0xAB,0x00,0xAA,0x01,0xAA,0x06,0xAA,0x00,0xFE,0x03,0xAA,0x06,0xAA,0x00,0xAA,0x01,0x82,0x04,0x00,0x00,   // U+7126 焦
            0x04,0x04,0x08,0x03,0xFF,0x00,0x98,0x00,0x0C,0x01,0xE4,0x07,0x52,0x02,0x53,0x02,0x6A,0x02,0x66,0x02,0xE2,0x07,0x00,0x00,   // U+7130 焰
            0x98,0x06,0xD6,0x03,0x6B,0x00,0x32,0x03,0x92,0x06,0x46,0x00,0x64,0x00,0x34,0x03,0x1F,0x06,0x34,0x00,0x45,0x01,0x86,0x06,   // U+7136 然
            0x08,0x04,0x30,0x03,0xFE,0x00,0xA0,0x00,0x9C,0x00,0x04,0x03,0x7E,0x01,0x54,0x01,0xD4,0x07,0x54,0x01,0x7E,0x03,0x04,0x01,   // U+7164 煤
            0x00,0x04,0xFE,0x03,0x12,0x01,0x12,0x03,0xFE,0x07,0x10,0x04,0xCA,0x01,0x46,0x03,0x52,0x05,0x52,0x01,0x52,0x01,0xCE,0x01,   // U+7167 照
            0x04,0x04,0x08,0x03,0xFF,0x00,0xC8,0x06,0x04,0x03,0xFE,0x00,0xAA,0x07,0xAB,0x04,0xAA,0x04,0xAA,0x02,0xFE,0x01,0x00,0x02,   // U+7184 熄
            0x18,0x04,0x30,0x03,0xFE,0x01,0x18,0x01,0x2C,0x00,0x84,0x07,0x54,0x03,0x24,0x03,0x46,0x03,0x94,0x07,0x2C,0x00,0x00,0x00,   // U+7194 熔
            0x5C,0x01,0x54,0x05,0x54,0x05,0x56,0x07,0xD4,0x05,0x5C,0x03,0xC8,0x03,0xFE,0x04,0x08,0x01,0xF8,0x01,0x00,0x06,0x80,0x03,   // U+719F 熟
            0x0C,0x01,0x7F,0x00,0x48,0x00,0x94,0x01,0xDF,0x00,0xF5,0x05,0xD5,0x07,0x55,0x00,0xF5,0x01,0x5F,0x00,0x50,0x00,0x00,0x00,   // U+7206 爆
            0x00,0x06,0xFE,0x01,0x02,0x00,0xFE,0x07,0x01,0x00,0xFF,0x00,0x01,0x02,0xFE,0x02,0x22,0x05,0x3E,0x05,0x22,0x05,0x9E,0x04,   // U+722C 爬
            0x00,0x02,0x3A,0x01,0x2E,0x01,0xAE,0x04,0xEA,0x05,0xBA,0x03,0xAE,0x02,0xA9,0x02,0xA9,0x07,0xA9,0x04,0x39,0x04,0x00,0x04,   // U+7231 爱
            0x10,0x04,0x08,0x04,0x04,0x00,0x12,0x02,0x71,0x02,0x80,0x01,0x80,0x01,0x61,0x02,0x1E,0x02,0x0C,0x04,0x18,0x04,0x00,0x00,   // U+7236 父
            0x00,0x04,0x00,0x03,0xFF,0x01,0x48,0x00,0x48,0x00,0x48,0x00,0x48,0x00,0x48,0x00,0xCF,0x07,0x08,0x00,0x08,0x00,0x08,0x00,   // U+7247 片
            0x00,0x06,0xFF,0x01,0x50,0x00,0xDF,0x07,0x10,0x06,0xFE,0x01,0x12,0x04,0x72,0x02,0x90,0x03,0x91,0x03,0x71,0x06,0x00,0x04,   // U+7248 版
            0x00,0x06,0xFF,0x03,0x50,0x00,0xDF,0x07,0x10,0x01,0xBE,0x01,0xEA,0x01,0x6B,0x01,0xFE,0x07,0x2A,0x01,0x3E,0x01,0x00,0x01,   // U+724C 牌
            0xB0,0x00,0x4E,0x00,0xFF,0x07,0x28,0x00,0x30,0x01,0x8E,0x04,0x47,0x02,0x1C,0x01,0xC4,0x04,0x3C,0x04,0xFC,0x03,0x00,0x00,   // U+7269 物
            0x58,0x00,0x46,0x00,0xFF,0x07,0x64,0x00,0x00,0x00,0x4E,0x04,0x44,0x04,0x44,0x04,0xFF,0x07,0x44,0x04,0x44,0x04,0x00,0x04,   // U+7272 牲
            0x62,0x02,0x2A,0x03,0xAA,0x02,0xE6,0x02,0xA6,0x02,0xE7,0x07,0xA6,0x02,0xA6,0x02,0xAA,0x02,0x2A,0x02,0x62,0x02,0x00,0x00,   // U+7275 牵
            0x58,0x00,0x46,0x00,0xFF,0x07,0x24,0x00,0x52,0x00,0xD2,0x00,0x52,0x01,0x5F,0x04,0x52,0x04,0xF2,0x07,0x52,0x00,0x50,0x00,   // U+7279 特
            0x58,0x00,0x46,0x00,0xFF,0x07,0x24,0x00,0x20,0x00,0xF9,0x07,0xC9,0x02,0x3F,0x02,0x09,0x02,0x7F,0x02,0x89,0x02,0xF9,0x07,   // U+727A 牺
            0x98,0x00,0x46,0x00,0xFF,0x07,0x04,0x00,0x34,0x00,0xD2,0x01,0x5A,0x01,0x56,0x01,0xD7,0x05,0x12,0x04,0xFA,0x07,0x10,0x00,   // U+7284 犄
            0x89,0x04,0x46,0x04,0x2E,0x04,0xF2,0x03,0x01,0x00,0xFF,0x03,0x01,0x04,0x01,0x04,0x41,0x04,0x41,0x04,0x3F,0x04,0x00,0x03,   // U+72AF 犯
            0x0C,0x01,0xD8,0x00,0xFF,0x07,0x10,0x04,0x10,0x02,0x10,0x03,0xD0,0x00,0x7F,0x00,0x90,0x01,0x12,0x02,0x14,0x04,0x00,0x00,   // U+72B6 状
            0x91,0x04,0x4E,0x04,0x7C,0x04,0xE2,0x03,0x02,0x04,0x22,0x04,0x22,0x04,0xFE,0x07,0x22,0x04,0x22,0x04,0x22,0x04,0x00,0x00,   // U+72C2 狂
            0x93,0x04,0x4C,0x04,0xFC,0x07,0x09,0x00,0xF6,0x01,0x97,0x00,0x94,0x04,0x94,0x04,0xF4,0x04,0x04,0x04,0xFC,0x03,0x00,0x00,   // U+72D7 狗
            0x89,0x04,0x46,0x04,0x2E,0x04,0xF2,0x03,0xFD,0x04,0x44,0x04,0x44,0x00,0xFF,0x03,0x44,0x02,0x44,0x02,0x7C,0x02,0x00,0x04,   // U+72EC 独
            0x89,0x04,0x6E,0x04,0xFA,0x03,0x09,0x04,0x88,0x07,0xA9,0x04,0xA9,0x07,0xBD,0x04,0x8B,0x07,0x89,0x04,0x89,0x07,0x08,0x04,   // U+731B 猛
            0x91,0x08,0x4E,0x08,0x7C,0x08,0xE2,0x07,0x22,0x00,0xEA,0x0F,0x8A,0x02,0x9F,0x02,0x8A,0x0A,0x8A,0x0A,0xEA,0x0F,0x22,0x00,   // U+731C 猜
            0xFA,0x07,0x5A,0x02,0xEA,0x03,0x6F,0x06,0x5A,0x06,0xFA,0x03,0x08,0x04,0x88,0x03,0xFF,0x00,0x89,0x01,0x0A,0x04,0x00,0x00,   // U+732E 献
            0x8E,0x02,0x5A,0x02,0xB2,0x02,0xDA,0x02,0x76,0x02,0x53,0x07,0x6A,0x02,0x92,0x02,0x2A,0x02,0x46,0x02,0x82,0x02,0x00,0x00,   // U+7387 率
            0x11,0x02,0x11,0x01,0xFF,0x01,0x91,0x04,0x01,0x02,0x09,0x03,0xF9,0x00,0x09,0x00,0xF9,0x07,0x09,0x04,0x09,0x04,0x08,0x03,   // U+73A9 玩
            0x11,0x02,0x11,0x02,0xFF,0x01,0x11,0x01,0x00,0x03,0xC1,0x00,0x31,0x00,0xF7,0x07,0x01,0x00,0x11,0x00,0x61,0x00,0x81,0x00,   // U+73AF 环
            0x11,0x02,0x11,0x02,0xFF,0x01,0x11,0x05,0x01,0x05,0xFF,0x02,0x81,0x01,0xFD,0x00,0xC1,0x03,0x01,0x04,0x7F,0x04,0x00,0x03,   // U+73B0 现
            0x11,0x02,0x11,0x02,0xFF,0x01,0x11,0x05,0x01,0x07,0xFE,0x04,0x72,0x02,0x9F,0x01,0x92,0x03,0x32,0x06,0x06,0x04,0x00,0x00,   // U+73BB 玻
            0x22,0x00,0x22,0x00,0xFE,0x01,0x22,0x01,0x02,0x00,0xFE,0x07,0x22,0x02,0x23,0x02,0x22,0x02,0x22,0x02,0xFE,0x07,0x00,0x00,   // U+73C0 珀
            0x11,0x02,0x11,0x02,0xFF,0x01,0x11,0x01,0x14,0x01,0x14,0x01,0xE4,0x04,0xFF,0x07,0x64,0x00,0x25,0x01,0x16,0x02,0x00,0x00,   // U+7403 球
            0x11,0x02,0x11,0x02,0xFF,0x01,0x11,0x01,0x01,0x04,0x9F,0x04,0x95,0x04,0xFF,0x07,0x95,0x04,0x95,0x04,0x9F,0x04,0x00,0x04,   // U+7406 理
            0x11,0x02,0x11,0x02,0xFF,0x01,0x11,0x01,0x11,0x07,0xF0,0x05,0x30,0x02,0xFF,0x01,0x92,0x00,0x92,0x07,0x92,0x04,0x52,0x02,   // U+7425 琥
            0x21,0x02,0x21,0x00,0x21,0x01,0x01,0x01,0xFF,0x07,0xA9,0x00,0xA9,0x00,0x29,0x04,0xE9,0x02,0xA9,0x03,0xEF,0x02,0x00,0x00,   // U+7455 瑕
            0x12,0x02,0x12,0x02,0xFE,0x01,0x12,0x01,0x00,0x01,0xBE,0x07,0xA2,0x02,0xAE,0x02,0xE7,0x02,0xA6,0x07,0xA2,0x06,0xBE,0x07,   // U+7483 璃
            0x24,0x04,0x25,0x02,0xFE,0x01,0x26,0x00,0xFC,0x07,0x25,0x00,0xFD,0x07,0x2F,0x00,0x49,0x02,0xF9,0x07,0x01,0x04,0x80,0x03,   // U+74F6 瓶
            0x82,0x00,0x82,0x07,0xFF,0x04,0xAA,0x06,0xAA,0x04,0xAA,0x05,0xAA,0x04,0xAA,0x04,0xAA,0x05,0xFF,0x04,0x82,0x06,0x82,0x04,   // U+751A 甚
            0x20,0x04,0x50,0x04,0x4C,0x04,0x4A,0x04,0x48,0x04,0x48,0x04,0xFF,0x07,0x48,0x04,0x48,0x04,0x48,0x04,0x48,0x04,0x00,0x04,   // U+751F 生
            0x00,0x00,0x00,0x06,0xFF,0x01,0x49,0x00,0x49,0x00,0x49,0x00,0xFF,0x07,0x49,0x00,0x49,0x04,0x49,0x04,0xFF,0x07,0x00,0x00,   // U+7528 用
            0x00,0x06,0xFF,0x01,0x49,0x00,0x49,0x00,0x49,0x00,0xFF,0x03,0x49,0x04,0x49,0x05,0x49,0x05,0x49,0x05,0xFF,0x04,0x00,0x02,   // U+7529 甩
            0x00,0x00,0xFF,0x07,0x11,0x02,0x11,0x02,0x11,0x02,0x11,0x02,0xFF,0x03,0x11,0x02,0x11,0x02,0x11,0x02,0xFF,0x07,0x00,0x00,   // U+7530 田
            0x00,0x00,0xFC,0x07,0x24,0x02,0x24,0x02,0x24,0x02,0xFF,0x03,0x24,0x02,0x24,0x02,0x24,0x02,0x24,0x02,0xFC,0x07,0x00,0x00,   // U+7531 由
            0x00,0x00,0xFF,0x00,0x49,0x00,0x49,0x00,0x49,0x00,0xFF,0x07,0x49,0x00,0x49,0x00,0x49,0x00,0x49,0x00,0xFF,0x00,0x00,0x00,   // U+7532 甲
            0xFE,0x01,0x92,0x00,0x92,0x00,0x92,0x00,0xFF,0x03,0x92,0x04,0x92,0x04,0x92,0x04,0xFE,0x04,0x00,0x04,0x00,0x03,0x00,0x00,   // U+7535 电
            0x02,0x00,0xFA,0x07,0x02,0x04,0xFA,0x04,0xAA,0x04,0xAA,0x04,0xFA,0x04,0xAA,0x04,0xFA,0x04,0x02,0x04,0xFA,0x07,0x02,0x00,   // U+753B 画
            0xFE,0x01,0x92,0x00,0xFF,0x07,0x92,0x00,0xFE,0x01,0x90,0x04,0x79,0x02,0x95,0x01,0x75,0x04,0x13,0x04,0x91,0x03,0x00,0x00,   // U+7545 畅
            0x80,0x00,0x9F,0x04,0x55,0x02,0xD5,0x01,0x35,0x00,0x15,0x00,0x1F,0x00,0x35,0x00,0xD5,0x07,0x55,0x00,0x9F,0x00,0x80,0x00,   // U+754C 界
            0x00,0x00,0x1E,0x00,0xD2,0x07,0x5A,0x05,0x52,0x05,0x52,0x05,0xDA,0x07,0x46,0x05,0x52,0x05,0x52,0x05,0xCE,0x07,0x00,0x00,   // U+7559 留
            0xFC,0x03,0x24,0x02,0xFC,0x03,0x24,0x02,0xFC,0x03,0x50,0x00,0xCC,0x07,0xB6,0x04,0xB4,0x04,0xBC,0x04,0xC4,0x07,0x40,0x00,   // U+7565 略
            0xFE,0x07,0x22,0x02,0xFE,0x03,0x22,0x02,0xFE,0x07,0x00,0x00,0xB2,0x03,0xAA,0x02,0xA7,0x0B,0x2A,0x08,0xEA,0x0F,0x32,0x00,   // U+7578 畸
            0x00,0x02,0xFA,0x01,0x02,0x00,0xFE,0x05,0x26,0x06,0xB4,0x03,0x24,0x00,0xE4,0x07,0x25,0x00,0xAC,0x07,0x34,0x04,0x24,0x03,   // U+758F 疏
            0xC0,0x04,0xBF,0x02,0xEA,0x01,0xA8,0x01,0xA4,0x06,0x90,0x02,0xD2,0x03,0x16,0x02,0xFA,0x07,0x96,0x04,0xB2,0x04,0x00,0x00,   // U+7591 疑
            0x88,0x00,0xD0,0x02,0xFE,0x00,0x02,0x04,0xE2,0x04,0x9A,0x05,0x8B,0x02,0x8A,0x02,0x8A,0x03,0xBA,0x05,0x22,0x04,0x02,0x00,   // U+75AB 疫
            0x8C,0x04,0x58,0x02,0xFE,0x00,0x02,0x06,0xFA,0x03,0x1A,0x01,0xEA,0x00,0xCA,0x01,0x2A,0x02,0xFA,0x03,0x02,0x04,0x02,0x03,   // U+75AF 疯
            0x08,0x00,0xD0,0x03,0x7E,0x00,0x02,0x03,0xFA,0x04,0xCA,0x04,0x4B,0x03,0x7E,0x02,0x4A,0x03,0xCA,0x00,0x5A,0x04,0x02,0x00,   // U+75B2 疲
            0x86,0x00,0x58,0x06,0xFE,0x01,0x02,0x04,0xF2,0x07,0x02,0x04,0xFE,0x03,0x23,0x02,0xFE,0x07,0x22,0x04,0x22,0x04,0x02,0x03,   // U+75B5 疵
            0x8C,0x04,0x58,0x02,0x7E,0x00,0x02,0x00,0xEA,0x07,0x2A,0x02,0x2B,0x01,0xFA,0x00,0xAA,0x04,0x2A,0x05,0xEA,0x07,0x0A,0x00,   // U+75C5 病
            0x44,0x00,0x28,0x06,0xFE,0x01,0x02,0x08,0xCA,0x0F,0x0A,0x08,0x0B,0x08,0xFA,0x0F,0x4A,0x08,0x4A,0x08,0x4A,0x08,0x0A,0x08,   // U+75C7 症
            0x8C,0x00,0x58,0x06,0xFE,0x01,0x02,0x00,0xFA,0x07,0xCA,0x00,0xCA,0x03,0xCA,0x02,0xCA,0x02,0xCA,0x06,0xFA,0x05,0x02,0x04,   // U+75D5 痕
            0x48,0x00,0x70,0x03,0xFE,0x00,0x02,0x04,0xAA,0x04,0xAE,0x01,0xA3,0x02,0xFE,0x02,0xAA,0x03,0xAA,0x05,0x3A,0x04,0x02,0x04,   // U+7626 瘦
            0x8C,0x00,0x58,0x06,0xFE,0x03,0xFA,0x00,0xAA,0x07,0xAA,0x04,0xBA,0x07,0x5B,0x01,0x6A,0x01,0xCE,0x07,0x7A,0x01,0x00,0x00,   // U+7656 癖
            0x20,0x04,0x15,0x04,0xF9,0x04,0xAD,0x05,0xAF,0x06,0xAB,0x04,0xA9,0x04,0xAE,0x06,0xAE,0x05,0xED,0x04,0x15,0x04,0x10,0x04,   // U+767B 登
            0x00,0x00,0xFC,0x07,0x24,0x02,0x24,0x02,0x27,0x02,0x24,0x02,0x24,0x02,0x24,0x02,0x24,0x02,0x24,0x02,0xFC,0x07,0x00,0x00,   // U+767D 白
            0x01,0x00,0xF9,0x07,0x49,0x02,0x49,0x02,0x49,0x02,0x4F,0x02,0x49,0x02,0x49,0x02,0x49,0x02,0xF9,0x07,0x01,0x00,0x00,0x00,   // U+767E 百
            0x00,0x00,0xFC,0x07,0x27,0x02,0x24,0x02,0xFC,0x07,0x00,0x00,0x18,0x00,0x67,0x04,0xC4,0x04,0x04,0x04,0xFC,0x03,0x00,0x00,   // U+7684 的
            0x00,0x06,0xFE,0x05,0x12,0x04,0x32,0x02,0x52,0x02,0x92,0x01,0x1F,0x01,0x92,0x01,0x52,0x02,0x32,0x02,0x06,0x04,0x00,0x04,   // U+76AE 皮
            0x00,0x04,0xA0,0x07,0x84,0x04,0x94,0x04,0x8D,0x07,0x84,0x04,0xA5,0x07,0xA4,0x04,0xBC,0x04,0x84,0x07,0x04,0x04,0x00,0x00,   // U+76C6 盆
            0x24,0x04,0x34,0x04,0xD5,0x07,0x5D,0x04,0xCE,0x07,0x44,0x04,0x44,0x04,0xCE,0x07,0x4E,0x04,0xD5,0x07,0x14,0x04,0x24,0x04,   // U+76CA 益
            0x10,0x04,0x54,0x04,0x54,0x07,0x54,0x05,0x57,0x07,0x5C,0x05,0x30,0x05,0x61,0x07,0xFA,0x05,0xDA,0x07,0x7A,0x04,0x00,0x04,   // U+76CF 盏
            0x24,0x04,0x24,0x04,0x24,0x07,0x1F,0x05,0x14,0x07,0x14,0x05,0x00,0x05,0x7F,0x07,0x04,0x05,0x08,0x07,0x08,0x04,0x10,0x04,   // U+76D0 盐
            0x00,0x04,0xBE,0x07,0x80,0x04,0xBF,0x04,0x80,0x07,0x90,0x04,0x8E,0x07,0x97,0x04,0x84,0x04,0xA4,0x07,0x04,0x04,0x00,0x00,   // U+76D1 监
            0x00,0x00,0x08,0x04,0x00,0x07,0x70,0x05,0x54,0x07,0x54,0x05,0x55,0x05,0x56,0x07,0x52,0x05,0x74,0x07,0x04,0x04,0x00,0x00,   // U+76D2 盒
            0x22,0x04,0xAA,0x07,0xAA,0x04,0xAB,0x04,0xAA,0x07,0xBE,0x04,0xAA,0x07,0xAB,0x04,0xAA,0x04,0xAA,0x07,0x22,0x04,0x00,0x00,   // U+76D6 盖
            0x00,0x04,0x90,0x04,0xD0,0x07,0xBE,0x04,0x92,0x04,0xB7,0x07,0x9A,0x04,0x92,0x07,0xFE,0x04,0x90,0x04,0x90,0x07,0x10,0x04,   // U+76D8 盘
            0x00,0x00,0x00,0x00,0xFF,0x07,0x49,0x02,0x49,0x02,0x49,0x02,0x49,0x02,0x49,0x02,0x49,0x02,0xFF,0x07,0x00,0x00,0x00,0x00,   // U+76EE 目
            0xFF,0x03,0x49,0x01,0x49,0x01,0xFF,0x03,0x00,0x00,0x01,0x04,0x01,0x04,0xFF,0x07,0x01,0x00,0x01,0x00,0x01,0x00,0x00,0x00,   // U+76EF 盯
            0x00,0x00,0x02,0x00,0xEE,0x07,0xAA,0x0A,0xAA,0x0A,0xAB,0x0A,0xAA,0x0A,0xAA,0x0A,0xAA,0x0A,0xEA,0x07,0x02,0x00,0x00,0x00,   // U+76F2 盲
            0x02,0x08,0x02,0x08,0xFA,0x0F,0xAA,0x0A,0xAA,0x0A,0xAA,0x0A,0xAF,0x0A,0xAA,0x0A,0xAA,0x0A,0xFA,0x0F,0x02,0x08,0x02,0x08,   // U+76F4 直
            0x64,0x00,0x34,0x00,0xFF,0x07,0x14,0x00,0x24,0x00,0xFF,0x07,0x49,0x02,0x49,0x02,0x49,0x02,0x49,0x02,0xFF,0x07,0x00,0x00,   // U+76F8 相
            0x00,0x06,0xFE,0x01,0x0A,0x00,0xEA,0x07,0xAA,0x0A,0xAA,0x0A,0xBE,0x0A,0xA9,0x0A,0xA9,0x0A,0xA9,0x0A,0xE9,0x07,0x00,0x00,   // U+76FE 盾
            0x10,0x00,0x14,0x00,0xF0,0x03,0x52,0x05,0x50,0x05,0x50,0x05,0x57,0x05,0x50,0x05,0x56,0x05,0x56,0x05,0xF4,0x03,0x04,0x00,   // U+7701 省
            0x10,0x02,0x15,0x01,0x15,0x00,0xF5,0x07,0x55,0x05,0x5D,0x05,0x57,0x05,0x55,0x05,0x55,0x05,0x55,0x05,0xF5,0x07,0x10,0x00,   // U+770B 看
            0x02,0x0A,0x02,0x0A,0xFA,0x03,0xAA,0x06,0xAA,0x06,0xAF,0x02,0xAA,0x02,0xAA,0x06,0xAA,0x06,0xFA,0x03,0x02,0x0A,0x02,0x0A,   // U+771F 真
            0xFF,0x07,0x49,0x02,0x49,0x02,0xFF,0x07,0x00,0x00,0xFF,0x07,0xC9,0x00,0x49,0x01,0x49,0x03,0xFF,0x04,0x80,0x04,0x00,0x00,   // U+773C 眼
            0x40,0x01,0x54,0x01,0xD4,0x07,0x56,0x05,0x7C,0x05,0x54,0x05,0x54,0x05,0x54,0x05,0x54,0x05,0xD4,0x07,0x44,0x00,0x00,0x00,   // U+7740 着
            0xFF,0x03,0x49,0x02,0xFF,0x03,0x00,0x00,0xEA,0x07,0x6A,0x01,0x6A,0x01,0x7F,0x05,0x6A,0x05,0xEA,0x07,0x22,0x00,0x00,0x00,   // U+775B 睛
            0xFC,0x07,0x54,0x02,0xFC,0x03,0x04,0x00,0xE4,0x07,0xAE,0x04,0xE4,0x07,0xA4,0x04,0xAE,0x04,0xE4,0x07,0x04,0x00,0x00,0x00,   // U+7784 瞄
            0xFF,0x03,0x49,0x02,0xFF,0x07,0x02,0x00,0xEA,0x07,0x2F,0x01,0xFA,0x00,0xAA,0x01,0xFF,0x04,0xAA,0x05,0xEA,0x03,0x00,0x00,   // U+7792 瞒
            0xFE,0x07,0x2A,0x01,0xFE,0x01,0x80,0x04,0x96,0x02,0x5A,0x03,0xD0,0x00,0xD4,0x01,0x59,0x01,0xF9,0x07,0x55,0x01,0x50,0x01,   // U+77AC 瞬
            0xFF,0x07,0x49,0x04,0xFF,0x07,0x10,0x06,0xF6,0x01,0x73,0x07,0x52,0x05,0x7E,0x05,0x50,0x05,0x70,0x07,0x50,0x00,0x00,0x00,   // U+77BB 瞻
            0x10,0x02,0x11,0x00,0x11,0x01,0x95,0x00,0x55,0x04,0x19,0x04,0xF9,0x07,0x15,0x00,0x13,0x00,0x13,0x00,0x51,0x00,0x30,0x00,   // U+77DB 矛
            0x00,0x04,0x50,0x04,0x4E,0x00,0x47,0x02,0x44,0x01,0xC4,0x01,0xFC,0x00,0x44,0x01,0x44,0x02,0x44,0x02,0x44,0x04,0x40,0x04,   // U+77E2 矢
            0x14,0x04,0x13,0x03,0xFE,0x00,0x52,0x00,0x92,0x01,0x10,0x02,0xFF,0x07,0x01,0x02,0x01,0x02,0x01,0x02,0xFF,0x07,0x00,0x00,   // U+77E5 知
            0x16,0x04,0x93,0x03,0x7E,0x00,0xD2,0x00,0x10,0x03,0xFF,0x07,0x89,0x04,0x89,0x04,0x89,0x04,0x89,0x04,0xF9,0x04,0x01,0x04,   // U+77E9 矩
            0x2C,0x04,0x27,0x03,0xFC,0x00,0xA4,0x01,0x20,0x06,0xFD,0x04,0x45,0x05,0x45,0x06,0x45,0x06,0x45,0x05,0xFD,0x04,0x01,0x04,   // U+77ED 短
            0x2C,0x04,0x27,0x03,0xFC,0x01,0x24,0x01,0xA8,0x06,0xAA,0x05,0x8A,0x04,0x8A,0x02,0xBE,0x02,0x8B,0x01,0x89,0x04,0xA8,0x04,   // U+77EE 矮
            0x81,0x00,0x41,0x00,0x21,0x00,0xF1,0x07,0x15,0x02,0x13,0x02,0x11,0x02,0x11,0x02,0x11,0x02,0x11,0x02,0xF1,0x07,0x01,0x00,   // U+77F3 石
            0x20,0x00,0xF2,0x01,0x1E,0x01,0x12,0x01,0xF2,0x04,0x80,0x03,0x04,0x00,0x04,0x00,0x07,0x00,0x04,0x00,0x04,0x00,0x04,0x00,   // U+77FF 矿
            0x61,0x00,0xF9,0x07,0x17,0x02,0xF1,0x07,0x81,0x00,0xBD,0x00,0xA1,0x00,0xA1,0x04,0xA1,0x04,0xBF,0x04,0xE0,0x03,0x00,0x00,   // U+7801 码
            0x41,0x00,0xF9,0x03,0x17,0x01,0xF1,0x03,0x08,0x00,0xFF,0x05,0x88,0x02,0x89,0x01,0x7F,0x04,0x01,0x04,0xFF,0x03,0x00,0x00,   // U+780C 砌
            0x42,0x00,0xF2,0x07,0x16,0x02,0x12,0x02,0xF2,0x07,0x10,0x04,0x0E,0x02,0x87,0x01,0xF4,0x00,0x84,0x01,0x34,0x02,0x0C,0x04,   // U+780D 砍
            0x42,0x00,0xF2,0x07,0x16,0x02,0xF2,0x07,0x0A,0x00,0x7A,0x00,0x4E,0x01,0x4B,0x02,0x4A,0x03,0xCA,0x05,0x4A,0x04,0x08,0x00,   // U+7816 砖
            0x42,0x00,0xF2,0x03,0x16,0x01,0xF2,0x01,0x02,0x06,0xFE,0x05,0x72,0x04,0x92,0x03,0x1F,0x03,0xD2,0x02,0x32,0x04,0x06,0x04,   // U+7834 破
            0x84,0x00,0xE4,0x07,0x2C,0x02,0xE4,0x07,0x04,0x00,0xBC,0x07,0x20,0x04,0xFE,0x07,0x20,0x04,0x20,0x04,0x9C,0x07,0x00,0x00,   // U+7840 础
            0x41,0x00,0xF9,0x07,0x17,0x02,0xF1,0x07,0x01,0x04,0x00,0x04,0xFD,0x02,0x55,0x03,0xFF,0x03,0xFD,0x04,0x01,0x04,0x00,0x00,   // U+786C 硬
            0x42,0x00,0xF2,0x07,0x16,0x02,0xFA,0x03,0x04,0x06,0xFA,0x03,0x2B,0x01,0xFA,0x07,0x2E,0x05,0x2A,0x05,0xF8,0x07,0x00,0x00,   // U+786E 确
            0x42,0x00,0xF2,0x03,0x16,0x01,0xF2,0x03,0x02,0x01,0x5F,0x03,0x55,0x03,0x55,0x05,0x55,0x05,0xD5,0x07,0x5F,0x01,0x40,0x01,   // U+788D 碍
            0x42,0x00,0xF2,0x07,0x1E,0x02,0xF2,0x07,0xA2,0x00,0x92,0x00,0x9A,0x00,0xD3,0x07,0xA3,0x00,0x9A,0x00,0x92,0x00,0xA0,0x00,   // U+788E 碎
            0x60,0x00,0xF9,0x03,0x17,0x02,0xF1,0x03,0x00,0x01,0xBE,0x01,0x6A,0x01,0x3B,0x01,0xEA,0x07,0x2A,0x01,0x3E,0x01,0x00,0x01,   // U+7891 碑
            0x42,0x00,0xF2,0x07,0x2E,0x02,0xE2,0x07,0x34,0x04,0xC5,0x04,0x05,0x04,0xFE,0x07,0x04,0x04,0xFE,0x07,0xC5,0x04,0x34,0x04,   // U+78B0 碰
            0x82,0x00,0xF2,0x07,0x2E,0x04,0xE2,0x07,0x46,0x04,0x54,0x05,0x4D,0x04,0x16,0x06,0x64,0x04,0xDE,0x07,0x35,0x06,0x04,0x04,   // U+78C1 磁
            0x10,0x02,0x91,0x01,0x51,0x00,0x11,0x04,0x11,0x04,0x11,0x04,0xF1,0x07,0x11,0x00,0x51,0x00,0x91,0x00,0x11,0x01,0x10,0x02,   // U+793A 示
            0x90,0x04,0x9A,0x04,0xAE,0x02,0xBF,0x02,0xA2,0x04,0xBA,0x04,0xAA,0x07,0xA6,0x00,0xBF,0x02,0xA2,0x02,0xAA,0x04,0x92,0x04,   // U+7981 禁
            0x02,0x00,0x82,0x07,0xBA,0x00,0xA2,0x02,0xA6,0x02,0xAA,0x02,0xEB,0x02,0xAE,0x03,0xA6,0x06,0xA2,0x04,0xBA,0x07,0x02,0x00,   // U+79BB 离
            0x8A,0x00,0x6A,0x00,0xFE,0x07,0x29,0x00,0x89,0x00,0x00,0x03,0xE0,0x01,0x3C,0x00,0x13,0x02,0xE0,0x02,0x80,0x03,0x00,0x06,   // U+79C1 私
            0x48,0x04,0x4A,0x04,0x2A,0x02,0xAA,0x01,0x9A,0x00,0x88,0x00,0xFF,0x00,0x89,0x07,0x09,0x04,0x29,0x04,0x49,0x04,0x48,0x03,   // U+79C3 秃
            0x8A,0x01,0x6A,0x00,0xFE,0x07,0x29,0x00,0x49,0x00,0x7C,0x00,0x44,0x00,0xFF,0x07,0x44,0x00,0x44,0x00,0x7C,0x00,0x00,0x00,   // U+79CD 种
            0x8A,0x01,0x6A,0x00,0xFE,0x07,0x29,0x00,0x49,0x01,0x10,0x01,0x02,0x01,0x28,0x00,0x80,0x00,0xFF,0x07,0x80,0x00,0x80,0x00,   // U+79D1 科
            0x8A,0x00,0x6A,0x00,0xFE,0x07,0x29,0x00,0x49,0x04,0x30,0x04,0x0C,0x04,0x00,0x02,0x7F,0x02,0x00,0x01,0x04,0x01,0x98,0x00,   // U+79D2 秒
            0x8A,0x00,0x6A,0x00,0xFF,0x07,0x29,0x00,0x48,0x04,0x3F,0x02,0x21,0x01,0x21,0x00,0x21,0x00,0x21,0x01,0x3F,0x02,0x00,0x04,   // U+79EF 积
            0x89,0x01,0x69,0x00,0xFF,0x07,0x29,0x00,0x49,0x01,0x8C,0x00,0x47,0x04,0xF4,0x07,0x04,0x00,0x44,0x00,0x94,0x00,0x0C,0x01,   // U+79F0 称
            0x8A,0x00,0x6A,0x00,0xFE,0x07,0x29,0x00,0x69,0x05,0xA4,0x04,0x6A,0x02,0x73,0x02,0x4A,0x01,0x4E,0x01,0xC6,0x00,0x00,0x00,   // U+79FB 移
            0xCA,0x00,0x2A,0x00,0xFF,0x07,0xB9,0x00,0x80,0x00,0xE9,0x03,0xB6,0x00,0xE6,0x07,0xA6,0x02,0xA6,0x02,0xA9,0x03,0x00,0x00,   // U+7A00 稀
            0x8A,0x00,0x0A,0x00,0xFF,0x03,0x19,0x00,0x40,0x04,0xAF,0x04,0xA9,0x04,0xA9,0x04,0xE9,0x07,0xA9,0x04,0xAF,0x04,0x20,0x04,   // U+7A0B 程
            0x8A,0x01,0x6A,0x00,0xFE,0x07,0x69,0x00,0x89,0x00,0xF1,0x07,0x56,0x01,0x50,0x01,0x5F,0x05,0x50,0x05,0x56,0x05,0xF3,0x07,   // U+7A0D 稍
            0x8A,0x00,0x6A,0x00,0xFF,0x07,0x39,0x06,0xA4,0x03,0xAA,0x00,0xAB,0x07,0x2A,0x04,0xAE,0x05,0xAA,0x02,0x78,0x01,0x00,0x02,   // U+7A33 稳
            0x8A,0x00,0x2A,0x00,0xFF,0x07,0x19,0x00,0x2A,0x00,0xEE,0x07,0x2A,0x00,0xEA,0x01,0x2B,0x01,0xEA,0x05,0x2E,0x04,0xE2,0x07,   // U+7A3F 稿
            0x00,0x04,0x0C,0x02,0x04,0x03,0x84,0x00,0x64,0x00,0x05,0x00,0x06,0x00,0x64,0x00,0x84,0x01,0x04,0x03,0x0C,0x06,0x00,0x04,   // U+7A74 穴
            0x26,0x04,0x52,0x04,0x52,0x02,0xEA,0x01,0x43,0x00,0x42,0x00,0x4A,0x00,0xCA,0x07,0x12,0x04,0x32,0x04,0x26,0x03,0x00,0x00,   // U+7A76 究
            0x00,0x00,0x26,0x04,0x52,0x04,0x4A,0x02,0x46,0x03,0xF3,0x01,0x42,0x04,0x46,0x04,0x4A,0x04,0xCA,0x03,0x16,0x00,0x00,0x00,   // U+7A77 穷
            0x20,0x00,0x16,0x04,0x5A,0x04,0x4A,0x04,0x46,0x04,0xC3,0x07,0x43,0x04,0x46,0x04,0x4A,0x04,0x12,0x04,0x26,0x04,0x00,0x00,   // U+7A7A 空
            0x26,0x04,0xB2,0x04,0xF2,0x00,0xA2,0x02,0xAA,0x02,0xAA,0x05,0xA3,0x04,0xEA,0x07,0xAA,0x00,0xB2,0x00,0xA6,0x00,0x00,0x00,   // U+7A7F 穿
            0x56,0x04,0x52,0x04,0x4A,0x02,0x4A,0x03,0xF3,0x01,0xC3,0x00,0x5A,0x01,0x6A,0x02,0x52,0x02,0x56,0x04,0x00,0x04,0x00,0x00,   // U+7A81 突
            0x86,0x00,0x52,0x00,0x72,0x00,0x32,0x00,0xFA,0x07,0xAA,0x02,0xA3,0x02,0xAA,0x02,0xA2,0x02,0xB2,0x02,0x26,0x00,0x00,0x00,   // U+7A84 窄
            0x0E,0x00,0xFA,0x07,0x92,0x04,0x76,0x06,0x76,0x05,0xDA,0x05,0xD3,0x05,0xD2,0x06,0x56,0x04,0xF2,0x07,0x0E,0x00,0x00,0x00,   // U+7A97 窗
            0x06,0x00,0x02,0x07,0x76,0x05,0x56,0x05,0x52,0x05,0xFE,0x07,0x53,0x05,0x56,0x05,0x76,0x05,0x02,0x07,0x06,0x00,0x00,0x00,   // U+7A9C 窜
            0x04,0x04,0x04,0x04,0x14,0x04,0xE4,0x04,0x84,0x05,0x05,0x04,0x06,0x06,0x84,0x05,0x64,0x04,0x14,0x04,0x04,0x04,0x04,0x04,   // U+7ACB 立
            0x00,0x04,0x1E,0x04,0x80,0x04,0xBF,0x05,0xA0,0x06,0xA2,0x04,0xD6,0x04,0x9A,0x06,0x9A,0x05,0xAE,0x04,0xA6,0x04,0x20,0x04,   // U+7AD6 竖
            0x00,0x01,0x34,0x01,0x65,0x01,0xC6,0x01,0x34,0x01,0x00,0x00,0xC0,0x07,0x40,0x02,0x7F,0x02,0x44,0x02,0xC4,0x07,0x04,0x00,   // U+7AD9 站
            0x08,0x04,0x0A,0x04,0xFA,0x02,0xAE,0x02,0xAE,0x01,0xAA,0x00,0xAB,0x00,0xAA,0x03,0xAE,0x04,0xFA,0x04,0x0A,0x04,0x08,0x02,   // U+7ADF 竟
            0x14,0x04,0x14,0x04,0xF4,0x05,0x54,0x05,0x5C,0x05,0x54,0x07,0x56,0x05,0x5C,0x05,0x54,0x05,0xF4,0x05,0x14,0x04,0x14,0x04,   // U+7AE0 章
            0x00,0x02,0xF4,0x02,0x07,0x03,0x74,0x01,0x00,0x00,0xDF,0x01,0x55,0x01,0xD5,0x01,0xD5,0x05,0x55,0x05,0xDF,0x07,0x00,0x00,   // U+7AED 竭
            0xF4,0x05,0x05,0x04,0xC6,0x07,0x74,0x00,0xD6,0x07,0x54,0x00,0xD4,0x03,0x77,0x00,0xD4,0x03,0x54,0x04,0xD6,0x07,0x10,0x00,   // U+7AEF 端
            0x08,0x01,0x56,0x01,0x53,0x01,0x56,0x01,0x1A,0x01,0xFA,0x03,0xAE,0x04,0xAB,0x04,0xAA,0x04,0xAE,0x04,0x82,0x02,0x00,0x00,   // U+7B14 笔
            0x88,0x00,0x46,0x00,0xE3,0x07,0x16,0x00,0xCA,0x00,0xCA,0x00,0x46,0x01,0x43,0x04,0x46,0x04,0xFA,0x07,0x42,0x00,0x42,0x00,   // U+7B26 符
            0x00,0x02,0x28,0x02,0x26,0x01,0xAC,0x02,0x64,0x02,0x64,0x02,0x6C,0x02,0x66,0x02,0xA4,0x02,0x24,0x01,0x24,0x02,0x04,0x02,   // U+7B28 笨
            0x08,0x00,0x86,0x05,0x53,0x05,0x5E,0x01,0x52,0x03,0x52,0x01,0xFA,0x07,0x52,0x01,0x56,0x09,0x5A,0x09,0x72,0x09,0x02,0x07,   // U+7B2C 第
            0x28,0x00,0x26,0x04,0x26,0x02,0x34,0x03,0xEC,0x02,0xEC,0x03,0x26,0x05,0xA6,0x04,0xAC,0x04,0x6C,0x04,0x24,0x03,0x00,0x00,   // U+7B3C 笼
            0x44,0x01,0x53,0x01,0x57,0x01,0x5A,0x03,0x52,0x01,0x7E,0x05,0x53,0x05,0xD7,0x07,0x5A,0x01,0x52,0x01,0x42,0x01,0x00,0x00,   // U+7B49 等
            0x18,0x02,0x16,0x02,0xF3,0x01,0x16,0x05,0x1A,0x02,0xFA,0x01,0x56,0x00,0x93,0x00,0x16,0x01,0xFA,0x07,0x02,0x04,0x02,0x03,   // U+7B51 筑
            0x08,0x00,0xFE,0x07,0x0B,0x00,0xAE,0x07,0xAE,0x02,0xAA,0x02,0xAE,0x02,0xAB,0x02,0xAE,0x07,0x0E,0x04,0xFA,0x07,0x02,0x00,   // U+7B52 筒
            0x28,0x00,0x26,0x00,0x83,0x07,0xBE,0x02,0xAA,0x02,0xAA,0x02,0xAE,0x02,0xB3,0x02,0xB6,0x02,0x8A,0x07,0x22,0x00,0x22,0x00,   // U+7B54 答
            0x14,0x04,0xD3,0x05,0x57,0x02,0x5A,0x02,0x52,0x01,0xFE,0x0F,0x53,0x01,0x57,0x02,0x5A,0x03,0xD2,0x05,0x12,0x04,0x00,0x00,   // U+7B56 策
            0x04,0x00,0xF3,0x04,0x03,0x02,0xE6,0x01,0x0A,0x00,0xA2,0x03,0xAE,0x00,0xE3,0x07,0xA6,0x02,0xAA,0x02,0xA2,0x03,0x22,0x00,   // U+7B5B 筛
            0x48,0x00,0x04,0x04,0x23,0x05,0x6F,0x06,0x52,0x04,0x42,0x05,0x4E,0x06,0x53,0x04,0x66,0x06,0x2A,0x05,0x42,0x04,0x42,0x04,   // U+7B7E 签
            0x04,0x00,0xF3,0x07,0x03,0x00,0x0E,0x00,0xE6,0x03,0xAA,0x02,0xAE,0x02,0xAB,0x02,0xEB,0x07,0x0E,0x04,0xFA,0x07,0x02,0x00,   // U+7B80 简
            0x04,0x02,0x02,0x0A,0xFB,0x0B,0xAE,0x06,0xAA,0x04,0xAA,0x06,0xAE,0x06,0xAB,0x06,0xAA,0x0C,0xFE,0x03,0x02,0x02,0x02,0x02,   // U+7B97 算
            0x00,0x00,0x1E,0x00,0xEB,0x07,0xAE,0x04,0xAE,0x04,0xAA,0x04,0xAE,0x04,0xAB,0x04,0x6B,0x04,0x8A,0x07,0x1A,0x00,0x00,0x00,   // U+7BA1 管
            0x14,0x00,0xF3,0x07,0x53,0x01,0x5E,0x05,0x52,0x05,0xF2,0x07,0x16,0x00,0x1B,0x00,0xD7,0x05,0x16,0x04,0xF2,0x07,0x12,0x00,   // U+7BAD 箭
            0x94,0x01,0x53,0x00,0xFB,0x07,0x56,0x00,0x96,0x00,0xFA,0x07,0xAE,0x02,0xAB,0x02,0xAE,0x02,0xAE,0x02,0xFA,0x07,0x02,0x00,   // U+7BB1 箱
            0x04,0x03,0xFB,0x00,0xEB,0x07,0x2A,0x01,0xEA,0x03,0x2A,0x01,0x2B,0x01,0xEB,0x03,0x2E,0x05,0xFA,0x07,0x02,0x00,0x00,0x00,   // U+7BC7 篇
            0x14,0x06,0xF3,0x01,0x5B,0x04,0xD2,0x07,0x12,0x02,0x36,0x07,0x7B,0x06,0x73,0x02,0xD6,0x03,0x5A,0x06,0x52,0x06,0x52,0x02,   // U+7C07 簇
            0x20,0x02,0x22,0x02,0x24,0x01,0x28,0x00,0xA0,0x00,0x60,0x00,0xFF,0x07,0x60,0x00,0xA8,0x00,0x24,0x01,0x22,0x02,0x20,0x02,   // U+7C73 米
            0xA8,0x04,0xA9,0x04,0x99,0x02,0x9A,0x02,0x88,0x01,0xFF,0x01,0x98,0x01,0x9A,0x02,0x8B,0x00,0xA9,0x04,0xA8,0x04,0x00,0x00,   // U+7C7B 类
            0x12,0x01,0xD4,0x00,0xFF,0x07,0x54,0x00,0x92,0x00,0x04,0x04,0x3C,0x04,0xC5,0x05,0x06,0x07,0xE4,0x04,0x1C,0x04,0x04,0x04,   // U+7C92 粒
            0x12,0x01,0xD4,0x00,0xFF,0x07,0x54,0x00,0x92,0x04,0x00,0x04,0xFF,0x07,0x89,0x04,0x89,0x04,0x89,0x04,0xFF,0x07,0x00,0x04,   // U+7C97 粗
            0x24,0x03,0xE8,0x01,0xFE,0x07,0xA8,0x00,0x24,0x01,0x04,0x00,0xC0,0x07,0x40,0x04,0x7E,0x04,0x48,0x04,0xC8,0x07,0x08,0x00,   // U+7C98 粘
            0x12,0x01,0xD4,0x00,0xFF,0x07,0x74,0x00,0x92,0x00,0xFE,0x07,0x4A,0x00,0xCA,0x02,0x4B,0x01,0x4A,0x03,0x7E,0x04,0x80,0x04,   // U+7CAE 粮
            0x92,0x00,0x54,0x00,0xFF,0x07,0x34,0x00,0x52,0x00,0xA2,0x00,0x9A,0x00,0x93,0x00,0xE3,0x07,0x92,0x00,0x9A,0x00,0xA2,0x00,   // U+7CB9 粹
            0x92,0x01,0x54,0x00,0xFF,0x07,0x50,0x00,0x82,0x00,0xF2,0x07,0x52,0x01,0x52,0x01,0x5F,0x05,0x52,0x05,0xF2,0x07,0x12,0x00,   // U+7CBE 精
            0x96,0x00,0x10,0x00,0xFF,0x07,0x34,0x00,0x56,0x00,0xE4,0x03,0x3F,0x01,0xE4,0x05,0x00,0x03,0xFF,0x05,0x49,0x04,0xFF,0x07,   // U+7CCA 糊
            0x12,0x01,0xD4,0x00,0xFF,0x07,0xD4,0x00,0x56,0x04,0xC4,0x03,0x18,0x02,0xD6,0x05,0x5F,0x05,0x54,0x05,0xD4,0x05,0x14,0x04,   // U+7CD9 糙
            0x10,0x01,0x70,0x00,0xFF,0x07,0x54,0x00,0x7A,0x00,0xEA,0x07,0x7F,0x05,0x6A,0x05,0x6A,0x05,0x6A,0x05,0xEA,0x07,0x02,0x00,   // U+7CDF 糟
            0x00,0x04,0x92,0x04,0x9A,0x02,0xDA,0x02,0x96,0x04,0xB2,0x04,0x92,0x07,0x90,0x00,0xC8,0x02,0xC9,0x00,0x81,0x04,0x00,0x00,   // U+7CFB 系
            0x00,0x00,0x0A,0x04,0x2A,0x01,0x9A,0x03,0xDA,0x04,0x7F,0x07,0xBA,0x00,0xDA,0x02,0x8A,0x00,0x0A,0x05,0x00,0x00,0x00,0x00,   // U+7D20 素
            0x1A,0x04,0x8A,0x00,0xAA,0x02,0xAA,0x04,0xAA,0x04,0xAF,0x03,0xAA,0x00,0xCA,0x02,0x4A,0x02,0x8A,0x04,0x9A,0x04,0x00,0x00,   // U+7D22 索
            0x00,0x04,0x8F,0x04,0xA0,0x02,0xBF,0x02,0xB0,0x04,0xA9,0x04,0xA3,0x03,0x85,0x00,0x15,0x02,0x57,0x02,0xC9,0x04,0x88,0x04,   // U+7D27 紧
            0x00,0x04,0x5F,0x05,0x55,0x03,0x55,0x07,0x55,0x05,0x55,0x04,0x1F,0x07,0x35,0x00,0x95,0x02,0x95,0x02,0x9F,0x04,0x00,0x04,   // U+7D2F 累
            0x0C,0x00,0x3A,0x01,0x2B,0x01,0x7A,0x01,0xEA,0x05,0x7A,0x05,0x64,0x03,0x66,0x01,0xDB,0x01,0x9A,0x01,0x26,0x05,0x02,0x00,   // U+7E41 繁
            0x98,0x04,0xD6,0x04,0x51,0x00,0x48,0x02,0x44,0x02,0x40,0x02,0xFE,0x01,0x80,0x00,0xC0,0x00,0x40,0x00,0xFF,0x07,0x00,0x00,   // U+7EA0 纠
            0xD8,0x04,0xF6,0x02,0x51,0x02,0x48,0x01,0x02,0x04,0x02,0x04,0x02,0x04,0xFE,0x07,0x02,0x04,0x02,0x04,0x02,0x04,0x00,0x00,   // U+7EA2 红
            0x00,0x00,0x98,0x04,0xF6,0x04,0x51,0x02,0x44,0x02,0x10,0x00,0x2E,0x00,0x47,0x04,0x84,0x04,0x04,0x04,0xFC,0x07,0x00,0x00,   // U+7EA6 约
            0x4C,0x02,0x5A,0x02,0x49,0x01,0x44,0x05,0x81,0x03,0xFF,0x04,0x31,0x06,0xC1,0x02,0x8D,0x01,0xEB,0x02,0x18,0x06,0x00,0x04,   // U+7EA7 级
            0x98,0x04,0xD6,0x00,0xB1,0x02,0x98,0x02,0x08,0x00,0xE2,0x03,0x22,0x04,0x22,0x04,0x22,0x04,0x22,0x04,0x3E,0x04,0x00,0x03,   // U+7EAA 纪
            0x98,0x02,0xF6,0x02,0x91,0x02,0x08,0x02,0x74,0x00,0x44,0x00,0x44,0x00,0xFF,0x03,0x44,0x04,0x44,0x04,0x74,0x04,0x04,0x03,   // U+7EAF 纯
            0x98,0x04,0x56,0x04,0x41,0x02,0x44,0x02,0xFF,0x07,0x05,0x01,0x99,0x00,0x71,0x04,0xD9,0x04,0x05,0x05,0xFF,0x07,0x00,0x00,   // U+7EB2 纲
            0xD8,0x02,0x56,0x02,0x51,0x02,0x04,0x00,0xFC,0x07,0x84,0x00,0x64,0x00,0x3F,0x00,0x44,0x04,0x84,0x04,0xFC,0x07,0x00,0x00,   // U+7EB3 纳
            0x58,0x08,0x56,0x04,0x51,0x06,0x48,0x02,0xC0,0x01,0x7F,0x00,0x40,0x04,0x80,0x03,0xC0,0x01,0xFF,0x00,0x80,0x03,0x00,0x04,   // U+7EB5 纵
            0x58,0x02,0x56,0x02,0x49,0x01,0x44,0x01,0x00,0x01,0xFE,0x07,0x22,0x02,0x22,0x02,0xFE,0x00,0x22,0x03,0x21,0x04,0x21,0x03,   // U+7EB8 纸
            0x98,0x04,0xD6,0x02,0x59,0x02,0x40,0x01,0x04,0x05,0x1C,0x02,0x64,0x03,0x85,0x01,0xC6,0x01,0x24,0x02,0x1C,0x04,0x04,0x04,   // U+7EB9 纹
            0x98,0x05,0x96,0x05,0x91,0x02,0x84,0x02,0x48,0x04,0x48,0x04,0x48,0x02,0xFF,0x02,0xE0,0x03,0xA4,0x06,0x64,0x04,0x24,0x02,   // U+7EBF 线
            0x98,0x02,0x56,0x02,0x41,0x01,0x04,0x01,0x6A,0x02,0x5A,0x01,0xCE,0x04,0x4B,0x04,0xFA,0x07,0x42,0x00,0xC2,0x00,0x40,0x02,   // U+7EC3 练
            0x98,0x02,0x56,0x02,0x51,0x01,0x48,0x01,0x04,0x04,0xFE,0x07,0x92,0x04,0x92,0x04,0x92,0x04,0x92,0x04,0xFE,0x07,0x00,0x04,   // U+7EC4 组
            0x48,0x01,0x5A,0x01,0x49,0x01,0x02,0x01,0xFF,0x07,0x11,0x02,0x11,0x02,0xFF,0x03,0x11,0x02,0x11,0x02,0xFF,0x07,0x00,0x00,   // U+7EC6 细
            0x98,0x04,0xF6,0x04,0x59,0x02,0x44,0x02,0x28,0x00,0x26,0x02,0x47,0x02,0x9A,0x02,0x9A,0x04,0x26,0x05,0x22,0x04,0x40,0x00,   // U+7EC8 终
            0x98,0x02,0xF6,0x02,0x91,0x02,0x28,0x02,0xA2,0x04,0x92,0x04,0x92,0x04,0x8A,0x07,0x96,0x04,0x82,0x04,0x20,0x04,0x00,0x00,   // U+7ECF 经
            0x98,0x04,0xF6,0x02,0x59,0x02,0x08,0x04,0x94,0x02,0xFF,0x01,0x94,0x00,0xFE,0x07,0x02,0x01,0x3A,0x01,0xC6,0x00,0x00,0x00,   // U+7ED1 绑
            0x58,0x02,0x56,0x02,0x51,0x01,0x48,0x01,0x04,0x00,0xD4,0x07,0x54,0x02,0x5F,0x02,0x54,0x02,0x54,0x02,0xD4,0x07,0x04,0x00,   // U+7ED3 结
            0x98,0x04,0x76,0x02,0x51,0x02,0x48,0x00,0x84,0x05,0xA7,0x02,0xAE,0x01,0xB0,0x00,0xB2,0x07,0xB2,0x04,0xA2,0x04,0x80,0x02,   // U+7ED5 绕
            0x98,0x02,0xB6,0x02,0x99,0x02,0x1C,0x02,0x48,0x04,0x54,0x07,0xD3,0x04,0x53,0x04,0xD6,0x04,0x58,0x07,0x48,0x04,0x10,0x00,   // U+7ED8 绘
            0x58,0x01,0x56,0x01,0x49,0x01,0x14,0x01,0x08,0x00,0xD4,0x07,0x53,0x02,0x53,0x02,0x56,0x02,0x58,0x02,0xD8,0x07,0x10,0x00,   // U+7ED9 给
            0x90,0x05,0xF4,0x04,0x9A,0x02,0x88,0x02,0x50,0x00,0xCC,0x07,0xAE,0x04,0xB4,0x04,0xB4,0x04,0xAC,0x04,0xC4,0x07,0x40,0x00,   // U+7EDC 络
            0x98,0x01,0x56,0x01,0x49,0x01,0x0C,0x01,0x0C,0x00,0xFA,0x03,0x4B,0x04,0x7A,0x04,0x4E,0x04,0x4A,0x04,0xF8,0x04,0x00,0x02,   // U+7EDD 绝
            0x98,0x02,0xF6,0x02,0x91,0x01,0x88,0x05,0x24,0x04,0x34,0x02,0xEC,0x01,0x25,0x00,0xE6,0x07,0x2C,0x04,0x34,0x04,0x44,0x03,   // U+7EDF 统
            0x98,0x02,0xB6,0x02,0x99,0x02,0x04,0x00,0xFF,0x07,0x10,0x05,0x96,0x04,0x70,0x04,0xFF,0x05,0x54,0x04,0x92,0x04,0x00,0x00,   // U+7EE7 继
            0x98,0x04,0xF6,0x04,0x91,0x02,0x88,0x02,0x94,0x00,0x94,0x03,0x54,0x05,0x5F,0x05,0x5C,0x05,0x50,0x05,0xD4,0x03,0x12,0x00,   // U+7EEA 绪
            0x48,0x04,0x7A,0x04,0x49,0x02,0x44,0x02,0x8A,0x04,0x8A,0x04,0xDA,0x02,0xAA,0x01,0xEF,0x01,0x8A,0x01,0xAA,0x02,0x98,0x04,   // U+7EED 续
            0x08,0x00,0xEE,0x02,0xB9,0x02,0x4C,0x02,0x00,0x01,0x7C,0x01,0x54,0x01,0xD7,0x07,0x56,0x01,0x56,0x01,0x7E,0x01,0x00,0x01,   // U+7EF0 绰
            0x98,0x01,0x56,0x01,0x49,0x01,0x14,0x01,0x08,0x00,0xFE,0x07,0x55,0x02,0x54,0x02,0x55,0x02,0xFE,0x03,0x54,0x02,0x54,0x02,   // U+7EF4 维
            0x98,0x02,0x76,0x02,0x51,0x01,0x08,0x01,0x40,0x02,0x46,0x01,0x52,0x04,0x53,0x04,0xD2,0x07,0x52,0x00,0xD2,0x00,0x46,0x02,   // U+7EFC 综
            0xD8,0x02,0xB6,0x02,0x99,0x02,0x84,0x02,0x00,0x03,0xAC,0x01,0x24,0x02,0x27,0x04,0xE6,0x07,0xA4,0x04,0xA4,0x04,0x2C,0x04,   // U+7EFD 绽
            0x98,0x02,0xF6,0x02,0x51,0x01,0x48,0x01,0xA2,0x02,0xAA,0x05,0xAA,0x04,0xEA,0x07,0xAA,0x00,0xAA,0x01,0x7E,0x02,0x60,0x02,   // U+7EFF 绿
            0x4C,0x02,0x5A,0x00,0x49,0x01,0x44,0x04,0x53,0x02,0xCD,0x01,0xF7,0x06,0xD3,0x05,0x4D,0x03,0x4D,0x07,0xD3,0x04,0x00,0x00,   // U+7F00 缀
            0x98,0x02,0x56,0x02,0x49,0x02,0x44,0x06,0x2A,0x07,0xFE,0x04,0xAA,0x01,0xA8,0x02,0xAC,0x02,0xA9,0x01,0xA9,0x04,0x29,0x04,   // U+7F13 缓
            0x58,0x04,0x76,0x00,0x51,0x06,0x48,0x03,0xFE,0x00,0xEA,0x07,0xAA,0x00,0xEA,0x03,0xAB,0x00,0xEA,0x07,0xAA,0x04,0xEE,0x07,   // U+7F16 编
            0xD8,0x04,0x56,0x00,0x49,0x02,0x44,0x02,0x20,0x05,0x6F,0x01,0xEA,0x06,0xEA,0x05,0xAA,0x03,0xBE,0x00,0x60,0x01,0x00,0x02,   // U+7F18 缘
            0x58,0x04,0x76,0x00,0x51,0x02,0x1B,0x06,0xF6,0x03,0x14,0x03,0x53,0x05,0x5F,0x05,0xFA,0x07,0x5E,0x05,0x52,0x05,0x10,0x05,   // U+7F1D 缝
            0x48,0x01,0x7A,0x01,0x49,0x01,0x04,0x07,0xFE,0x01,0x02,0x04,0x7E,0x05,0x4B,0x05,0xFF,0x07,0x4A,0x05,0x7E,0x05,0x02,0x04,   // U+7F20 缠
            0xD8,0x02,0xB2,0x02,0x88,0x02,0xC0,0x00,0xFC,0x07,0x0C,0x00,0x14,0x00,0xD6,0x07,0x76,0x05,0x54,0x05,0x54,0x05,0xDC,0x07,   // U+7F29 缩
            0x14,0x00,0xD2,0x03,0x13,0x02,0xFE,0x03,0x12,0x02,0xD2,0x03,0x44,0x04,0x44,0x03,0xFF,0x00,0x44,0x01,0x7C,0x02,0x40,0x04,   // U+7F3A 缺
            0x00,0x00,0xFF,0x07,0x05,0x01,0xD9,0x00,0x79,0x00,0x85,0x00,0x09,0x01,0x71,0x00,0xD9,0x04,0x05,0x05,0xFF,0x07,0x00,0x00,   // U+7F51 网
            0x40,0x00,0x4F,0x04,0xE9,0x03,0x29,0x02,0x0F,0x01,0x09,0x00,0xE9,0x01,0x0F,0x04,0x09,0x04,0x09,0x04,0xFF,0x07,0x00,0x00,   // U+7F5A 罚
            0x00,0x02,0x0E,0x02,0xEA,0x03,0xAA,0x02,0xAE,0x02,0xAA,0x02,0xBA,0x06,0xAE,0x02,0xAA,0x02,0xEA,0x03,0x0E,0x02,0x08,0x02,   // U+7F69 罩
            0x10,0x04,0x17,0x04,0xF5,0x07,0x55,0x05,0x57,0x05,0x5D,0x05,0x55,0x05,0x57,0x05,0x55,0x05,0xF5,0x07,0x17,0x04,0x10,0x04,   // U+7F6E 置
            0x40,0x00,0x57,0x00,0x55,0x03,0x15,0x05,0x17,0x05,0x7D,0x05,0x15,0x05,0x17,0x05,0x25,0x05,0xD5,0x03,0x47,0x00,0x40,0x00,   // U+7F72 署
            0x44,0x05,0x54,0x05,0x54,0x05,0x55,0x01,0x56,0x03,0xFC,0x01,0x56,0x03,0x57,0x01,0x55,0x05,0x54,0x05,0x44,0x05,0x00,0x00,   // U+7F8E 美
            0x90,0x00,0xD6,0x0F,0x9A,0x0A,0xFE,0x0F,0xB8,0x0A,0xD5,0x0F,0x9A,0x08,0x92,0x08,0xFE,0x0F,0x0A,0x08,0x92,0x08,0xFE,0x0F,   // U+7FFB 翻
            0x90,0x00,0x90,0x00,0x14,0x00,0xD4,0x07,0x14,0x05,0x3F,0x05,0xB4,0x04,0x94,0x04,0x9C,0x04,0x58,0x04,0x14,0x03,0x10,0x00,   // U+8001 老
            0x88,0x00,0xCA,0x00,0x4A,0x00,0x2A,0x00,0xBA,0x00,0xFF,0x04,0xAA,0x04,0xAA,0x04,0xAC,0x04,0xAA,0x03,0x2A,0x00,0x08,0x00,   // U+8003 考
            0x90,0x00,0x90,0x00,0x14,0x00,0xD4,0x07,0x54,0x05,0x7E,0x05,0x74,0x05,0x54,0x05,0x58,0x05,0xD0,0x07,0x14,0x00,0x10,0x00,   // U+8005 者
            0x01,0x00,0xF9,0x07,0x09,0x00,0x09,0x00,0xF9,0x03,0x0F,0x00,0x09,0x00,0xF9,0x03,0x09,0x04,0x09,0x04,0xF9,0x07,0x01,0x00,   // U+800C 而
            0x54,0x02,0xD4,0x00,0xFF,0x07,0xD4,0x00,0x54,0x01,0x4A,0x00,0x4A,0x00,0xFE,0x03,0x49,0x04,0x49,0x04,0x49,0x04,0x40,0x03,   // U+8017 耗
            0x2A,0x03,0xEA,0x00,0xFF,0x07,0xAA,0x00,0x2A,0x01,0xDF,0x07,0x55,0x01,0x55,0x01,0xFF,0x01,0xD5,0x05,0x5F,0x04,0xC0,0x07,   // U+8026 耦
            0x01,0x02,0x01,0x02,0xFF,0x03,0x49,0x02,0x49,0x00,0x49,0x00,0x49,0x01,0x49,0x01,0x49,0x01,0xFF,0x07,0x01,0x01,0x01,0x01,   // U+8033 耳
        };
        System.arraycopy(part, 0, DATA, 1024 * BYTES_PER_GLYPH, part.length);
    }

    // 第 1280..1535 个字形的点阵（分块的原因见 DATA 的注释）。
    private static void fillGlyphs5() {
        int[] part = {
            0x01,0x02,0xFF,0x03,0x49,0x02,0x49,0x01,0xFF,0x07,0x01,0x04,0x7F,0x02,0x21,0x01,0x21,0x00,0x21,0x01,0x7F,0x02,0x00,0x04,   // U+804C 职
            0x01,0x02,0xFF,0x03,0x29,0x02,0x29,0x01,0xFF,0x07,0x21,0x05,0x25,0x02,0xA6,0x01,0x7C,0x00,0xA6,0x01,0x25,0x02,0x24,0x04,   // U+8054 联
            0x21,0x05,0x7F,0x04,0xF5,0x02,0x55,0x02,0x3F,0x00,0xC1,0x07,0x93,0x00,0x29,0x01,0x25,0x03,0xAD,0x00,0x93,0x04,0x00,0x04,   // U+805A 聚
            0x00,0x00,0xFC,0x07,0x04,0x00,0x24,0x01,0xA4,0x00,0xD4,0x00,0x6F,0x00,0x84,0x00,0x94,0x04,0x24,0x05,0xFC,0x07,0x00,0x00,   // U+8089 肉
            0x00,0x06,0xFF,0x03,0x49,0x04,0xFF,0x07,0x00,0x00,0x00,0x06,0xFF,0x01,0x01,0x00,0x01,0x00,0xFF,0x07,0x00,0x04,0x80,0x03,   // U+808C 肌
            0x00,0x04,0xFF,0x03,0x49,0x04,0xFF,0x03,0x00,0x04,0x0A,0x04,0x3A,0x02,0xCA,0x01,0x8F,0x01,0x6A,0x03,0x1A,0x02,0x00,0x04,   // U+80A2 肢
            0x00,0x0C,0xFE,0x03,0x0A,0x00,0xEA,0x0F,0xAA,0x02,0xAA,0x02,0xAB,0x02,0xAA,0x02,0xAA,0x0A,0xAA,0x0A,0xEE,0x0F,0x00,0x00,   // U+80A9 肩
            0x00,0x02,0xFF,0x01,0x49,0x04,0xFF,0x07,0x10,0x00,0x10,0x02,0xFF,0x03,0x74,0x00,0x94,0x01,0x12,0x01,0x12,0x02,0x00,0x00,   // U+80C0 胀
            0x12,0x00,0x12,0x00,0xEA,0x0F,0xAA,0x02,0xAF,0x02,0xA0,0x02,0xA0,0x0A,0xA7,0x0A,0xAA,0x0A,0xEA,0x0F,0x0A,0x00,0x00,0x00,   // U+80CC 背
            0x00,0x06,0xFF,0x01,0x49,0x04,0xFF,0x07,0x04,0x00,0xC6,0x07,0x42,0x02,0x41,0x02,0x48,0x02,0x4A,0x02,0xCC,0x07,0x10,0x00,   // U+80CE 胎
            0x00,0x06,0xFF,0x01,0x49,0x04,0xFF,0x07,0x81,0x00,0x92,0x00,0x94,0x00,0xFF,0x07,0x90,0x00,0x96,0x00,0x93,0x00,0x00,0x00,   // U+80D6 胖
            0x00,0x06,0xFF,0x03,0x49,0x04,0xFF,0x07,0x10,0x00,0x4C,0x04,0x47,0x04,0x44,0x04,0xFF,0x07,0x44,0x04,0x44,0x04,0x04,0x04,   // U+80DC 胜
            0x00,0x06,0xFF,0x03,0x49,0x04,0xFF,0x07,0x08,0x00,0xFE,0x03,0x4B,0x04,0x4A,0x05,0x7A,0x05,0x02,0x05,0xFE,0x06,0x00,0x03,   // U+80DE 胞
            0x00,0x00,0xE4,0x03,0x24,0x02,0x3F,0x02,0xE4,0x07,0x00,0x03,0xFF,0x00,0x49,0x04,0x49,0x04,0x49,0x04,0xFF,0x07,0x00,0x00,   // U+80E1 胡
            0x00,0x06,0xFF,0x01,0x49,0x04,0xFF,0x07,0x00,0x04,0x12,0x04,0x7A,0x02,0xCB,0x03,0x02,0x01,0xCA,0x02,0x2A,0x04,0x12,0x04,   // U+80F6 胶
            0x04,0x00,0xF4,0x07,0x55,0x01,0x54,0x05,0x56,0x05,0xF4,0x07,0x08,0x00,0xCF,0x07,0x92,0x04,0x92,0x04,0x51,0x04,0x4D,0x03,   // U+80FD 能
            0xFF,0x01,0x49,0x04,0xFF,0x07,0x08,0x04,0xFC,0x01,0x0B,0x00,0xEA,0x07,0x2A,0x05,0x2E,0x05,0xE8,0x04,0x08,0x02,0x00,0x00,   // U+8106 脆
            0x00,0x04,0xFF,0x03,0x49,0x04,0xFF,0x07,0x10,0x02,0x94,0x01,0x75,0x04,0xFC,0x07,0x62,0x00,0x90,0x01,0x08,0x02,0x00,0x00,   // U+8109 脉
            0x00,0x04,0xFF,0x03,0x49,0x04,0xFF,0x07,0x00,0x06,0xFC,0x01,0x24,0x08,0x25,0x08,0xF6,0x0F,0x24,0x08,0x24,0x08,0x00,0x00,   // U+810F 脏
            0x00,0x06,0xFF,0x03,0x49,0x04,0xFF,0x07,0x00,0x00,0xF2,0x03,0x8A,0x02,0x72,0x02,0x73,0x02,0x8A,0x02,0xF2,0x07,0x02,0x00,   // U+8111 脑
            0x00,0x06,0xFF,0x03,0x49,0x04,0xFF,0x07,0x80,0x00,0x8A,0x00,0xAA,0x04,0xAA,0x04,0xAF,0x07,0xEA,0x00,0xAA,0x00,0x8A,0x00,   // U+8116 脖
            0x00,0x04,0xFF,0x03,0x89,0x04,0xFF,0x07,0x24,0x03,0x7F,0x02,0xA4,0x01,0x20,0x03,0xFF,0x07,0x01,0x01,0xFF,0x01,0x00,0x00,   // U+811A 脚
            0x00,0x04,0xFF,0x03,0x49,0x04,0xFF,0x07,0x00,0x00,0x7C,0x04,0x25,0x02,0xE6,0x01,0xE6,0x07,0x26,0x04,0x7D,0x04,0x00,0x03,   // U+8131 脱
            0x00,0x06,0xFF,0x01,0x49,0x04,0xFF,0x07,0x08,0x04,0xCC,0x04,0x94,0x05,0x72,0x04,0x91,0x07,0xD2,0x05,0x24,0x04,0x08,0x00,   // U+8138 脸
            0x00,0x04,0xFF,0x07,0x49,0x04,0xFF,0x03,0x00,0x04,0xFD,0x04,0x65,0x05,0x7F,0x03,0x65,0x02,0x7F,0x03,0xE5,0x00,0x7D,0x04,   // U+8170 腰
            0x00,0x04,0xFF,0x07,0x49,0x04,0xFF,0x03,0x28,0x00,0x3A,0x02,0xFA,0x02,0xAE,0x02,0xAB,0x06,0xFA,0x06,0x8A,0x03,0x28,0x00,   // U+817E 腾
            0x00,0x04,0xFF,0x01,0x49,0x04,0xFF,0x07,0x09,0x04,0xFA,0x03,0x00,0x06,0xFF,0x04,0xB5,0x04,0x75,0x04,0x7F,0x04,0xA0,0x04,   // U+817F 腿
            0x00,0x04,0xFF,0x07,0x49,0x04,0xFF,0x03,0x0C,0x04,0x75,0x05,0x56,0x05,0x54,0x05,0xD7,0x07,0x54,0x05,0x76,0x05,0x0D,0x04,   // U+819B 膛
            0x00,0x06,0xFF,0x03,0x49,0x04,0xFF,0x07,0xEA,0x05,0xAA,0x06,0xAF,0x07,0xEA,0x00,0x48,0x04,0x24,0x02,0x12,0x01,0x88,0x00,   // U+81A8 膨
            0x20,0x00,0x1E,0x00,0xEA,0x0F,0xAA,0x02,0xAA,0x02,0xE6,0x02,0xAA,0x02,0xAE,0x0A,0xFB,0x0A,0xAE,0x0F,0x2A,0x00,0x2A,0x00,   // U+81C2 臂
            0x00,0x00,0xFE,0x07,0x4A,0x02,0x4A,0x02,0x4B,0x02,0x4A,0x02,0x4A,0x02,0x4A,0x02,0x4A,0x02,0x4A,0x02,0xFE,0x07,0x00,0x00,   // U+81EA 自
            0x00,0x00,0x01,0x04,0x91,0x04,0x99,0x04,0x95,0x04,0x93,0x04,0xF1,0x07,0x91,0x04,0x95,0x04,0x99,0x04,0xA1,0x04,0x00,0x00,   // U+81F3 至
            0x51,0x02,0x5D,0x02,0x53,0x02,0xF1,0x03,0x5D,0x02,0x59,0x02,0x08,0x06,0x3E,0x02,0x85,0x01,0xC4,0x03,0x3C,0x02,0x04,0x04,   // U+81F4 致
            0x50,0x00,0x50,0x00,0x48,0x07,0x58,0x05,0x54,0x05,0xF4,0x05,0x52,0x05,0x54,0x05,0x58,0x05,0x48,0x07,0x50,0x00,0x50,0x00,   // U+820D 舍
            0x28,0x00,0xAC,0x07,0xAE,0x02,0xF9,0x02,0xAA,0x02,0xAA,0x07,0x04,0x00,0x15,0x04,0x15,0x04,0xFD,0x07,0x13,0x00,0x71,0x00,   // U+8212 舒
            0x2C,0x01,0xEB,0x05,0xFF,0x07,0x2A,0x03,0x3E,0x03,0x2A,0x01,0xAA,0x07,0xBE,0x04,0xAA,0x04,0xFE,0x07,0xAA,0x04,0xAA,0x04,   // U+821E 舞
            0x20,0x04,0xFE,0x03,0xE6,0x04,0xAB,0x05,0xFE,0x03,0x04,0x06,0xF4,0x03,0x15,0x00,0x16,0x00,0xF4,0x07,0x04,0x04,0x84,0x07,   // U+822A 航
            0x00,0x00,0xFE,0x07,0x2A,0x04,0x2A,0x00,0x6B,0x02,0xAB,0x00,0x2A,0x01,0xAA,0x03,0xBE,0x00,0x40,0x04,0x00,0x04,0x00,0x00,   // U+826F 良
            0x10,0x00,0xF8,0x07,0x94,0x08,0x92,0x08,0x93,0x08,0x92,0x08,0xF2,0x08,0x9E,0x08,0x96,0x08,0x90,0x08,0xF0,0x09,0x00,0x04,   // U+8272 色
            0x04,0x00,0x24,0x00,0x24,0x00,0xEE,0x07,0x24,0x00,0x24,0x00,0x24,0x04,0x2E,0x04,0x24,0x04,0xE4,0x03,0x04,0x00,0x00,0x00,   // U+8282 节
            0x84,0x01,0xC4,0x00,0x04,0x00,0xCF,0x07,0x04,0x04,0x14,0x04,0x24,0x04,0x44,0x04,0x0F,0x06,0x84,0x03,0x64,0x00,0x84,0x01,   // U+82AF 芯
            0x82,0x00,0x42,0x00,0xE2,0x07,0x17,0x01,0x02,0x01,0x82,0x00,0xF2,0x03,0x42,0x04,0x67,0x04,0x22,0x04,0x12,0x04,0x02,0x03,   // U+82B1 花
            0x02,0x00,0xFA,0x07,0x4A,0x02,0x4F,0x02,0x4A,0x02,0x4A,0x02,0xFA,0x03,0x4A,0x02,0x4F,0x02,0x4A,0x02,0xFA,0x07,0x02,0x00,   // U+82D7 苗
            0x00,0x00,0x92,0x00,0x12,0x00,0xD2,0x07,0x57,0x02,0x52,0x02,0x5A,0x02,0x52,0x02,0x57,0x02,0xD2,0x07,0x12,0x00,0x00,0x00,   // U+82E5 若
            0x82,0x04,0x82,0x04,0xF2,0x00,0x92,0x02,0x97,0x00,0x92,0x01,0xFA,0x00,0x92,0x00,0x97,0x02,0xF2,0x04,0x82,0x04,0x80,0x04,   // U+82F1 英
            0x22,0x04,0x4A,0x02,0x0A,0x01,0x17,0x00,0xF2,0x07,0x12,0x04,0x92,0x04,0x97,0x04,0x92,0x04,0x72,0x04,0x02,0x03,0x00,0x00,   // U+8303 范
            0x00,0x00,0x02,0x02,0xFA,0x02,0xAA,0x02,0xAF,0x02,0xAA,0x07,0xAA,0x02,0xAF,0x02,0xAA,0x02,0xFA,0x02,0x02,0x02,0x00,0x00,   // U+8349 草
            0x8A,0x00,0x4A,0x00,0xEA,0x07,0x1B,0x00,0x8A,0x00,0xAA,0x04,0xAA,0x04,0xAA,0x04,0xAF,0x07,0xEA,0x00,0xAA,0x00,0x8A,0x00,   // U+8350 荐
            0x12,0x00,0x12,0x04,0x72,0x02,0xD7,0x01,0x52,0x00,0x56,0x00,0xDA,0x07,0x52,0x00,0xD7,0x03,0x52,0x04,0x12,0x04,0x02,0x03,   // U+8352 荒
            0x02,0x00,0xB2,0x04,0xEA,0x02,0xA2,0x02,0x97,0x02,0x22,0x00,0x5A,0x00,0xD3,0x04,0x12,0x04,0x12,0x04,0xF2,0x03,0x02,0x00,   // U+836F 药
            0x42,0x00,0x22,0x00,0xF2,0x07,0x0A,0x00,0x17,0x00,0xD2,0x03,0x52,0x01,0x52,0x01,0xD7,0x05,0x12,0x04,0xF2,0x07,0x12,0x00,   // U+8377 荷
            0x00,0x02,0x02,0x0A,0xFA,0x0A,0xAA,0x02,0xAF,0x06,0xAA,0x02,0xAA,0x03,0xAF,0x06,0xAA,0x06,0xFA,0x0A,0x02,0x0A,0x00,0x0A,   // U+83AB 莫
            0x22,0x01,0x9A,0x04,0xF2,0x04,0xEA,0x03,0x47,0x04,0x42,0x02,0x42,0x01,0xF2,0x00,0x47,0x01,0x4A,0x02,0x52,0x04,0x42,0x04,   // U+83B7 获
            0x42,0x02,0x4A,0x02,0x5A,0x01,0x6A,0x01,0xCF,0x00,0x4A,0x00,0xDA,0x07,0x4F,0x00,0x6A,0x00,0x5A,0x01,0x42,0x02,0x42,0x02,   // U+83DC 菜
            0x24,0x06,0x4C,0x03,0x54,0x00,0xAE,0x00,0x34,0x07,0x74,0x05,0x54,0x05,0x5E,0x05,0xB4,0x05,0x94,0x07,0x84,0x00,0x00,0x00,   // U+843D 落
            0x42,0x01,0x52,0x01,0x52,0x03,0x57,0x05,0x7A,0x05,0x52,0x05,0x72,0x05,0x77,0x05,0xD2,0x03,0x4A,0x00,0x42,0x00,0x00,0x00,   // U+8457 著
            0xBA,0x02,0xAA,0x03,0xEA,0x01,0xEB,0x05,0xEA,0x04,0x6A,0x04,0xAA,0x03,0xAB,0x00,0xEA,0x01,0x6A,0x02,0x3A,0x04,0x00,0x00,   // U+8499 蒙
            0x02,0x04,0xBA,0x07,0x82,0x04,0xBB,0x04,0x82,0x07,0xB2,0x04,0x8A,0x07,0x9B,0x04,0x8A,0x04,0xAA,0x07,0x0A,0x04,0x00,0x00,   // U+84DD 蓝
            0x02,0x04,0xE2,0x04,0xBA,0x04,0xAA,0x04,0xEF,0x03,0xAA,0x02,0xAA,0x02,0xEF,0x03,0xAA,0x01,0xBA,0x04,0xE2,0x04,0x02,0x04,   // U+8513 蔓
            0xE2,0x07,0x2A,0x01,0xF2,0x00,0xFB,0x07,0xF2,0x04,0xAA,0x05,0xE2,0x07,0x73,0x04,0xDE,0x02,0x12,0x03,0xF2,0x02,0x12,0x04,   // U+853D 蔽
            0x16,0x06,0xAA,0x01,0x12,0x01,0xF7,0x01,0x52,0x03,0x52,0x05,0x52,0x01,0xFF,0x05,0x52,0x05,0x5A,0x07,0xF2,0x01,0x12,0x01,   // U+8584 薄
            0x00,0x00,0xFC,0x07,0xC4,0x04,0xF4,0x03,0xF6,0x07,0x44,0x06,0x76,0x06,0xC4,0x07,0xFC,0x03,0x94,0x04,0x34,0x07,0x00,0x00,   // U+85CF 藏
            0x00,0x0C,0xF8,0x03,0x48,0x04,0x48,0x02,0x48,0x0E,0x7F,0x08,0x8A,0x0A,0xAA,0x0A,0xAA,0x08,0x8A,0x06,0x58,0x02,0x00,0x04,   // U+8651 虑
            0x00,0x06,0xF8,0x01,0x48,0x05,0x08,0x06,0x28,0x06,0x7F,0x07,0x6A,0x04,0x4A,0x04,0x5A,0x07,0x5A,0x06,0x0A,0x05,0x1A,0x04,   // U+865A 虚
            0x00,0x04,0xE0,0x04,0xAF,0x04,0xA5,0x04,0xA5,0x04,0xFD,0x07,0xA5,0x04,0xA5,0x00,0xA5,0x00,0xAF,0x03,0xE0,0x02,0x00,0x04,   // U+867D 虽
            0x10,0x00,0x06,0x00,0xE2,0x03,0x0E,0x02,0x04,0x04,0x7C,0x04,0x44,0x04,0xFF,0x03,0x44,0x02,0x44,0x02,0x7C,0x07,0x00,0x00,   // U+8680 蚀
            0x00,0x00,0xF8,0x02,0xFE,0x03,0x48,0x02,0x78,0x03,0x0C,0x06,0xA6,0x04,0xD4,0x07,0x94,0x04,0xA4,0x04,0x80,0x04,0x00,0x00,   // U+8702 蜂
            0x7C,0x02,0xFF,0x03,0x24,0x00,0xBC,0x03,0x5F,0x05,0x55,0x07,0x55,0x05,0x5F,0x07,0x35,0x03,0xB5,0x00,0x1F,0x05,0x00,0x00,   // U+87BA 螺
            0x00,0x04,0xFC,0x07,0x04,0x04,0x04,0x04,0xFE,0x07,0x05,0x04,0xFC,0x07,0x04,0x04,0x04,0x04,0xFC,0x07,0x00,0x04,0x00,0x00,   // U+8840 血
            0x44,0x00,0x22,0x00,0xF2,0x07,0x09,0x00,0x10,0x00,0x11,0x00,0x11,0x04,0x11,0x04,0x11,0x04,0xF1,0x07,0x11,0x00,0x10,0x00,   // U+884C 行
            0x24,0x00,0xF2,0x07,0x09,0x00,0x46,0x00,0xFB,0x07,0x4A,0x02,0x4A,0x01,0x11,0x04,0x11,0x04,0xF1,0x07,0x11,0x00,0x00,0x00,   // U+8854 衔
            0x24,0x00,0xF2,0x07,0x09,0x00,0x7C,0x05,0x54,0x03,0xFD,0x03,0x57,0x03,0x7C,0x05,0x10,0x00,0x11,0x00,0xF1,0x03,0x11,0x00,   // U+8861 衡
            0x84,0x00,0x44,0x00,0xE5,0x07,0x5E,0x00,0xA4,0x00,0x10,0x01,0x00,0x00,0xFF,0x07,0x08,0x00,0x10,0x00,0x20,0x00,0x40,0x00,   // U+8865 补
            0x22,0x02,0x2A,0x00,0x2A,0x01,0xAA,0x07,0x6A,0x04,0x7F,0x02,0xAA,0x02,0x2A,0x01,0xAA,0x02,0x6A,0x04,0x22,0x04,0x00,0x00,   // U+8868 表
            0x24,0x00,0xF5,0x07,0x4E,0x00,0x90,0x00,0x04,0x00,0x14,0x00,0x44,0x04,0x04,0x04,0xFF,0x07,0x04,0x00,0x04,0x00,0x00,0x00,   // U+886C 衬
            0x20,0x00,0x22,0x02,0xFA,0x00,0xAA,0x07,0xAA,0x04,0xAB,0x00,0xAA,0x03,0xAA,0x02,0xAA,0x02,0xFA,0x01,0x22,0x05,0x22,0x00,   // U+8870 衰
            0x48,0x02,0x44,0x02,0x5E,0x01,0x45,0x07,0xC4,0x04,0x54,0x02,0x67,0x02,0x4C,0x02,0x48,0x06,0x50,0x01,0xD0,0x08,0x48,0x08,   // U+888B 袋
            0x04,0x00,0xE5,0x07,0x26,0x00,0x64,0x04,0x50,0x03,0xFE,0x04,0x72,0x00,0x92,0x03,0x1F,0x01,0xD2,0x02,0x32,0x04,0x06,0x04,   // U+88AB 被
            0x28,0x01,0xAA,0x00,0xAA,0x07,0x6F,0x02,0xAA,0x00,0x2A,0x05,0xA8,0x02,0x3F,0x03,0xC8,0x01,0x69,0x06,0x1A,0x04,0x08,0x03,   // U+88C1 裁
            0x00,0x00,0x69,0x00,0x65,0x01,0x5F,0x07,0xD5,0x04,0x4D,0x02,0xE5,0x02,0x40,0x01,0x57,0x03,0xD0,0x02,0xDF,0x02,0x00,0x00,   // U+88C2 裂
            0x00,0x02,0x52,0x02,0x54,0x00,0x48,0x01,0x7F,0x07,0xF0,0x00,0x54,0x02,0x54,0x00,0x5F,0x02,0x54,0x05,0xD4,0x08,0x54,0x08,   // U+88C5 装
            0x44,0x00,0xE5,0x07,0xD6,0x00,0xAC,0x00,0x10,0x00,0x84,0x07,0xE2,0x04,0xB1,0x04,0x98,0x04,0x91,0x04,0xA6,0x07,0xC8,0x00,   // U+88D5 裕
            0x48,0x00,0xEA,0x07,0xFC,0x00,0x08,0x02,0x2A,0x00,0xAA,0x07,0xBE,0x04,0xAA,0x04,0xAA,0x04,0xAA,0x04,0xBE,0x07,0x08,0x00,   // U+88D9 裙
            0x64,0x00,0xF5,0x07,0xEE,0x02,0x50,0x02,0x7F,0x01,0x55,0x00,0x55,0x00,0xFF,0x07,0x55,0x00,0x55,0x01,0x7F,0x00,0x00,0x02,   // U+88F8 裸
            0x40,0x00,0x24,0x00,0xF5,0x07,0x5E,0x00,0xA4,0x00,0xE0,0x03,0x7F,0x03,0xD5,0x02,0xD5,0x06,0xD5,0x06,0x55,0x07,0xDF,0x03,   // U+8910 褐
            0x01,0x00,0xF9,0x07,0x49,0x02,0x29,0x02,0x1F,0x02,0x09,0x02,0x09,0x02,0x7F,0x02,0x49,0x02,0x49,0x02,0xF9,0x07,0x00,0x00,   // U+897F 西
            0x41,0x04,0x5D,0x04,0xD5,0x04,0x55,0x01,0x7F,0x03,0x55,0x03,0x55,0x03,0x5F,0x03,0xD5,0x02,0x55,0x04,0x5D,0x04,0x41,0x00,   // U+8981 要
            0x81,0x02,0x5D,0x00,0x35,0x0F,0xD5,0x00,0xFF,0x0B,0x55,0x0B,0x55,0x07,0x5F,0x05,0x55,0x07,0x55,0x07,0xFD,0x09,0x01,0x08,   // U+8986 覆
            0x00,0x04,0x7F,0x06,0x01,0x02,0x81,0x01,0xFD,0x00,0xC1,0x03,0x01,0x04,0x01,0x04,0x01,0x04,0x7F,0x04,0x80,0x03,0x00,0x00,   // U+89C1 见
            0x00,0x04,0x1A,0x03,0xE2,0x00,0x1E,0x03,0x00,0x04,0xFE,0x02,0x02,0x00,0x02,0x00,0xBA,0x07,0xFE,0x04,0x00,0x06,0x00,0x00,   // U+89C2 观
            0x24,0x04,0x24,0x03,0xFF,0x00,0xA4,0x00,0x24,0x05,0x7F,0x02,0x81,0x01,0xFD,0x00,0xC1,0x03,0x01,0x04,0x7F,0x04,0x00,0x03,   // U+89C4 规
            0x04,0x00,0xE5,0x07,0x2E,0x00,0x44,0x04,0x00,0x04,0xFF,0x02,0x81,0x01,0xFD,0x00,0xC1,0x03,0x01,0x04,0xFF,0x04,0x00,0x02,   // U+89C6 视
            0x00,0x04,0x0F,0x04,0xE0,0x05,0x20,0x02,0x2F,0x02,0xA8,0x01,0xA6,0x07,0x27,0x04,0x2A,0x04,0xEA,0x05,0x12,0x04,0x02,0x03,   // U+89C8 览
            0x0C,0x04,0x05,0x04,0xF6,0x02,0x14,0x03,0xD5,0x00,0x96,0x03,0x14,0x04,0x16,0x04,0xF5,0x04,0x05,0x04,0x0C,0x03,0x00,0x00,   // U+89C9 觉
            0x10,0x08,0x08,0x06,0xFC,0x03,0x4A,0x02,0x4B,0x02,0x4A,0x02,0xFA,0x0F,0x4E,0x02,0x4A,0x0A,0x48,0x0A,0xF8,0x0F,0x00,0x00,   // U+89D2 角
            0x08,0x06,0xFA,0x03,0xAB,0x00,0xFE,0x05,0xFA,0x07,0x08,0x00,0xC5,0x01,0x73,0x01,0xF9,0x07,0x49,0x01,0x47,0x01,0x40,0x01,   // U+89E3 解
            0x10,0x04,0xF4,0x03,0x56,0x01,0xFC,0x07,0xF0,0x07,0x00,0x04,0xF8,0x04,0x48,0x00,0xFE,0x03,0x48,0x02,0x78,0x02,0x00,0x04,   // U+89E6 触
            0x00,0x00,0x02,0x00,0xAA,0x07,0xAA,0x02,0xAA,0x02,0xAB,0x02,0xAB,0x02,0xAA,0x02,0xAA,0x02,0xAA,0x07,0x02,0x00,0x00,0x00,   // U+8A00 言
            0x4A,0x00,0x7A,0x00,0x4B,0x07,0x5A,0x05,0x53,0x05,0x5E,0x05,0x62,0x05,0x52,0x05,0x57,0x05,0x4A,0x07,0x56,0x00,0x42,0x00,   // U+8B66 警
            0x00,0x00,0x13,0x00,0xF6,0x07,0x00,0x02,0x10,0x01,0x10,0x00,0x10,0x00,0xFF,0x07,0x10,0x00,0x10,0x00,0x10,0x00,0x00,0x00,   // U+8BA1 计
            0x10,0x00,0x11,0x00,0xF2,0x07,0x04,0x03,0x80,0x01,0x02,0x04,0x02,0x04,0x02,0x04,0xFE,0x07,0x02,0x00,0x02,0x00,0x02,0x00,   // U+8BA2 订
            0x10,0x00,0x11,0x00,0xF2,0x03,0x04,0x01,0x80,0x04,0x00,0x02,0xC0,0x01,0x3F,0x00,0xE0,0x00,0x00,0x01,0x00,0x02,0x00,0x04,   // U+8BA4 认
            0x10,0x00,0x11,0x04,0xF2,0x03,0x00,0x02,0x04,0x01,0x34,0x00,0xC4,0x04,0x04,0x04,0x04,0x04,0xFF,0x03,0x04,0x00,0x04,0x00,   // U+8BA8 讨
            0x10,0x00,0x11,0x04,0xF2,0x03,0x04,0x02,0x00,0x05,0x00,0x04,0x00,0x04,0xFF,0x07,0x10,0x04,0x10,0x04,0x10,0x04,0x00,0x04,   // U+8BA9 让
            0x10,0x00,0x11,0x02,0xF2,0x01,0x04,0x04,0x00,0x03,0xFF,0x01,0x00,0x00,0xFE,0x03,0x00,0x00,0x00,0x00,0xFF,0x07,0x00,0x00,   // U+8BAD 训
            0x10,0x00,0x13,0x02,0xF6,0x03,0x00,0x02,0x06,0x05,0x38,0x06,0x41,0x02,0x84,0x01,0xC0,0x01,0x70,0x02,0x0E,0x04,0x00,0x04,   // U+8BAE 议
            0x10,0x00,0x11,0x04,0xF2,0x03,0x04,0x02,0x00,0x01,0xF1,0x07,0x11,0x04,0x11,0x04,0x11,0x04,0x11,0x04,0x1F,0x04,0x80,0x03,   // U+8BB0 记
            0x10,0x00,0x11,0x02,0xF2,0x03,0x04,0x05,0x44,0x03,0xFF,0x00,0x44,0x00,0x44,0x00,0x44,0x00,0xFF,0x07,0x44,0x00,0x44,0x00,   // U+8BB2 讲
            0x00,0x00,0x13,0x00,0xF6,0x07,0x04,0x02,0x54,0x01,0x54,0x00,0x54,0x00,0xFF,0x07,0x54,0x02,0x54,0x02,0xC4,0x01,0x00,0x00,   // U+8BB3 讳
            0x10,0x00,0x13,0x08,0xF6,0x07,0x00,0x02,0x58,0x01,0x47,0x00,0x44,0x00,0xFC,0x07,0x44,0x00,0x44,0x00,0x40,0x00,0x00,0x00,   // U+8BB8 许
            0x10,0x00,0x11,0x04,0xF2,0x07,0x04,0x02,0x10,0x00,0xE8,0x07,0x84,0x04,0x43,0x04,0x42,0x04,0x24,0x04,0x88,0x03,0x10,0x00,   // U+8BBA 论
            0x10,0x00,0x11,0x02,0xF2,0x03,0x0C,0x05,0x2C,0x04,0x67,0x02,0xA1,0x03,0x21,0x01,0x21,0x03,0xE1,0x02,0x6F,0x04,0x08,0x04,   // U+8BBE 设
            0x11,0x00,0xF2,0x03,0x04,0x01,0x80,0x04,0x04,0x03,0xFC,0x01,0x25,0x04,0x26,0x04,0x24,0x04,0xE4,0x03,0x04,0x00,0x00,0x00,   // U+8BBF 访
            0x11,0x00,0xF2,0x03,0x04,0x01,0x01,0x04,0xF1,0x07,0x01,0x04,0x01,0x04,0xFF,0x07,0x21,0x04,0x21,0x04,0x01,0x04,0x00,0x00,   // U+8BC1 证
            0x23,0x00,0xEC,0x07,0x00,0x02,0x45,0x01,0x59,0x00,0x41,0x00,0xFF,0x07,0x41,0x00,0x59,0x00,0x4D,0x00,0x40,0x00,0x00,0x00,   // U+8BC4 评
            0x10,0x00,0xF1,0x07,0x03,0x02,0x02,0x05,0x7F,0x02,0x21,0x02,0x21,0x01,0x21,0x00,0x21,0x01,0x21,0x02,0x7F,0x02,0x00,0x04,   // U+8BC6 识
            0x10,0x00,0x11,0x02,0xF2,0x01,0x04,0x04,0x00,0x03,0xFE,0x01,0x52,0x00,0x52,0x00,0xF2,0x07,0x93,0x00,0x11,0x01,0x11,0x01,   // U+8BC9 诉
            0x10,0x00,0xF1,0x03,0x02,0x01,0x14,0x04,0x08,0x04,0xA8,0x00,0x96,0x02,0x4B,0x02,0x22,0x01,0x2C,0x01,0x88,0x00,0x10,0x00,   // U+8BCA 诊
            0x00,0x00,0x11,0x00,0xF2,0x07,0x04,0x02,0xE8,0x03,0x29,0x01,0x29,0x01,0x29,0x01,0xE9,0x05,0x09,0x04,0xFF,0x07,0x00,0x00,   // U+8BCD 词
            0x10,0x00,0x11,0x04,0xF2,0x03,0x04,0x00,0x11,0x01,0x53,0x01,0x4D,0x01,0xE9,0x07,0x4D,0x01,0x57,0x01,0x53,0x01,0x10,0x01,   // U+8BD1 译
            0x11,0x00,0xF2,0x07,0x02,0x01,0x24,0x04,0xE4,0x07,0x24,0x02,0x24,0x02,0xFF,0x00,0x05,0x03,0x06,0x04,0x04,0x03,0x00,0x00,   // U+8BD5 试
            0x10,0x00,0xF3,0x01,0x82,0x01,0x80,0x03,0xFC,0x01,0x24,0x01,0xE4,0x01,0x04,0x02,0xFF,0x01,0xC4,0x03,0x65,0x06,0x04,0x03,   // U+8BDA 诚
            0x11,0x00,0xF2,0x07,0x04,0x06,0x08,0x02,0xCA,0x07,0x4A,0x02,0x7E,0x02,0x49,0x02,0x49,0x02,0xC9,0x07,0x08,0x00,0x00,0x00,   // U+8BDD 话
            0x00,0x00,0x11,0x00,0xF2,0x07,0x0C,0x02,0x06,0x00,0xF3,0x01,0x52,0x01,0x52,0x05,0xF2,0x05,0x02,0x04,0xFE,0x03,0x00,0x00,   // U+8BE2 询
            0x10,0x00,0x13,0x04,0xF6,0x03,0x00,0x00,0x24,0x05,0xB4,0x05,0xAC,0x02,0x67,0x03,0x24,0x01,0x94,0x02,0x44,0x02,0x04,0x04,   // U+8BE5 该
            0x00,0x00,0x13,0x00,0xF6,0x07,0x00,0x02,0xA4,0x00,0xA5,0x00,0xA6,0x00,0xFC,0x07,0xA6,0x00,0xA5,0x00,0x84,0x00,0x00,0x00,   // U+8BE6 详
            0x11,0x00,0xF2,0x07,0x04,0x02,0x11,0x01,0xD5,0x07,0x5F,0x02,0x55,0x02,0x55,0x02,0x55,0x02,0xDD,0x07,0x11,0x00,0x00,0x00,   // U+8BED 语
            0x10,0x00,0x11,0x04,0xF2,0x03,0x00,0x02,0x50,0x07,0x57,0x02,0x55,0x01,0xF5,0x00,0xD5,0x01,0x55,0x02,0x57,0x06,0x50,0x04,   // U+8BEF 误
            0x10,0x00,0x11,0x04,0xF2,0x03,0x04,0x00,0x3C,0x04,0x25,0x03,0xE6,0x01,0x24,0x00,0xE6,0x07,0x25,0x04,0x3C,0x04,0x00,0x07,   // U+8BF4 说
            0x10,0x00,0x13,0x04,0xF6,0x07,0x22,0x02,0xEA,0x0F,0xAA,0x02,0xAA,0x02,0xBF,0x02,0xAA,0x0A,0xAA,0x0A,0xEA,0x0F,0x22,0x00,   // U+8BF7 请
            0x10,0x00,0x11,0x04,0xF2,0x07,0x82,0x02,0x12,0x00,0xD2,0x07,0x5F,0x02,0x52,0x02,0x52,0x02,0x57,0x02,0xD2,0x07,0x12,0x00,   // U+8BFA 诺
            0x10,0x00,0x11,0x04,0xF2,0x07,0x04,0x00,0xAA,0x06,0x9A,0x04,0xEA,0x02,0x8F,0x03,0xEA,0x01,0x8A,0x02,0x8A,0x02,0x9A,0x04,   // U+8BFB 读
            0x10,0x00,0x11,0x04,0xF6,0x03,0x00,0x00,0x5F,0x04,0x55,0x02,0x55,0x00,0xFF,0x07,0x55,0x00,0x55,0x01,0x5F,0x02,0x40,0x04,   // U+8BFE 课
            0x11,0x00,0xF2,0x03,0x14,0x03,0x0C,0x00,0xFE,0x07,0x55,0x02,0x54,0x02,0xFD,0x03,0x56,0x02,0x54,0x02,0x54,0x02,0x00,0x00,   // U+8C01 谁
            0x08,0x00,0xF9,0x01,0x02,0x05,0x80,0x03,0xFF,0x00,0x11,0x00,0xD5,0x03,0x5F,0x01,0xD5,0x05,0x11,0x04,0xFF,0x07,0x00,0x00,   // U+8C03 调
            0x10,0x00,0x11,0x04,0xF6,0x03,0x10,0x00,0x52,0x04,0x8C,0x06,0x0C,0x03,0xE7,0x01,0x08,0x03,0x8C,0x06,0x52,0x04,0x00,0x00,   // U+8C08 谈
            0x13,0x00,0xF6,0x01,0x02,0x05,0x12,0x03,0xF2,0x01,0x57,0x00,0xD2,0x07,0x5A,0x00,0xD7,0x07,0x52,0x04,0x12,0x03,0x00,0x00,   // U+8C0E 谎
            0x13,0x00,0xF6,0x07,0x00,0x02,0x1F,0x00,0xD4,0x07,0x70,0x05,0x40,0x05,0x4F,0x05,0x54,0x05,0xD2,0x07,0x0A,0x00,0x00,0x00,   // U+8C10 谐
            0x00,0x00,0x09,0x00,0xFA,0x03,0x00,0x01,0xFF,0x07,0x55,0x01,0x55,0x01,0x5F,0x01,0x55,0x05,0x55,0x05,0xFF,0x07,0x00,0x00,   // U+8C13 谓
            0x10,0x00,0x11,0x02,0xF6,0x03,0x00,0x01,0x07,0x05,0x2D,0x05,0x9F,0x02,0x98,0x02,0x07,0x03,0x05,0x01,0xDF,0x00,0x40,0x00,   // U+8C2C 谬
            0x10,0x00,0xF2,0x03,0x02,0x02,0x10,0x01,0xDE,0x07,0x53,0x05,0x5E,0x05,0x52,0x05,0x5E,0x05,0x53,0x05,0xD6,0x07,0x10,0x00,   // U+8C31 谱
            0x5C,0x07,0x54,0x05,0xFC,0x05,0x56,0x05,0x54,0x07,0x44,0x00,0xA2,0x07,0x81,0x04,0x80,0x04,0x82,0x04,0x84,0x07,0x48,0x00,   // U+8C41 豁
            0x88,0x04,0xBC,0x04,0xAC,0x01,0x6A,0x03,0x6B,0x06,0xFA,0x04,0xBA,0x05,0xAE,0x03,0xAA,0x00,0xA8,0x02,0x38,0x04,0x00,0x04,   // U+8C61 象
            0x00,0x00,0x00,0x04,0xFF,0x04,0x01,0x02,0x01,0x01,0xFD,0x00,0x01,0x01,0x01,0x01,0x01,0x02,0xFF,0x02,0x00,0x04,0x00,0x00,   // U+8D1D 贝
            0x08,0x04,0x04,0x04,0xFC,0x04,0x0A,0x02,0x0B,0x02,0x0A,0x01,0xFA,0x00,0x0E,0x01,0x0A,0x01,0x08,0x02,0xF8,0x02,0x00,0x04,   // U+8D1F 负
            0x04,0x04,0xF5,0x05,0x15,0x04,0x15,0x02,0x15,0x03,0xD7,0x01,0x15,0x01,0x15,0x02,0x15,0x02,0xF5,0x04,0x04,0x04,0x00,0x00,   // U+8D21 贡
            0x00,0x00,0x20,0x04,0xAA,0x05,0xAA,0x04,0xAA,0x04,0xAA,0x02,0xBF,0x03,0xAA,0x02,0xAA,0x00,0xAA,0x05,0x20,0x04,0x00,0x00,   // U+8D23 责
            0x00,0x04,0x7F,0x02,0x01,0x01,0xFD,0x00,0x81,0x00,0x7F,0x05,0x18,0x04,0x7E,0x02,0x8B,0x03,0x88,0x03,0x78,0x06,0x08,0x04,   // U+8D25 败
            0x00,0x04,0xFE,0x00,0x02,0x03,0xFA,0x01,0x02,0x02,0xFE,0x04,0x20,0x04,0xFE,0x07,0x20,0x02,0xE8,0x00,0x24,0x03,0x22,0x04,   // U+8D26 账
            0x04,0x00,0x00,0x04,0xEE,0x05,0x20,0x04,0x25,0x02,0x24,0x02,0xE4,0x01,0x2F,0x01,0x2A,0x02,0x29,0x02,0xE9,0x05,0x04,0x04,   // U+8D27 货
            0x00,0x06,0xFE,0x01,0x0A,0x04,0xEA,0x05,0x2A,0x04,0x2A,0x02,0x2A,0x02,0xFC,0x01,0x29,0x01,0x29,0x02,0xE9,0x01,0x08,0x04,   // U+8D28 质
            0x04,0x00,0xDF,0x05,0x55,0x04,0x55,0x04,0x55,0x02,0x5F,0x03,0x55,0x02,0x55,0x02,0x55,0x04,0xDF,0x05,0x04,0x04,0x04,0x00,   // U+8D2F 贯
            0x00,0x04,0x7E,0x00,0x02,0x00,0xFA,0x00,0x02,0x01,0x7E,0x02,0xC0,0x07,0x40,0x02,0x7E,0x02,0x48,0x02,0xC8,0x07,0x08,0x00,   // U+8D34 贴
            0x20,0x04,0xAE,0x05,0xAA,0x04,0xAA,0x04,0xAA,0x02,0xBF,0x03,0xAA,0x02,0xAA,0x00,0xAA,0x04,0xAE,0x05,0x20,0x04,0x00,0x00,   // U+8D35 贵
            0x80,0x04,0xBA,0x04,0xAA,0x07,0xEA,0x04,0xBF,0x02,0xAA,0x03,0xAA,0x02,0xFF,0x00,0xAA,0x00,0xAA,0x07,0xAE,0x04,0x60,0x04,   // U+8D39 费
            0x10,0x04,0x09,0x04,0xEA,0x05,0x24,0x04,0x22,0x02,0x33,0x02,0xA2,0x03,0x2A,0x02,0x26,0x02,0x2A,0x00,0xF6,0x05,0x12,0x04,   // U+8D44 资
            0xFF,0x04,0x01,0x03,0xFD,0x01,0x01,0x01,0xFF,0x02,0xE8,0x03,0x0A,0x02,0xFA,0x03,0x48,0x02,0xFF,0x01,0x09,0x06,0x0A,0x07,   // U+8D4B 赋
            0x00,0x02,0x7A,0x01,0xCA,0x00,0xFF,0x07,0x4A,0x01,0x7A,0x02,0x04,0x04,0xFA,0x04,0x0B,0x02,0xEE,0x01,0x0A,0x02,0xF8,0x04,   // U+8D56 赖
            0x20,0x04,0x24,0x02,0xA4,0x03,0x24,0x04,0x24,0x04,0xFF,0x07,0xA4,0x04,0xA4,0x04,0xA4,0x04,0xA4,0x04,0xA4,0x04,0x20,0x04,   // U+8D70 走
            0x24,0x06,0xE4,0x03,0x24,0x02,0xFF,0x03,0xA4,0x04,0xA4,0x04,0x11,0x04,0x11,0x04,0xFF,0x05,0x11,0x04,0x11,0x04,0x10,0x04,   // U+8D76 赶
            0x20,0x06,0xE4,0x01,0x24,0x02,0xFF,0x03,0xA4,0x04,0x20,0x04,0xF9,0x04,0x09,0x05,0x09,0x05,0x09,0x05,0x0F,0x05,0xC0,0x04,   // U+8D77 起
            0x12,0x06,0xD2,0x01,0x12,0x02,0xFF,0x07,0x92,0x04,0x54,0x04,0x40,0x05,0x2A,0x05,0x95,0x04,0x52,0x04,0x20,0x04,0x04,0x00,   // U+8D81 趁
            0x20,0x06,0xE4,0x03,0x24,0x02,0xFF,0x03,0xA4,0x04,0x08,0x04,0xE5,0x05,0x23,0x05,0x29,0x05,0x29,0x05,0xE7,0x05,0x00,0x04,   // U+8D85 超
            0x10,0x06,0xF4,0x01,0x14,0x03,0xFF,0x03,0x94,0x04,0x94,0x04,0xFC,0x04,0x44,0x05,0x9F,0x04,0xE5,0x04,0x16,0x05,0xC4,0x04,   // U+8D8A 越
            0x14,0x06,0xD4,0x01,0x14,0x02,0xFF,0x03,0x94,0x04,0x88,0x04,0x56,0x05,0x53,0x05,0x5A,0x05,0x56,0x05,0xF0,0x05,0x00,0x04,   // U+8D8B 趋
            0x10,0x03,0xF2,0x01,0xFF,0x03,0x92,0x00,0x00,0x04,0xFD,0x05,0xF6,0x04,0x57,0x04,0x74,0x05,0x06,0x05,0xFD,0x05,0x00,0x00,   // U+8D9F 趟
            0x10,0x06,0xD4,0x01,0x14,0x03,0xFF,0x07,0x14,0x05,0xFF,0x05,0xA5,0x04,0xFF,0x05,0x8A,0x05,0xB2,0x04,0xF2,0x04,0x0E,0x05,   // U+8DA3 趣
            0x00,0x04,0x00,0x02,0x1F,0x01,0x49,0x03,0x09,0x02,0x09,0x04,0xF9,0x07,0x49,0x04,0x49,0x04,0x49,0x04,0x5F,0x04,0x00,0x04,   // U+8DB3 足
            0x00,0x02,0xEF,0x03,0x09,0x00,0xF9,0x01,0x2F,0x05,0x20,0x03,0xC0,0x01,0x3F,0x00,0x00,0x00,0x7F,0x00,0x80,0x03,0x00,0x06,   // U+8DB4 趴
            0x00,0x02,0xDF,0x03,0x09,0x00,0xF9,0x01,0x4F,0x01,0x52,0x05,0x12,0x02,0x92,0x01,0x7E,0x00,0x92,0x01,0x12,0x02,0x10,0x04,   // U+8DC3 跃
            0x00,0x02,0xEF,0x03,0x09,0x00,0xF9,0x01,0x4F,0x01,0x24,0x04,0x27,0x02,0xA4,0x01,0x7F,0x00,0x24,0x01,0x24,0x02,0x24,0x04,   // U+8DCC 跌
            0x00,0x04,0xDF,0x07,0x09,0x00,0xF9,0x03,0x4F,0x02,0xFC,0x03,0x4A,0x04,0x4B,0x05,0x7A,0x05,0x02,0x05,0xFE,0x04,0x00,0x03,   // U+8DD1 跑
            0x00,0x04,0xDF,0x07,0x09,0x00,0xF9,0x03,0x4F,0x02,0x00,0x00,0xFF,0x07,0x49,0x04,0x49,0x04,0x49,0x04,0xF9,0x04,0x01,0x04,   // U+8DDD 距
            0x00,0x04,0xDF,0x07,0x09,0x04,0xF9,0x03,0x4F,0x02,0x00,0x02,0xFF,0x07,0x65,0x04,0xA5,0x02,0x25,0x01,0xFF,0x02,0x80,0x04,   // U+8DDF 跟
            0x00,0x04,0xDF,0x07,0x09,0x00,0xF9,0x03,0x4F,0x02,0x02,0x00,0xEA,0x00,0xAA,0x04,0xAB,0x04,0xAA,0x04,0xA2,0x03,0x0A,0x00,   // U+8DE8 跨
            0x00,0x04,0xDF,0x07,0x09,0x00,0xF9,0x03,0x4F,0x02,0x24,0x00,0xE6,0x03,0x5B,0x02,0x5A,0x02,0x5E,0x02,0xE2,0x03,0x20,0x00,   // U+8DEF 路
            0x00,0x02,0xDF,0x03,0x09,0x02,0xF9,0x03,0x4F,0x02,0x86,0x04,0x68,0x02,0xFF,0x01,0x00,0x00,0xFF,0x07,0x24,0x04,0x42,0x03,   // U+8DF3 跳
            0x00,0x02,0xBF,0x03,0x11,0x02,0xF1,0x03,0x5F,0x02,0x28,0x04,0x28,0x00,0xFF,0x02,0xA8,0x03,0xA5,0x04,0x66,0x04,0x24,0x03,   // U+8DF5 践
            0x00,0x04,0xEF,0x07,0x09,0x00,0xF9,0x03,0x4F,0x02,0xD2,0x03,0x5A,0x05,0x56,0x05,0x5F,0x05,0x44,0x05,0xCE,0x03,0x12,0x00,   // U+8E0F 踏
            0x00,0x04,0xEF,0x07,0x09,0x04,0xF9,0x03,0x4F,0x02,0x80,0x02,0x7F,0x05,0xD5,0x02,0x55,0x07,0xD5,0x04,0x5F,0x04,0xC0,0x03,   // U+8E22 踢
            0x00,0x04,0xEF,0x07,0x09,0x00,0xF9,0x03,0x4F,0x06,0x4A,0x02,0x52,0x01,0xCA,0x00,0xE0,0x07,0x51,0x00,0x49,0x02,0x40,0x04,   // U+8E29 踩
            0x00,0x02,0xEF,0x03,0x09,0x00,0xF9,0x01,0x2F,0x00,0x46,0x03,0xD2,0x04,0x53,0x04,0xD2,0x07,0x52,0x00,0xD2,0x00,0x46,0x02,   // U+8E2A 踪
            0xEF,0x07,0x09,0x04,0xF9,0x07,0x4F,0x02,0x7A,0x01,0x4B,0x03,0x7E,0x03,0x4A,0x05,0x7E,0x05,0xCB,0x07,0x7A,0x01,0x00,0x00,   // U+8E72 蹲
            0x80,0x04,0x80,0x04,0xFE,0x00,0xAA,0x02,0xAA,0x02,0xAB,0x02,0xAA,0x05,0xAA,0x05,0xAA,0x04,0xFE,0x07,0x40,0x00,0x20,0x00,   // U+8EAB 身
            0x80,0x02,0xFE,0x02,0xAB,0x05,0xAA,0x04,0xFE,0x07,0xFF,0x07,0x03,0x05,0xCD,0x04,0x31,0x04,0xC9,0x04,0x05,0x05,0x00,0x00,   // U+8EAF 躯
            0x80,0x02,0xFE,0x01,0xAB,0x04,0xFE,0x07,0x00,0x00,0xF8,0x07,0x0A,0x00,0xEC,0x03,0x2F,0x01,0xEC,0x05,0x0A,0x04,0xF8,0x07,   // U+8EBA 躺
            0x04,0x01,0x34,0x01,0x2C,0x01,0x27,0x01,0x24,0x01,0xF4,0x07,0x24,0x01,0x24,0x01,0x24,0x01,0x24,0x01,0x04,0x01,0x00,0x00,   // U+8F66 车
            0x3C,0x01,0x27,0x01,0xF4,0x07,0xA4,0x00,0x00,0x04,0x08,0x03,0xFF,0x00,0x08,0x00,0xF8,0x07,0x00,0x04,0x00,0x03,0x00,0x00,   // U+8F68 轨
            0x64,0x01,0x5C,0x01,0xF7,0x07,0x44,0x01,0x44,0x01,0x14,0x01,0x74,0x01,0x5F,0x02,0x54,0x02,0xD4,0x05,0x54,0x00,0x14,0x00,   // U+8F6C 转
            0x64,0x01,0x5C,0x01,0xF7,0x07,0x44,0x01,0x54,0x01,0x08,0x00,0xE6,0x07,0x83,0x04,0x42,0x04,0x2C,0x04,0x08,0x03,0x10,0x00,   // U+8F6E 轮
            0x64,0x01,0x5C,0x01,0xFF,0x07,0x44,0x01,0x50,0x05,0x0E,0x02,0x87,0x01,0xFC,0x00,0x84,0x01,0x14,0x02,0x0C,0x04,0x00,0x00,   // U+8F6F 软
            0xB4,0x00,0xAC,0x00,0xF7,0x07,0xA4,0x00,0x00,0x00,0xFC,0x07,0x24,0x02,0xFF,0x03,0x24,0x02,0x24,0x02,0xFC,0x07,0x00,0x00,   // U+8F74 轴
            0x3C,0x02,0x27,0x01,0xFC,0x07,0x24,0x00,0x90,0x04,0x51,0x04,0x49,0x04,0x49,0x04,0xC5,0x07,0x4B,0x04,0x49,0x04,0x10,0x04,   // U+8F7B 轻
            0x2A,0x04,0xEA,0x00,0xAA,0x02,0xBF,0x02,0xEA,0x07,0xAA,0x05,0x28,0x06,0x3F,0x02,0x88,0x03,0xC9,0x06,0x2A,0x04,0x08,0x03,   // U+8F7D 载
            0x64,0x02,0x54,0x02,0x46,0x00,0xFD,0x07,0x44,0x01,0x10,0x04,0x54,0x02,0x85,0x03,0x06,0x03,0x84,0x02,0x54,0x06,0x14,0x04,   // U+8F83 较
            0x64,0x01,0x5C,0x01,0xFF,0x07,0x44,0x01,0x00,0x01,0xF4,0x07,0x54,0x01,0xFF,0x07,0x54,0x05,0x55,0x05,0xF6,0x07,0x04,0x00,   // U+8F85 辅
            0x34,0x01,0x2C,0x00,0xFF,0x07,0xA4,0x00,0x14,0x04,0xF7,0x07,0x55,0x01,0x55,0x01,0x55,0x03,0x55,0x03,0xF7,0x0F,0x10,0x02,   // U+8F91 辑
            0x64,0x01,0x5C,0x01,0xFF,0x07,0x44,0x01,0xF0,0x07,0x54,0x05,0x54,0x05,0xF5,0x03,0xE4,0x05,0x04,0x04,0xF0,0x07,0x04,0x00,   // U+8F93 输
            0xCA,0x07,0x4A,0x02,0x7F,0x02,0xC9,0x07,0xA0,0x00,0xAC,0x00,0xB5,0x00,0xE6,0x07,0xB4,0x00,0xAC,0x00,0xA4,0x00,0x00,0x00,   // U+8F9E 辞
            0xAA,0x04,0xF3,0x03,0xB2,0x00,0xAA,0x00,0x7C,0x04,0x00,0x03,0xFF,0x00,0x2A,0x01,0xF3,0x07,0x33,0x01,0x2A,0x01,0x00,0x00,   // U+8FA8 辨
            0x10,0x04,0x13,0x02,0xF6,0x03,0x00,0x03,0x84,0x04,0x64,0x04,0x3F,0x04,0x04,0x05,0x04,0x05,0x04,0x05,0xFC,0x04,0x00,0x04,   // U+8FB9 边
            0x11,0x04,0xF2,0x03,0x04,0x02,0x08,0x05,0x88,0x04,0xC8,0x04,0x3F,0x04,0x48,0x04,0x88,0x04,0x08,0x05,0x08,0x04,0x00,0x00,   // U+8FBE 达
            0x20,0x04,0x21,0x02,0xE6,0x03,0x00,0x00,0x22,0x04,0x22,0x04,0x22,0x04,0xFE,0x05,0x21,0x04,0x21,0x04,0x21,0x04,0x20,0x04,   // U+8FC1 迁
            0x00,0x04,0x11,0x02,0xF2,0x03,0x01,0x02,0x11,0x04,0x11,0x04,0xFF,0x05,0x11,0x04,0x11,0x04,0xFF,0x04,0x80,0x05,0xC0,0x04,   // U+8FC5 迅
            0x11,0x06,0xF6,0x03,0x00,0x02,0x14,0x04,0x24,0x04,0x44,0x05,0x04,0x05,0x04,0x05,0xFF,0x05,0x04,0x04,0x04,0x04,0x00,0x00,   // U+8FC7 过
            0x10,0x04,0x11,0x02,0xF2,0x03,0x00,0x02,0x01,0x05,0xC1,0x04,0x3F,0x04,0x09,0x05,0x09,0x05,0x09,0x05,0xF9,0x04,0x01,0x04,   // U+8FC8 迈
            0x10,0x04,0x13,0x02,0xF6,0x03,0x08,0x02,0x09,0x05,0xC9,0x05,0x19,0x04,0x89,0x04,0xA9,0x04,0xC9,0x04,0x09,0x05,0x08,0x04,   // U+8FD0 运
            0x00,0x04,0x11,0x02,0xF2,0x03,0x04,0x02,0x80,0x05,0xFE,0x04,0x12,0x04,0x12,0x04,0x11,0x04,0xF1,0x05,0x11,0x04,0x10,0x04,   // U+8FD1 近
            0x10,0x04,0x11,0x02,0xF6,0x03,0x80,0x03,0x7E,0x04,0x2A,0x06,0x4A,0x07,0x4A,0x05,0x89,0x04,0xE9,0x05,0x19,0x05,0x00,0x06,   // U+8FD4 返
            0x10,0x04,0x11,0x02,0xF2,0x03,0x41,0x02,0x01,0x04,0x01,0x04,0x01,0x04,0xFD,0x05,0x0B,0x04,0x11,0x04,0x21,0x04,0x41,0x04,   // U+8FD8 还
            0x10,0x04,0x11,0x02,0xF6,0x03,0x04,0x06,0x04,0x05,0x24,0x05,0xC5,0x04,0xC6,0x04,0xE4,0x04,0x14,0x05,0x04,0x04,0x00,0x00,   // U+8FD9 这
            0x10,0x04,0x13,0x02,0xF6,0x03,0x00,0x03,0xA4,0x04,0x7F,0x04,0x24,0x04,0x24,0x04,0x24,0x04,0xFF,0x05,0x24,0x04,0x24,0x04,   // U+8FDB 进
            0x10,0x04,0x11,0x02,0xF6,0x03,0x08,0x06,0x09,0x05,0x89,0x04,0x79,0x04,0x09,0x04,0xF9,0x05,0x09,0x05,0x09,0x05,0xC8,0x04,   // U+8FDC 远
            0x10,0x04,0x11,0x02,0xF6,0x03,0x02,0x02,0x2A,0x04,0x2A,0x04,0x2A,0x04,0xFF,0x07,0x2A,0x04,0x2A,0x05,0x2A,0x05,0xE2,0x04,   // U+8FDD 违
            0x10,0x04,0x13,0x02,0xF6,0x03,0x04,0x06,0xB4,0x04,0xAC,0x04,0xA7,0x04,0xF4,0x07,0xA4,0x04,0xA4,0x04,0xA4,0x04,0x00,0x00,   // U+8FDE 连
            0x10,0x04,0x11,0x02,0xF2,0x03,0x04,0x02,0x80,0x05,0xFF,0x04,0x11,0x04,0x31,0x04,0x51,0x04,0xD1,0x04,0xBF,0x04,0x00,0x05,   // U+8FDF 迟
            0x11,0x06,0xF2,0x03,0x04,0x02,0xFC,0x04,0x94,0x04,0x94,0x04,0x97,0x04,0x94,0x04,0x94,0x04,0xFC,0x04,0x00,0x04,0x00,0x00,   // U+8FEB 迫
            0x10,0x04,0x11,0x02,0xF6,0x03,0x00,0x02,0x2C,0x05,0x27,0x05,0xA4,0x04,0x7F,0x04,0x64,0x04,0xA4,0x04,0x24,0x05,0x20,0x05,   // U+8FED 迭
            0x11,0x04,0xF2,0x03,0x80,0x02,0x44,0x04,0x24,0x04,0x1C,0x04,0xFF,0x05,0x14,0x04,0x25,0x04,0x46,0x04,0x84,0x04,0x00,0x00,   // U+8FF0 述
            0x00,0x04,0x13,0x02,0xF6,0x03,0x34,0x02,0x1C,0x05,0x84,0x04,0x7C,0x04,0x05,0x05,0x06,0x05,0xFC,0x05,0x1C,0x04,0x34,0x04,   // U+8FF9 迹
            0x11,0x06,0xF2,0x03,0x04,0x02,0xFE,0x05,0xAA,0x04,0xAB,0x04,0xAA,0x04,0xAA,0x04,0xAA,0x04,0xEE,0x05,0x00,0x04,0x00,0x00,   // U+8FFD 追
            0x10,0x04,0x11,0x02,0xF2,0x03,0x00,0x02,0x00,0x04,0xFF,0x07,0x15,0x05,0xB5,0x04,0x55,0x04,0x95,0x04,0x5F,0x05,0x20,0x06,   // U+9000 退
            0x11,0x04,0xF2,0x03,0x00,0x02,0x24,0x05,0x25,0x05,0xA6,0x04,0x7C,0x04,0xE6,0x04,0xA5,0x04,0x20,0x05,0x00,0x01,0x00,0x00,   // U+9001 送
            0x10,0x04,0x13,0x02,0xF6,0x03,0x08,0x06,0x0A,0x04,0xEA,0x04,0x2A,0x05,0x3E,0x05,0x29,0x05,0x29,0x05,0xE9,0x04,0x08,0x04,   // U+9002 适
            0x10,0x04,0x13,0x02,0x06,0x02,0x00,0x04,0x24,0x05,0xE0,0x04,0x1F,0x04,0x00,0x04,0xFF,0x05,0x00,0x05,0x26,0x05,0x00,0x04,   // U+9003 逃
            0x11,0x04,0xF6,0x03,0x00,0x02,0x04,0x04,0x75,0x04,0x46,0x05,0xFC,0x04,0x46,0x04,0x46,0x04,0x75,0x04,0x04,0x04,0x00,0x00,   // U+9006 逆
            0x08,0x04,0x09,0x02,0xFA,0x03,0x00,0x02,0x14,0x05,0x93,0x04,0x72,0x04,0x1F,0x04,0xF2,0x05,0x12,0x05,0x12,0x05,0xD0,0x04,   // U+9009 选
            0x10,0x04,0x11,0x02,0xF4,0x03,0x00,0x02,0x4A,0x04,0x4A,0x06,0xCA,0x05,0x5E,0x04,0xC9,0x05,0xC9,0x05,0x19,0x07,0x08,0x04,   // U+900F 透
            0x10,0x04,0x11,0x02,0xF6,0x03,0x08,0x02,0xA9,0x04,0x55,0x04,0x5F,0x05,0x3F,0x05,0xF1,0x04,0x29,0x04,0x45,0x04,0x80,0x04,   // U+9010 逐
            0x11,0x06,0xF6,0x03,0x00,0x03,0x64,0x05,0xD5,0x04,0x56,0x04,0xFC,0x07,0x56,0x05,0x55,0x05,0xDC,0x05,0x40,0x04,0x00,0x00,   // U+9012 递
            0x10,0x04,0x11,0x02,0xF6,0x03,0x08,0x03,0xA0,0x04,0xAC,0x05,0x2A,0x05,0xF9,0x05,0x2A,0x04,0xAC,0x04,0x24,0x05,0x08,0x04,   // U+9014 途
            0x11,0x04,0xF1,0x03,0x02,0x02,0x01,0x05,0x5D,0x05,0x95,0x05,0x15,0x05,0x15,0x05,0x95,0x05,0x5D,0x05,0x01,0x05,0x00,0x00,   // U+9017 逗
            0x10,0x04,0x11,0x02,0xF2,0x03,0x00,0x06,0xFD,0x05,0x55,0x04,0x57,0x04,0xFF,0x05,0x57,0x05,0x55,0x05,0xFD,0x05,0x00,0x04,   // U+901A 通
            0x00,0x04,0x11,0x02,0xF6,0x03,0x02,0x03,0x3A,0x05,0xAA,0x04,0x6A,0x04,0xFF,0x05,0x2A,0x04,0xAA,0x04,0x3A,0x04,0x02,0x05,   // U+901F 速
            0x10,0x04,0x11,0x02,0xF2,0x03,0x00,0x06,0x0A,0x04,0xEB,0x05,0x2A,0x05,0x2A,0x05,0x2F,0x05,0x2A,0x05,0xEA,0x05,0x08,0x04,   // U+9020 造
            0x10,0x04,0x11,0x02,0xF2,0x03,0x80,0x06,0x4F,0x06,0x29,0x06,0xBF,0x05,0xA9,0x05,0xAF,0x04,0xE9,0x04,0x2F,0x04,0x00,0x04,   // U+903B 逻
            0x11,0x04,0xF2,0x03,0x04,0x02,0xF1,0x05,0x5D,0x05,0x55,0x05,0xF5,0x05,0x55,0x05,0x5D,0x05,0xF1,0x05,0x00,0x04,0x00,0x00,   // U+903C 逼
            0x10,0x04,0x13,0x02,0xF6,0x03,0x00,0x02,0xDF,0x05,0x55,0x05,0x55,0x05,0xFF,0x05,0x55,0x05,0xD5,0x05,0x5F,0x04,0xC0,0x07,   // U+9047 遇
            0x11,0x04,0xF6,0x03,0x80,0x03,0x7E,0x04,0xEA,0x07,0xAA,0x04,0xEA,0x05,0xAB,0x04,0xEA,0x05,0xAA,0x04,0xEE,0x07,0x00,0x04,   // U+904D 遍
            0x11,0x0C,0xF6,0x07,0x02,0x0C,0xFA,0x0B,0xAB,0x0A,0xAA,0x0A,0xAE,0x0A,0xAA,0x0A,0xAA,0x0A,0xFA,0x0B,0x02,0x08,0x00,0x00,   // U+9053 道
            0x10,0x04,0x11,0x02,0xF2,0x03,0x20,0x02,0xEE,0x06,0x2A,0x06,0x2A,0x05,0xFF,0x04,0x2A,0x05,0x2A,0x05,0xEE,0x06,0x20,0x04,   // U+9057 遗
            0x10,0x06,0xF3,0x03,0x06,0x02,0x80,0x05,0x7E,0x04,0x8A,0x05,0x0A,0x04,0xBE,0x05,0xAB,0x04,0x2A,0x05,0xBE,0x04,0x0A,0x05,   // U+906E 遮
            0x00,0x04,0x11,0x02,0xF4,0x03,0x00,0x02,0xFA,0x04,0xAB,0x05,0xBE,0x04,0xAA,0x04,0xBE,0x04,0xAA,0x07,0xFA,0x04,0x82,0x04,   // U+9075 遵
            0x00,0x04,0x11,0x02,0xF2,0x03,0x40,0x06,0xFF,0x05,0xA9,0x04,0xEF,0x05,0xA0,0x04,0xBA,0x04,0xF2,0x05,0xAA,0x04,0xA2,0x04,   // U+907F 避
            0x00,0x00,0x49,0x04,0xFF,0x03,0x49,0x04,0x49,0x04,0xFF,0x03,0x00,0x00,0xFF,0x07,0x01,0x02,0x3D,0x02,0xE3,0x01,0x00,0x00,   // U+90A3 那
            0x00,0x00,0x10,0x00,0x48,0x01,0x4E,0x02,0x51,0x07,0xC2,0x00,0x08,0x00,0xFF,0x07,0x01,0x02,0x3D,0x02,0xC3,0x01,0x00,0x00,   // U+90BB 邻
            0x12,0x00,0xD6,0x07,0x5A,0x02,0x53,0x02,0x5B,0x02,0xD6,0x07,0x12,0x00,0x00,0x00,0xFF,0x07,0x19,0x01,0x25,0x01,0xE3,0x00,   // U+90E8 部
            0x4A,0x00,0xEA,0x07,0xAF,0x02,0xAA,0x02,0xAE,0x02,0xE9,0x07,0x08,0x00,0xFF,0x07,0x09,0x01,0x15,0x01,0xE3,0x00,0x00,0x00,   // U+90FD 都
            0xFD,0x07,0xA5,0x02,0x9F,0x02,0x85,0x02,0x9F,0x02,0xA5,0x02,0xFD,0x07,0x00,0x00,0xF1,0x07,0x11,0x04,0x11,0x04,0xBF,0x03,   // U+914D 配
            0xFD,0x07,0xA5,0x02,0x9F,0x02,0xBF,0x02,0xA5,0x02,0xFD,0x07,0x80,0x04,0x7F,0x05,0x55,0x05,0xF5,0x07,0x55,0x05,0x5F,0x05,   // U+9192 醒
            0x40,0x02,0x46,0x02,0x4A,0x01,0x52,0x00,0xC2,0x00,0xE6,0x07,0xD8,0x00,0x40,0x00,0x51,0x01,0x49,0x00,0x45,0x02,0x40,0x02,   // U+91C7 采
            0x12,0x01,0xD6,0x00,0xFE,0x07,0x15,0x00,0x51,0x00,0x51,0x01,0x53,0x01,0x4D,0x01,0xE9,0x07,0x4D,0x01,0x53,0x01,0x50,0x01,   // U+91CA 释
            0x00,0x04,0x3F,0x05,0x25,0x05,0x25,0x05,0x25,0x05,0xFF,0x07,0x25,0x05,0x25,0x05,0x25,0x05,0x3F,0x05,0x00,0x04,0x00,0x00,   // U+91CC 里
            0x04,0x04,0x7D,0x05,0x55,0x05,0x55,0x05,0x55,0x05,0xFF,0x07,0x55,0x05,0x55,0x05,0x55,0x05,0x7C,0x05,0x04,0x04,0x00,0x00,   // U+91CD 重
            0x5F,0x02,0x55,0x02,0xFF,0x01,0x55,0x01,0x5F,0x01,0x10,0x04,0x13,0x04,0xFD,0x07,0x1D,0x00,0x53,0x00,0x30,0x00,0x00,0x00,   // U+91CE 野
            0x10,0x04,0x10,0x05,0xF7,0x05,0x55,0x05,0x55,0x05,0x55,0x05,0xF5,0x07,0x55,0x05,0x55,0x05,0xF7,0x05,0x10,0x05,0x10,0x04,   // U+91CF 量
        };
        System.arraycopy(part, 0, DATA, 1280 * BYTES_PER_GLYPH, part.length);
    }

    // 第 1536..1675 个字形的点阵（分块的原因见 DATA 的注释）。
    private static void fillGlyphs6() {
        int[] part = {
            0x10,0x04,0x50,0x04,0x48,0x05,0x54,0x06,0x54,0x04,0x52,0x04,0xF1,0x07,0x52,0x04,0x54,0x06,0x58,0x05,0x40,0x04,0x10,0x00,   // U+91D1 金
            0x00,0x04,0x3F,0x05,0x20,0x07,0x20,0x05,0x7F,0x05,0x60,0x05,0xDC,0x07,0x53,0x05,0x72,0x05,0x2A,0x05,0x32,0x05,0x22,0x04,   // U+9274 鉴
            0x50,0x00,0x5E,0x00,0xF7,0x07,0x54,0x06,0x54,0x02,0x10,0x00,0x10,0x00,0x10,0x00,0xFF,0x07,0x10,0x00,0x10,0x00,0x10,0x00,   // U+9488 针
            0x50,0x00,0x56,0x00,0xF7,0x07,0x54,0x02,0x54,0x01,0x00,0x00,0x01,0x04,0x01,0x04,0x01,0x04,0xFF,0x07,0x01,0x00,0x01,0x00,   // U+9489 钉
            0x50,0x00,0x56,0x00,0xF5,0x07,0x54,0x02,0x44,0x00,0xF8,0x01,0x88,0x00,0xFF,0x07,0x88,0x00,0x88,0x00,0xF8,0x01,0x00,0x00,   // U+949F 钟
            0x48,0x00,0x4A,0x00,0xFB,0x07,0x4A,0x02,0x42,0x01,0xFF,0x07,0x05,0x01,0xF1,0x00,0x71,0x04,0x8D,0x05,0xFF,0x07,0x00,0x00,   // U+94A2 钢
            0x5C,0x00,0xF7,0x07,0x54,0x04,0x54,0x02,0x18,0x01,0x0E,0x01,0x27,0x01,0x14,0x05,0xC4,0x05,0x04,0x05,0xFC,0x07,0x00,0x00,   // U+94A9 钩
            0x48,0x00,0x4A,0x00,0xFB,0x07,0x4A,0x02,0x40,0x05,0x21,0x04,0xFF,0x07,0x21,0x04,0x21,0x04,0x21,0x04,0xFF,0x07,0x00,0x04,   // U+94AE 钮
            0x50,0x00,0x56,0x00,0xF7,0x07,0x54,0x02,0x54,0x01,0x48,0x04,0x48,0x04,0xFF,0x02,0x48,0x03,0x25,0x05,0xA6,0x04,0x24,0x03,   // U+94B1 钱
            0x58,0x00,0x56,0x00,0xF5,0x07,0x54,0x02,0x04,0x00,0xFF,0x07,0x24,0x02,0x24,0x02,0x24,0x02,0x24,0x02,0xFF,0x07,0x04,0x00,   // U+94B3 钳
            0x98,0x00,0x96,0x00,0xF5,0x07,0x94,0x02,0x84,0x00,0xC0,0x07,0x40,0x02,0x7F,0x02,0x48,0x02,0x48,0x02,0xC8,0x07,0x08,0x00,   // U+94BB 钻
            0x48,0x00,0x56,0x00,0xF5,0x07,0x54,0x00,0x50,0x04,0x4C,0x04,0x4E,0x02,0xC8,0x01,0xFF,0x00,0x48,0x02,0x48,0x00,0x48,0x04,   // U+94C1 铁
            0x58,0x00,0xF7,0x07,0x54,0x02,0x44,0x01,0xFE,0x04,0x41,0x02,0xFD,0x01,0x00,0x00,0xFF,0x07,0x01,0x01,0xFF,0x01,0x00,0x00,   // U+94C6 铆
            0x48,0x00,0x4A,0x04,0xFB,0x07,0x4A,0x00,0x42,0x02,0xFF,0x07,0x01,0x00,0xF5,0x01,0x95,0x04,0xF5,0x04,0x01,0x04,0xFF,0x07,   // U+94DC 铜
            0x58,0x00,0xF7,0x07,0x54,0x02,0x40,0x01,0xF4,0x07,0x54,0x01,0x54,0x01,0xFF,0x07,0x54,0x05,0x55,0x05,0xF6,0x07,0x04,0x00,   // U+94FA 铺
            0x48,0x00,0xF7,0x07,0x54,0x02,0x14,0x04,0xF7,0x03,0x04,0x02,0xBC,0x04,0xA7,0x04,0xF4,0x05,0xA4,0x04,0xA4,0x04,0x00,0x00,   // U+94FE 链
            0x48,0x00,0x56,0x00,0xF5,0x07,0x54,0x04,0x42,0x02,0xFE,0x07,0xAC,0x00,0xAF,0x00,0xA8,0x04,0xAC,0x04,0xFA,0x07,0x00,0x00,   // U+9500 销
            0x48,0x00,0x56,0x00,0xF5,0x03,0x54,0x02,0x44,0x05,0xFA,0x05,0x0C,0x02,0x08,0x03,0xEF,0x01,0x08,0x01,0x0C,0x02,0xFA,0x01,   // U+9501 锁
            0x4C,0x00,0xFB,0x07,0x4A,0x06,0x4A,0x02,0x25,0x04,0x55,0x02,0xC5,0x01,0x7F,0x04,0xC5,0x05,0x05,0x05,0x05,0x03,0x24,0x00,   // U+9508 锈
            0x44,0x00,0x4B,0x02,0x4A,0x03,0x42,0x01,0x14,0x02,0xB2,0x02,0xA3,0x02,0xEA,0x07,0xAA,0x02,0xA6,0x02,0xB2,0x02,0x00,0x00,   // U+950B 锋
            0x58,0x00,0x5E,0x00,0xF7,0x03,0x54,0x02,0x10,0x00,0xD4,0x03,0x5F,0x05,0x54,0x05,0x54,0x05,0x5F,0x05,0xD4,0x03,0x14,0x00,   // U+9519 错
            0x5C,0x00,0xF7,0x07,0x54,0x04,0x00,0x02,0xF4,0x07,0x54,0x02,0x5F,0x02,0xF4,0x03,0x54,0x02,0x5F,0x02,0xF4,0x07,0x04,0x00,   // U+951A 锚
            0x5C,0x00,0xF7,0x07,0x54,0x04,0x10,0x02,0x18,0x00,0xFE,0x07,0x55,0x02,0x54,0x02,0x55,0x02,0xFE,0x03,0x54,0x02,0x54,0x02,   // U+9525 锥
            0x04,0x00,0x4A,0x00,0xFA,0x03,0x4A,0x02,0x80,0x03,0xBE,0x00,0xAA,0x00,0xEB,0x07,0xAA,0x02,0xAA,0x02,0xBE,0x02,0x00,0x00,   // U+9526 锦
            0x48,0x00,0x4A,0x04,0xFB,0x03,0x4A,0x04,0x02,0x03,0xD6,0x01,0x12,0x02,0x12,0x04,0xF3,0x07,0x92,0x04,0x92,0x04,0x16,0x04,   // U+952D 锭
            0x58,0x00,0xF7,0x07,0x54,0x02,0xB0,0x04,0xAA,0x03,0xE2,0x02,0x8A,0x04,0xAA,0x04,0xFF,0x07,0xAA,0x04,0xFE,0x04,0x08,0x04,   // U+952E 键
            0x04,0x00,0x4B,0x02,0x4A,0x03,0x42,0x02,0xFF,0x03,0x29,0x00,0xA9,0x07,0xA9,0x04,0xF9,0x04,0xA9,0x04,0xAF,0x07,0x20,0x00,   // U+952F 锯
            0x58,0x00,0xF7,0x07,0x54,0x02,0xE4,0x05,0x85,0x04,0x96,0x05,0xC4,0x02,0xBF,0x02,0x8C,0x02,0x96,0x01,0x85,0x04,0xA4,0x04,   // U+9542 镂
            0x4C,0x00,0xFB,0x07,0x4A,0x02,0x48,0x05,0xFA,0x05,0xAE,0x02,0xAA,0x01,0xAB,0x00,0xAE,0x07,0xAA,0x04,0xFA,0x05,0x08,0x02,   // U+955C 镜
            0x20,0x00,0x20,0x00,0xFF,0x07,0x20,0x04,0x28,0x02,0x68,0x02,0xA4,0x01,0x22,0x01,0x22,0x02,0x21,0x04,0x20,0x04,0x00,0x00,   // U+957F 长
            0x00,0x00,0xFC,0x07,0x01,0x00,0x01,0x00,0x00,0x00,0x01,0x00,0x01,0x00,0x01,0x04,0x01,0x04,0x01,0x04,0xFF,0x03,0x00,0x00,   // U+95E8 门
            0x00,0x00,0xFD,0x07,0x03,0x01,0x82,0x01,0xC0,0x00,0x61,0x00,0x3D,0x00,0xC1,0x04,0x81,0x05,0x01,0x04,0xFF,0x03,0x00,0x00,   // U+95EA 闪
            0x00,0x00,0xFC,0x07,0x01,0x00,0x0A,0x01,0x88,0x00,0x49,0x02,0x19,0x02,0xFD,0x03,0x09,0x04,0x01,0x04,0xFF,0x07,0x00,0x00,   // U+95ED 闭
            0x00,0x00,0xFC,0x07,0x01,0x00,0x02,0x00,0xF8,0x01,0x89,0x00,0x89,0x00,0x89,0x00,0xF9,0x04,0x01,0x04,0xFF,0x07,0x00,0x00,   // U+95EE 问
            0x00,0x00,0xFE,0x07,0x01,0x01,0x89,0x00,0x48,0x00,0x39,0x00,0xFF,0x03,0x69,0x00,0x89,0x04,0x01,0x04,0xFF,0x07,0x00,0x00,   // U+95F2 闲
            0x00,0x00,0xFC,0x07,0x01,0x00,0x02,0x00,0xFC,0x01,0x25,0x01,0x25,0x01,0x25,0x01,0xFD,0x05,0x01,0x04,0xFF,0x07,0x00,0x00,   // U+95F4 间
            0x00,0x00,0xFC,0x07,0x41,0x00,0x30,0x00,0xF0,0x00,0x05,0x01,0x09,0x01,0xC1,0x05,0x31,0x04,0x41,0x04,0xFF,0x07,0x00,0x00,   // U+95F7 闷
            0x00,0x00,0xFC,0x07,0x01,0x00,0xFE,0x00,0x54,0x00,0x55,0x00,0xFD,0x07,0x55,0x00,0xFD,0x04,0x01,0x04,0xFF,0x07,0x00,0x00,   // U+95F8 闸
            0x00,0x00,0xFC,0x07,0x01,0x00,0xEA,0x01,0x28,0x00,0x29,0x00,0xFD,0x03,0x29,0x01,0xE9,0x05,0x01,0x04,0xFF,0x03,0x00,0x00,   // U+95F9 闹
            0x00,0x00,0xFC,0x07,0x01,0x01,0x7A,0x01,0xA8,0x00,0x69,0x00,0xE9,0x01,0x29,0x05,0x39,0x05,0x81,0x04,0xFF,0x03,0x00,0x00,   // U+9605 阅
            0xF8,0x0F,0x03,0x04,0xF6,0x05,0xB0,0x04,0xF2,0x05,0x12,0x02,0xFE,0x01,0xD2,0x03,0x32,0x0F,0x12,0x08,0xFE,0x07,0x00,0x00,   // U+9608 阈
            0x00,0x00,0xFE,0x07,0x01,0x02,0x93,0x01,0x04,0x00,0xD5,0x03,0x55,0x02,0x7D,0x02,0xD3,0x07,0x11,0x04,0xFF,0x03,0x00,0x00,   // U+9614 阔
            0xFF,0x07,0x01,0x01,0x1D,0x01,0xE3,0x04,0x00,0x02,0xC0,0x01,0x3F,0x00,0xE0,0x00,0x00,0x01,0x00,0x02,0x00,0x04,0x00,0x00,   // U+961F 队
            0xFF,0x07,0x19,0x01,0xE7,0x01,0x40,0x04,0x44,0x03,0xFF,0x00,0x44,0x00,0x44,0x00,0xFF,0x07,0x44,0x00,0x40,0x00,0x00,0x00,   // U+9631 阱
            0xFF,0x07,0x01,0x01,0x3D,0x05,0xE3,0x02,0x04,0x01,0x7C,0x00,0x15,0x04,0x16,0x04,0x14,0x04,0xF4,0x03,0x04,0x00,0x00,0x00,   // U+9632 防
            0x00,0x00,0xFF,0x07,0x01,0x01,0x1D,0x01,0xE3,0x00,0xFF,0x07,0x11,0x02,0x11,0x02,0x11,0x02,0x11,0x02,0xFF,0x07,0x00,0x00,   // U+9633 阳
            0x00,0x00,0xFF,0x07,0x01,0x01,0x1D,0x01,0xE3,0x04,0x00,0x03,0xFF,0x00,0x49,0x00,0x49,0x04,0x49,0x04,0xFF,0x07,0x00,0x00,   // U+9634 阴
            0xFF,0x07,0x01,0x01,0x1D,0x01,0xE3,0x00,0xB4,0x00,0xAC,0x00,0xA7,0x00,0xF4,0x07,0xA4,0x00,0xA4,0x00,0xA4,0x00,0x00,0x00,   // U+9635 阵
            0xFF,0x07,0x01,0x01,0x3D,0x01,0xF3,0x04,0x08,0x02,0xE4,0x01,0x03,0x00,0x03,0x00,0xE4,0x07,0x08,0x00,0x10,0x00,0x00,0x00,   // U+9636 阶
            0xFF,0x03,0x01,0x01,0x1D,0x01,0xE3,0x04,0x00,0x04,0xFF,0x07,0x89,0x04,0x89,0x04,0x89,0x04,0xFF,0x07,0x00,0x04,0x00,0x00,   // U+963B 阻
            0xFF,0x07,0x99,0x00,0x65,0x00,0x11,0x00,0x0C,0x00,0xFE,0x07,0x35,0x00,0x64,0x04,0x04,0x04,0xFF,0x07,0x04,0x00,0x00,0x00,   // U+9644 附
            0xFF,0x07,0x1D,0x01,0xE3,0x00,0x08,0x02,0xC9,0x01,0x69,0x04,0x09,0x04,0xF9,0x07,0x69,0x00,0xC9,0x01,0x08,0x03,0x00,0x00,   // U+9645 际
            0xFF,0x07,0x01,0x01,0x3D,0x01,0xC3,0x03,0x34,0x01,0xAC,0x04,0x27,0x04,0xFC,0x07,0x24,0x00,0xA4,0x00,0x24,0x03,0x00,0x00,   // U+9648 陈
            0xFF,0x07,0x01,0x01,0x3D,0x01,0xD7,0x00,0xD2,0x01,0x57,0x01,0x4B,0x01,0xEA,0x07,0x56,0x01,0x52,0x01,0x50,0x01,0x00,0x00,   // U+964D 降
            0xFF,0x07,0x81,0x00,0x9D,0x00,0x63,0x00,0x00,0x00,0xFF,0x07,0x25,0x02,0xE5,0x02,0x25,0x03,0xBF,0x02,0x40,0x04,0x00,0x00,   // U+9650 限
            0xFF,0x07,0x3D,0x01,0xF3,0x00,0x58,0x02,0x58,0x05,0x54,0x04,0x53,0x04,0xF3,0x03,0x54,0x01,0x58,0x03,0x50,0x02,0x00,0x00,   // U+9664 除
            0xFF,0x07,0x3D,0x01,0xC3,0x00,0x08,0x04,0xC4,0x04,0x93,0x05,0xD1,0x04,0x92,0x05,0x94,0x07,0x68,0x04,0x08,0x00,0x00,0x00,   // U+9669 险
            0x00,0x00,0xFE,0x07,0x3A,0x01,0xC6,0x00,0x08,0x00,0xE4,0x07,0xA6,0x04,0x84,0x04,0xB4,0x04,0xAC,0x04,0xE4,0x07,0x00,0x00,   // U+9677 陷
            0xFF,0x07,0x3D,0x01,0xC3,0x00,0x94,0x04,0x72,0x05,0x47,0x05,0x4E,0x05,0xEA,0x07,0x46,0x05,0x52,0x05,0x10,0x04,0x00,0x00,   // U+9686 隆
            0xFF,0x07,0x3D,0x01,0xE3,0x00,0x09,0x06,0xFA,0x03,0x02,0x02,0xFE,0x07,0xAB,0x04,0xAA,0x04,0xFA,0x07,0x02,0x04,0x00,0x00,   // U+968F 随
            0xFF,0x07,0x99,0x00,0x67,0x02,0x09,0x01,0xAA,0x00,0xAB,0x06,0xAA,0x04,0xAE,0x05,0xAA,0x00,0xF8,0x01,0x00,0x02,0x00,0x00,   // U+9690 隐
            0xFF,0x07,0x9D,0x00,0x63,0x00,0x00,0x00,0xF1,0x07,0x5D,0x01,0x95,0x01,0x15,0x07,0xD5,0x05,0x1D,0x04,0xF1,0x07,0x00,0x00,   // U+9694 隔
            0x00,0x00,0xFF,0x07,0x1D,0x01,0xE3,0x00,0x04,0x00,0x78,0x02,0xAA,0x04,0xAF,0x07,0xA8,0x00,0xA8,0x00,0x7A,0x02,0x00,0x00,   // U+9699 隙
            0xFE,0x07,0x7A,0x02,0xC6,0x01,0x14,0x04,0xF4,0x05,0x5C,0x05,0x56,0x07,0x54,0x05,0x54,0x05,0xF4,0x05,0x14,0x04,0x00,0x00,   // U+969C 障
            0xFF,0x07,0x1D,0x01,0xE3,0x05,0x09,0x02,0xFA,0x03,0x54,0x07,0xAD,0x05,0x54,0x05,0xE6,0x05,0x5D,0x04,0x84,0x04,0x00,0x00,   // U+96A7 隧
            0x05,0x06,0x99,0x01,0xF9,0x00,0x87,0x01,0x08,0x00,0xFE,0x07,0x57,0x02,0x54,0x02,0xFF,0x03,0x56,0x02,0x54,0x02,0x54,0x02,   // U+96BE 难
            0x1D,0x01,0x51,0x04,0xFF,0x07,0x11,0x00,0x19,0x00,0xFE,0x07,0x55,0x04,0x55,0x04,0xFE,0x07,0x54,0x04,0x54,0x04,0x00,0x00,   // U+96C5 雅
            0x08,0x01,0x04,0x05,0xFE,0x01,0xAB,0x01,0xAA,0x03,0xAA,0x01,0xFF,0x07,0xAA,0x01,0xAA,0x03,0xAA,0x01,0xAA,0x05,0x82,0x05,   // U+96C6 集
            0x0C,0x04,0x45,0x05,0x55,0x05,0x55,0x05,0x45,0x05,0x5F,0x05,0x45,0x05,0x55,0x05,0x55,0x05,0xC5,0x07,0x0C,0x00,0x00,0x00,   // U+96EA 雪
            0x80,0x00,0x85,0x00,0x95,0x00,0x95,0x00,0x95,0x02,0xAF,0x02,0xD5,0x06,0x85,0x05,0x95,0x00,0x45,0x00,0x85,0x00,0x80,0x00,   // U+96F6 零
            0x8C,0x00,0x25,0x05,0x15,0x05,0x75,0x03,0xF5,0x01,0x1F,0x01,0x75,0x05,0x75,0x05,0x15,0x05,0x95,0x03,0x8C,0x00,0x80,0x00,   // U+96FE 雾
            0x4D,0x00,0x45,0x07,0x55,0x01,0x55,0x07,0xC5,0x01,0x5F,0x01,0x45,0x07,0x55,0x05,0x55,0x05,0x45,0x07,0x4D,0x00,0x00,0x00,   // U+9700 需
            0xAC,0x07,0xF5,0x02,0xA5,0x06,0xA5,0x06,0xF5,0x07,0xAF,0x04,0x65,0x04,0x35,0x03,0x25,0x03,0xE5,0x04,0x2C,0x00,0x00,0x00,   // U+9730 霰
            0x00,0x04,0x0C,0x07,0x75,0x04,0xD5,0x07,0x75,0x05,0xC5,0x00,0x1F,0x07,0x75,0x05,0x55,0x05,0x75,0x05,0x95,0x07,0x8C,0x00,   // U+9732 露
            0x20,0x02,0xE5,0x03,0x75,0x03,0xF5,0x07,0x75,0x03,0xE5,0x03,0x35,0x06,0xF5,0x01,0x55,0x05,0x55,0x05,0xF4,0x07,0x00,0x00,   // U+9738 霸
            0x00,0x00,0x22,0x00,0xEA,0x0F,0xAA,0x02,0xAA,0x02,0xAA,0x02,0xBF,0x02,0xAA,0x0A,0xAA,0x0A,0xEA,0x0F,0x22,0x00,0x00,0x00,   // U+9752 青
            0x2A,0x00,0xEA,0x0F,0xAA,0x02,0xBF,0x0A,0xEA,0x0F,0x24,0x00,0x92,0x09,0x93,0x09,0xFA,0x0F,0x96,0x01,0xF0,0x01,0x80,0x00,   // U+9759 静
            0x24,0x01,0x24,0x01,0x24,0x01,0x24,0x01,0xFF,0x07,0x00,0x00,0x00,0x00,0xFF,0x07,0x24,0x01,0x24,0x01,0x24,0x01,0x24,0x01,   // U+975E 非
            0x88,0x02,0x8C,0x02,0xBA,0x02,0xAB,0x02,0xEA,0x07,0x2F,0x00,0x2A,0x00,0xEA,0x07,0xAA,0x02,0xBA,0x02,0x8A,0x02,0x88,0x02,   // U+9760 靠
            0x02,0x00,0xFA,0x07,0x0A,0x04,0x0A,0x04,0xFA,0x07,0x2E,0x05,0x2A,0x05,0xFA,0x07,0x0A,0x04,0x0A,0x04,0xFA,0x07,0x02,0x00,   // U+9762 面
            0x02,0x02,0xE2,0x02,0xA2,0x02,0xAF,0x02,0xAA,0x02,0xFA,0x07,0xAA,0x02,0xAF,0x02,0xA2,0x02,0xE2,0x02,0x02,0x02,0x00,0x00,   // U+9769 革
            0xE2,0x02,0xAF,0x02,0xFA,0x07,0xAF,0x02,0xE2,0x02,0xFF,0x03,0x21,0x04,0x21,0x04,0x3F,0x04,0x21,0x04,0x3F,0x04,0x00,0x03,   // U+9776 靶
            0x00,0x00,0x12,0x00,0xD2,0x07,0x56,0x05,0x5A,0x05,0x53,0x05,0x53,0x05,0x5A,0x05,0x56,0x05,0xD2,0x07,0x12,0x00,0x00,0x00,   // U+97F3 音
            0x00,0x04,0x01,0x04,0xF9,0x04,0x09,0x02,0x09,0x02,0x0F,0x01,0xE9,0x01,0x09,0x01,0x09,0x02,0x09,0x02,0xF9,0x04,0x01,0x04,   // U+9875 页
            0x01,0x04,0x01,0x04,0xFF,0x07,0x01,0x00,0x01,0x04,0xFD,0x02,0x05,0x03,0xFF,0x00,0x05,0x01,0x05,0x02,0xFD,0x02,0x01,0x04,   // U+9876 顶
            0x02,0x01,0x02,0x01,0xFE,0x00,0x82,0x00,0x80,0x04,0xFD,0x04,0x05,0x02,0x07,0x01,0xF5,0x01,0x05,0x02,0xFD,0x02,0x01,0x04,   // U+9879 项
            0xFE,0x07,0x00,0x00,0xFC,0x03,0x00,0x00,0xFE,0x07,0x00,0x04,0xFA,0x00,0x0E,0x03,0xFA,0x01,0x0A,0x02,0xFA,0x02,0x00,0x04,   // U+987A 顺
            0x48,0x04,0x24,0x03,0xA2,0x01,0x41,0x00,0x00,0x04,0xF9,0x04,0x09,0x03,0xFF,0x01,0x09,0x01,0x09,0x02,0xF9,0x02,0x01,0x04,   // U+987B 须
            0x00,0x06,0xFE,0x01,0xFA,0x07,0x4A,0x02,0x7A,0x01,0x00,0x00,0xFA,0x05,0x0E,0x02,0xEA,0x01,0x0A,0x02,0xFA,0x05,0x00,0x00,   // U+987E 顾
            0x7A,0x00,0x42,0x00,0xFF,0x07,0x42,0x02,0xFA,0x01,0x00,0x04,0xFD,0x02,0x07,0x01,0xFD,0x01,0x05,0x03,0xFD,0x04,0x00,0x00,   // U+987F 顿
            0x11,0x04,0x15,0x04,0xFD,0x07,0x17,0x00,0x71,0x04,0xFD,0x04,0x05,0x02,0x07,0x01,0xF5,0x01,0x05,0x02,0xFD,0x02,0x01,0x04,   // U+9884 预
            0x28,0x00,0xA2,0x00,0x25,0x03,0xAA,0x05,0x64,0x04,0xFD,0x04,0x05,0x02,0x07,0x01,0xFD,0x00,0x05,0x01,0xFD,0x02,0x01,0x04,   // U+9886 领
            0x51,0x02,0x49,0x02,0xC5,0x01,0x4B,0x01,0x10,0x04,0xFD,0x04,0x05,0x02,0x07,0x01,0xF5,0x01,0x05,0x02,0xFD,0x02,0x01,0x04,   // U+9888 颈
            0x10,0x05,0x9E,0x04,0x10,0x02,0xDF,0x03,0x12,0x01,0x92,0x04,0xFD,0x04,0x07,0x03,0xF5,0x01,0x05,0x03,0xFD,0x02,0x01,0x04,   // U+9891 频
            0x80,0x00,0xBF,0x02,0xA5,0x01,0xFF,0x03,0xA5,0x01,0xBF,0x00,0xF9,0x05,0x09,0x02,0xEF,0x01,0x09,0x02,0xF9,0x03,0x01,0x00,   // U+9897 颗
            0x40,0x06,0x5F,0x03,0x55,0x02,0xD5,0x07,0x5F,0x05,0x40,0x04,0x7D,0x06,0x05,0x05,0xF7,0x04,0x05,0x05,0x7D,0x06,0x00,0x00,   // U+9898 题
            0x00,0x04,0xF4,0x03,0x1C,0x00,0x16,0x04,0xBE,0x00,0x14,0x04,0xFA,0x05,0x0A,0x02,0xEE,0x01,0x0A,0x02,0xFA,0x01,0x00,0x04,   // U+989C 颜
            0x16,0x00,0xCA,0x07,0xBE,0x04,0xAB,0x04,0xCA,0x07,0x46,0x04,0xFD,0x00,0x05,0x03,0xF7,0x01,0x05,0x02,0xFD,0x02,0x00,0x04,   // U+989D 额
            0x00,0x05,0xF4,0x01,0x94,0x03,0x9E,0x01,0x94,0x03,0xF4,0x04,0xFA,0x01,0x0A,0x02,0xFE,0x01,0x0A,0x02,0xFA,0x05,0x00,0x00,   // U+98A0 颠
            0x00,0x06,0xFF,0x01,0x01,0x02,0x85,0x01,0x59,0x00,0x71,0x00,0xCD,0x00,0x03,0x01,0x01,0x00,0xFF,0x03,0x00,0x04,0x00,0x07,   // U+98CE 风
            0x1D,0x05,0x5F,0x07,0x55,0x07,0x5F,0x01,0x1D,0x01,0xFF,0x07,0x0D,0x06,0xF9,0x00,0x0D,0x03,0xFF,0x07,0x00,0x07,0x00,0x00,   // U+98D8 飘
            0x01,0x00,0x01,0x00,0x01,0x00,0x01,0x00,0x01,0x00,0x01,0x00,0xFF,0x00,0x18,0x03,0x24,0x06,0x22,0x04,0x41,0x04,0x00,0x03,   // U+98DE 飞
            0x08,0x00,0xFC,0x07,0xAC,0x04,0xAA,0x00,0xA9,0x03,0xA9,0x00,0xAA,0x02,0xAC,0x03,0xFC,0x03,0x08,0x04,0x08,0x00,0x00,0x00,   // U+98DF 食
            0x10,0x00,0x06,0x00,0xF3,0x03,0x0A,0x07,0x06,0x03,0xFF,0x00,0x01,0x00,0x01,0x00,0x01,0x00,0xFF,0x07,0x00,0x04,0x80,0x03,   // U+9965 饥
            0x10,0x00,0x0E,0x00,0xE7,0x07,0x14,0x00,0x0C,0x00,0xF8,0x03,0x27,0x00,0x24,0x00,0xF4,0x07,0x24,0x02,0x24,0x02,0xE4,0x03,   // U+9970 饰
            0x18,0x00,0xE7,0x07,0x14,0x04,0x0C,0x02,0x18,0x00,0xFE,0x07,0x97,0x04,0x94,0x04,0xF4,0x05,0x04,0x05,0xFC,0x04,0x00,0x03,   // U+9971 饱
            0x18,0x00,0xF3,0x07,0x0A,0x02,0x46,0x01,0x49,0x04,0xFF,0x07,0x29,0x02,0x08,0x01,0xFF,0x01,0x89,0x06,0x4A,0x04,0x28,0x03,   // U+997F 饿
            0x18,0x00,0x06,0x00,0xFB,0x07,0x06,0x02,0xE8,0x03,0x96,0x02,0x93,0x02,0x02,0x02,0xAA,0x02,0xA6,0x02,0xE0,0x03,0x00,0x00,   // U+9985 馅
            0x18,0x00,0xF7,0x07,0x14,0x02,0x2C,0x04,0xEE,0x05,0x2A,0x02,0x2A,0x03,0xFF,0x01,0x2A,0x01,0x2A,0x02,0xEE,0x01,0x20,0x04,   // U+9988 馈
            0x02,0x00,0xFA,0x07,0xAB,0x02,0xAA,0x02,0xAE,0x02,0xAA,0x02,0xAA,0x02,0xAB,0x02,0xAA,0x02,0xFA,0x07,0x02,0x00,0x00,0x00,   // U+9996 首
            0x00,0x01,0x01,0x01,0x3D,0x01,0x21,0x01,0x21,0x01,0x21,0x01,0x21,0x05,0x21,0x05,0x3F,0x05,0x20,0x04,0xE0,0x03,0x00,0x00,   // U+9A6C 马
            0x00,0x01,0x3E,0x05,0xA2,0x04,0xBE,0x04,0xE0,0x03,0x00,0x00,0xFE,0x07,0x0A,0x05,0x92,0x04,0x62,0x04,0x9A,0x04,0x06,0x05,   // U+9A71 驱
            0x01,0x01,0x3D,0x04,0xA1,0x04,0xBF,0x04,0xE0,0x03,0x04,0x04,0x44,0x04,0x45,0x04,0xFE,0x07,0x44,0x04,0x44,0x04,0x44,0x04,   // U+9A7B 驻
            0x3F,0x01,0xA1,0x04,0xBF,0x04,0xE0,0x03,0x08,0x04,0xC4,0x05,0x13,0x04,0xD1,0x05,0x12,0x07,0xD4,0x04,0x28,0x04,0x08,0x04,   // U+9A8C 验
            0x00,0x01,0x3F,0x04,0xA1,0x04,0xFF,0x03,0x00,0x00,0xFE,0x07,0xAA,0x00,0xEA,0x03,0xAB,0x00,0xEA,0x07,0xAA,0x04,0xEE,0x07,   // U+9A97 骗
            0x3F,0x01,0x21,0x04,0xBF,0x04,0xE0,0x03,0x5F,0x00,0x55,0x01,0x55,0x02,0xCF,0x0F,0x4B,0x01,0x45,0x03,0x45,0x04,0x93,0x04,   // U+9AA4 骤
            0x3F,0x00,0xD5,0x07,0x5D,0x01,0x51,0x05,0xDF,0x07,0x3E,0x04,0xEA,0x02,0xFE,0x01,0x2B,0x07,0x3E,0x04,0xEA,0x04,0x0E,0x03,   // U+9ACB 髋
            0x02,0x00,0xE2,0x07,0x2E,0x00,0xAA,0x03,0xAA,0x02,0xAA,0x02,0xAB,0x02,0xAA,0x02,0xAA,0x07,0x2E,0x04,0xE2,0x07,0x02,0x00,   // U+9AD8 高
            0x00,0x06,0xFE,0x01,0x2A,0x00,0xDA,0x01,0x7E,0x01,0x6A,0x01,0xEB,0x07,0x5A,0x07,0x7E,0x05,0xCA,0x07,0x0A,0x02,0x00,0x00,   // U+9B54 魔
            0x00,0x00,0xFE,0x01,0x02,0x01,0xFE,0x01,0x00,0x01,0x7E,0x01,0x42,0x01,0x47,0x05,0x52,0x05,0x52,0x04,0xCE,0x07,0x00,0x00,   // U+9E23 鸣
            0x22,0x01,0xAA,0x05,0xAA,0x04,0xEA,0x05,0xAA,0x02,0xBF,0x02,0xAA,0x02,0xAA,0x05,0xAA,0x04,0x2A,0x04,0x22,0x04,0x00,0x00,   // U+9EA6 麦
            0x00,0x06,0xFE,0x01,0x22,0x01,0xE2,0x00,0xFA,0x07,0xA2,0x00,0x23,0x01,0xE2,0x00,0xFA,0x07,0xA2,0x00,0x22,0x01,0x00,0x00,   // U+9EBB 麻
            0x0A,0x04,0xEA,0x07,0xAA,0x02,0xAF,0x02,0xAA,0x02,0xFA,0x03,0xAA,0x02,0xAF,0x02,0xAA,0x02,0xEA,0x07,0x0A,0x04,0x00,0x00,   // U+9EC4 黄
            0x95,0x00,0x95,0x02,0x0D,0x02,0x5F,0x01,0xAD,0x05,0xE1,0x07,0x16,0x01,0xAB,0x01,0x56,0x00,0x52,0x02,0x8E,0x02,0x80,0x00,   // U+9ECE 黎
            0x80,0x04,0xAF,0x02,0xA9,0x00,0xAB,0x02,0xAD,0x04,0xA9,0x00,0xFF,0x02,0xAD,0x04,0xAB,0x00,0xA9,0x02,0xAF,0x06,0x80,0x04,   // U+9ED1 黑
            0x00,0x05,0x5F,0x03,0x55,0x03,0xFF,0x07,0x55,0x02,0x5F,0x02,0x08,0x04,0x88,0x03,0x7F,0x00,0xC9,0x00,0x08,0x03,0x0A,0x04,   // U+9ED8 默
            0xEA,0x05,0xAA,0x06,0xAF,0x02,0xAA,0x02,0xEA,0x03,0x14,0x04,0x74,0x00,0x9F,0x02,0x14,0x01,0xD4,0x02,0x30,0x04,0x00,0x00,   // U+9F13 鼓
            0xFE,0x07,0xAA,0x04,0x28,0x02,0x29,0x03,0xE1,0x07,0xA8,0x04,0x2A,0x02,0x2A,0x03,0xFE,0x03,0x00,0x06,0x00,0x07,0x00,0x00,   // U+9F20 鼠
            0x22,0x04,0x22,0x04,0x26,0x02,0xCA,0x01,0x1A,0x00,0x13,0x00,0x1B,0x00,0x0A,0x00,0x26,0x00,0xE2,0x07,0x22,0x00,0x22,0x00,   // U+9F50 齐
            0x08,0x00,0xF8,0x07,0x0E,0x05,0x08,0x05,0x88,0x04,0xC8,0x04,0x6F,0x04,0x8A,0x04,0x8A,0x04,0x0A,0x05,0xFA,0x03,0x08,0x00,   // U+9F7F 齿
            0x00,0x00,0x00,0x00,0x00,0x00,0x00,0x00,0x00,0x00,0x7E,0x02,0x7E,0x02,0x00,0x00,0x00,0x00,0x00,0x00,0x00,0x00,0x00,0x00,   // U+FF01 ！
            0x00,0x00,0x00,0x00,0x00,0x00,0x00,0x00,0xF8,0x00,0x06,0x03,0x01,0x04,0x00,0x00,0x00,0x00,0x00,0x00,0x00,0x00,0x00,0x00,   // U+FF08 （
            0x00,0x00,0x00,0x00,0x00,0x00,0x00,0x00,0x01,0x04,0x06,0x03,0xF8,0x00,0x00,0x00,0x00,0x00,0x00,0x00,0x00,0x00,0x00,0x00,   // U+FF09 ）
            0x00,0x00,0x00,0x00,0x20,0x00,0x20,0x00,0x20,0x00,0xF8,0x01,0x20,0x00,0x20,0x00,0x20,0x00,0x00,0x00,0x00,0x00,0x00,0x00,   // U+FF0B ＋
            0x00,0x00,0x00,0x00,0x00,0x00,0x00,0x00,0x00,0x00,0x60,0x00,0x10,0x00,0x00,0x00,0x00,0x00,0x00,0x00,0x00,0x00,0x00,0x00,   // U+FF0C ，
            0x00,0x00,0x00,0x00,0x00,0x00,0x00,0x04,0x80,0x03,0x70,0x00,0x0E,0x00,0x01,0x00,0x00,0x00,0x00,0x00,0x00,0x00,0x00,0x00,   // U+FF0F ／
            0x00,0x00,0x00,0x00,0x00,0x00,0x00,0x00,0x00,0x00,0x08,0x01,0x08,0x01,0x00,0x00,0x00,0x00,0x00,0x00,0x00,0x00,0x00,0x00,   // U+FF1A ：
            0x00,0x00,0x00,0x00,0x00,0x00,0x00,0x00,0x00,0x00,0x84,0x01,0x44,0x00,0x00,0x00,0x00,0x00,0x00,0x00,0x00,0x00,0x00,0x00,   // U+FF1B ；
            0x00,0x00,0x00,0x00,0x00,0x00,0x04,0x00,0x42,0x02,0x22,0x02,0x16,0x00,0x0C,0x00,0x00,0x00,0x00,0x00,0x00,0x00,0x00,0x00,   // U+FF1F ？
            0x00,0x00,0x00,0x00,0x00,0x00,0x40,0x00,0x20,0x00,0x20,0x00,0x40,0x00,0x40,0x00,0x20,0x00,0x00,0x00,0x00,0x00,0x00,0x00,   // U+FF5E ～
        };
        System.arraycopy(part, 0, DATA, 1536 * BYTES_PER_GLYPH, part.length);
    }


    private CjkFont() {
    }

    /** 该字符是否有已烘焙的字形。 */
    public static boolean has(char ch) {
        return indexOf(ch) >= 0;
    }

    /**
     * 该字符第 {@code column} 列、第 {@code row} 行是否点亮。
     *
     * <p>越界或未烘焙一律返回 {@code false}：未烘焙字符渲染为空白，不回落 {@code '?'} ——
     * 空白的字形一眼就能看出来，而一个顶替上去的 {@code '?'} 会被当成普通的文案问题漏过去。
     */
    public static boolean pixel(char ch, int column, int row) {
        if (column < 0 || column >= COLS || row < 0 || row >= ROWS) {
            return false;
        }
        int index = indexOf(ch);
        if (index < 0) {
            return false;
        }
        int offset = index * (COLS * BYTES_PER_COL) + column * BYTES_PER_COL + (row >> 3);
        return ((DATA[offset] & 0xFF) >> (row & 7) & 1) != 0;
    }

    public static int glyphCount() {
        return GLYPH_COUNT;
    }

    /** 已烘焙字符集，升序、去重。 */
    public static String charset() {
        return CHARSET;
    }

    /** 生成时用的字体与字号（供报告/日志引用）。 */
    public static String sourceFont() {
        return SOURCE_FONT;
    }

    /** 在升序的 {@link #CHARSET} 上二分查找，未烘焙返回 -1。 */
    private static int indexOf(char ch) {
        int low = 0;
        int high = CHARSET.length() - 1;
        while (low <= high) {
            int mid = (low + high) >>> 1;
            char current = CHARSET.charAt(mid);
            if (current == ch) {
                return mid;
            }
            if (current < ch) {
                low = mid + 1;
            } else {
                high = mid - 1;
            }
        }
        return -1;
    }
}